SET session_replication_role = replica;

--
-- PostgreSQL database dump
--

-- Dumped from database version 15.8
-- Dumped by pg_dump version 15.8

SET statement_timeout = 0;
SET lock_timeout = 0;
SET idle_in_transaction_session_timeout = 0;
SET client_encoding = 'UTF8';
SET standard_conforming_strings = on;
SELECT pg_catalog.set_config('search_path', '', false);
SET check_function_bodies = false;
SET xmloption = content;
SET client_min_messages = warning;
SET row_security = off;

--
-- Data for Name: audit_log_entries; Type: TABLE DATA; Schema: auth; Owner: supabase_auth_admin
--

INSERT INTO "auth"."audit_log_entries" ("instance_id", "id", "payload", "created_at", "ip_address") VALUES
	('00000000-0000-0000-0000-000000000000', 'bb0a2ab5-2ffa-40aa-9438-8f988f5b00b1', '{"action":"user_signedup","actor_id":"00000000-0000-0000-0000-000000000000","actor_username":"service_role","actor_via_sso":false,"log_type":"team","traits":{"user_email":"testuser@authorsinfo.com","user_id":"1cd12917-899d-4676-a2bc-cad281a68c36","user_phone":""}}', '2025-07-03 09:15:12.886465+00', ''),
	('00000000-0000-0000-0000-000000000000', 'f56c5d03-61ac-4e20-9f6f-ecaeb99e0fcf', '{"action":"login","actor_id":"e06cdf85-b449-4dcb-b943-068aaad8cfa3","actor_username":"alice.anderson@authorsinfo.com","actor_via_sso":false,"log_type":"account","traits":{"provider":"email"}}', '2025-07-04 03:29:05.298196+00', ''),
	('00000000-0000-0000-0000-000000000000', '1dcd56d0-591c-4120-9bf2-0df7d3923279', '{"action":"token_refreshed","actor_id":"e06cdf85-b449-4dcb-b943-068aaad8cfa3","actor_username":"alice.anderson@authorsinfo.com","actor_via_sso":false,"log_type":"token"}', '2025-07-04 05:05:30.208926+00', ''),
	('00000000-0000-0000-0000-000000000000', '5f7f838c-f473-49cf-91b6-34bbc080fe10', '{"action":"token_revoked","actor_id":"e06cdf85-b449-4dcb-b943-068aaad8cfa3","actor_username":"alice.anderson@authorsinfo.com","actor_via_sso":false,"log_type":"token"}', '2025-07-04 05:05:30.21513+00', ''),
	('00000000-0000-0000-0000-000000000000', '2a506025-176e-47da-b16e-43606bcbf273', '{"action":"token_refreshed","actor_id":"e06cdf85-b449-4dcb-b943-068aaad8cfa3","actor_username":"alice.anderson@authorsinfo.com","actor_via_sso":false,"log_type":"token"}', '2025-07-04 06:04:10.238547+00', ''),
	('00000000-0000-0000-0000-000000000000', 'b20d5411-0d0e-479e-9d4d-035b6a9ce032', '{"action":"token_revoked","actor_id":"e06cdf85-b449-4dcb-b943-068aaad8cfa3","actor_username":"alice.anderson@authorsinfo.com","actor_via_sso":false,"log_type":"token"}', '2025-07-04 06:04:10.240112+00', ''),
	('00000000-0000-0000-0000-000000000000', '09c2d629-f27e-44fd-8352-377fe29eda8a', '{"action":"token_refreshed","actor_id":"e06cdf85-b449-4dcb-b943-068aaad8cfa3","actor_username":"alice.anderson@authorsinfo.com","actor_via_sso":false,"log_type":"token"}', '2025-07-04 08:45:57.179423+00', ''),
	('00000000-0000-0000-0000-000000000000', 'b72f0be9-7d87-44a1-8ccf-b11674fe8af1', '{"action":"token_refreshed","actor_id":"e06cdf85-b449-4dcb-b943-068aaad8cfa3","actor_username":"alice.anderson@authorsinfo.com","actor_via_sso":false,"log_type":"token"}', '2025-07-04 08:45:57.217235+00', ''),
	('00000000-0000-0000-0000-000000000000', 'c19faa68-5ca6-48cd-9a3a-4f60e0baf50f', '{"action":"token_refreshed","actor_id":"e06cdf85-b449-4dcb-b943-068aaad8cfa3","actor_username":"alice.anderson@authorsinfo.com","actor_via_sso":false,"log_type":"token"}', '2025-07-04 09:46:42.754902+00', ''),
	('00000000-0000-0000-0000-000000000000', 'cf4f0c67-ad2e-4edb-b9f6-1bdb17d48294', '{"action":"token_revoked","actor_id":"e06cdf85-b449-4dcb-b943-068aaad8cfa3","actor_username":"alice.anderson@authorsinfo.com","actor_via_sso":false,"log_type":"token"}', '2025-07-04 09:46:42.756438+00', ''),
	('00000000-0000-0000-0000-000000000000', 'f322d0e3-0d1f-4f56-8c23-1b557cff4961', '{"action":"token_refreshed","actor_id":"e06cdf85-b449-4dcb-b943-068aaad8cfa3","actor_username":"alice.anderson@authorsinfo.com","actor_via_sso":false,"log_type":"token"}', '2025-07-04 09:46:42.79681+00', ''),
	('00000000-0000-0000-0000-000000000000', '42b645a1-27d9-4c30-983c-3340a4c909cf', '{"action":"token_refreshed","actor_id":"e06cdf85-b449-4dcb-b943-068aaad8cfa3","actor_username":"alice.anderson@authorsinfo.com","actor_via_sso":false,"log_type":"token"}', '2025-07-04 09:48:27.566621+00', ''),
	('00000000-0000-0000-0000-000000000000', '950c23dc-7641-4e03-b601-e7c844a7ee84', '{"action":"token_refreshed","actor_id":"e06cdf85-b449-4dcb-b943-068aaad8cfa3","actor_username":"alice.anderson@authorsinfo.com","actor_via_sso":false,"log_type":"token"}', '2025-07-04 10:46:32.58575+00', ''),
	('00000000-0000-0000-0000-000000000000', '3b6f2033-91ad-45d5-bf63-2586627c5d1e', '{"action":"token_revoked","actor_id":"e06cdf85-b449-4dcb-b943-068aaad8cfa3","actor_username":"alice.anderson@authorsinfo.com","actor_via_sso":false,"log_type":"token"}', '2025-07-04 10:46:32.591827+00', ''),
	('00000000-0000-0000-0000-000000000000', '65e006f7-f291-4069-be70-f9361455a854', '{"action":"token_refreshed","actor_id":"e06cdf85-b449-4dcb-b943-068aaad8cfa3","actor_username":"alice.anderson@authorsinfo.com","actor_via_sso":false,"log_type":"token"}', '2025-07-04 11:44:35.053054+00', ''),
	('00000000-0000-0000-0000-000000000000', '4d372775-76af-44ce-827a-f1e23515952d', '{"action":"token_revoked","actor_id":"e06cdf85-b449-4dcb-b943-068aaad8cfa3","actor_username":"alice.anderson@authorsinfo.com","actor_via_sso":false,"log_type":"token"}', '2025-07-04 11:44:35.066021+00', ''),
	('00000000-0000-0000-0000-000000000000', '7f3f0af5-d226-4ead-85d7-4c8026d967f1', '{"action":"token_refreshed","actor_id":"e06cdf85-b449-4dcb-b943-068aaad8cfa3","actor_username":"alice.anderson@authorsinfo.com","actor_via_sso":false,"log_type":"token"}', '2025-07-04 12:45:26.220451+00', ''),
	('00000000-0000-0000-0000-000000000000', 'a5bc7cef-ea62-41a9-b58d-63fbd2f8fe94', '{"action":"token_revoked","actor_id":"e06cdf85-b449-4dcb-b943-068aaad8cfa3","actor_username":"alice.anderson@authorsinfo.com","actor_via_sso":false,"log_type":"token"}', '2025-07-04 12:45:26.224306+00', ''),
	('00000000-0000-0000-0000-000000000000', '80784961-5f0a-4ea6-bcb6-13d761d5f8fc', '{"action":"token_refreshed","actor_id":"e06cdf85-b449-4dcb-b943-068aaad8cfa3","actor_username":"alice.anderson@authorsinfo.com","actor_via_sso":false,"log_type":"token"}', '2025-07-04 12:45:32.815799+00', ''),
	('00000000-0000-0000-0000-000000000000', '15eba893-9ed3-4f3c-9b67-c85c126abd2c', '{"action":"token_refreshed","actor_id":"e06cdf85-b449-4dcb-b943-068aaad8cfa3","actor_username":"alice.anderson@authorsinfo.com","actor_via_sso":false,"log_type":"token"}', '2025-07-04 13:44:12.253792+00', ''),
	('00000000-0000-0000-0000-000000000000', 'de60c48f-5378-4622-95fb-7c1a35267c77', '{"action":"token_revoked","actor_id":"e06cdf85-b449-4dcb-b943-068aaad8cfa3","actor_username":"alice.anderson@authorsinfo.com","actor_via_sso":false,"log_type":"token"}', '2025-07-04 13:44:12.255912+00', ''),
	('00000000-0000-0000-0000-000000000000', 'f5523eac-fa23-48aa-97db-c258f8f56316', '{"action":"token_refreshed","actor_id":"e06cdf85-b449-4dcb-b943-068aaad8cfa3","actor_username":"alice.anderson@authorsinfo.com","actor_via_sso":false,"log_type":"token"}', '2025-07-04 13:44:39.972344+00', ''),
	('00000000-0000-0000-0000-000000000000', '19104a87-c675-4a4a-8c9a-cd23fad22a22', '{"action":"token_refreshed","actor_id":"e06cdf85-b449-4dcb-b943-068aaad8cfa3","actor_username":"alice.anderson@authorsinfo.com","actor_via_sso":false,"log_type":"token"}', '2025-07-05 00:09:15.091341+00', ''),
	('00000000-0000-0000-0000-000000000000', '5bdd838d-66a2-4f93-bc7e-9dc7079406a9', '{"action":"token_revoked","actor_id":"e06cdf85-b449-4dcb-b943-068aaad8cfa3","actor_username":"alice.anderson@authorsinfo.com","actor_via_sso":false,"log_type":"token"}', '2025-07-05 00:09:15.115499+00', ''),
	('00000000-0000-0000-0000-000000000000', '6c77a1fb-3a53-46ac-a812-c64148cb748d', '{"action":"token_refreshed","actor_id":"e06cdf85-b449-4dcb-b943-068aaad8cfa3","actor_username":"alice.anderson@authorsinfo.com","actor_via_sso":false,"log_type":"token"}', '2025-07-05 02:54:01.96168+00', ''),
	('00000000-0000-0000-0000-000000000000', '3f74dd61-09b7-476b-be26-975bffc2983e', '{"action":"token_refreshed","actor_id":"e06cdf85-b449-4dcb-b943-068aaad8cfa3","actor_username":"alice.anderson@authorsinfo.com","actor_via_sso":false,"log_type":"token"}', '2025-07-05 05:38:52.102704+00', ''),
	('00000000-0000-0000-0000-000000000000', '9405becb-8c17-412f-8411-09dc4cf7fa15', '{"action":"token_revoked","actor_id":"e06cdf85-b449-4dcb-b943-068aaad8cfa3","actor_username":"alice.anderson@authorsinfo.com","actor_via_sso":false,"log_type":"token"}', '2025-07-05 05:38:52.109156+00', ''),
	('00000000-0000-0000-0000-000000000000', '299d3e79-932f-4224-af3c-4d8a15df2d62', '{"action":"token_refreshed","actor_id":"e06cdf85-b449-4dcb-b943-068aaad8cfa3","actor_username":"alice.anderson@authorsinfo.com","actor_via_sso":false,"log_type":"token"}', '2025-07-05 06:38:53.648683+00', ''),
	('00000000-0000-0000-0000-000000000000', '4d0207d7-2d4a-45d4-9e44-b3d19b102a7e', '{"action":"token_revoked","actor_id":"e06cdf85-b449-4dcb-b943-068aaad8cfa3","actor_username":"alice.anderson@authorsinfo.com","actor_via_sso":false,"log_type":"token"}', '2025-07-05 06:38:53.656081+00', ''),
	('00000000-0000-0000-0000-000000000000', 'dc20fae2-f051-446e-bf93-9b6292f053b9', '{"action":"token_refreshed","actor_id":"e06cdf85-b449-4dcb-b943-068aaad8cfa3","actor_username":"alice.anderson@authorsinfo.com","actor_via_sso":false,"log_type":"token"}', '2025-07-05 14:08:58.721359+00', ''),
	('00000000-0000-0000-0000-000000000000', 'a94227fb-7b9a-497a-9b0b-35f58c31593f', '{"action":"token_refreshed","actor_id":"e06cdf85-b449-4dcb-b943-068aaad8cfa3","actor_username":"alice.anderson@authorsinfo.com","actor_via_sso":false,"log_type":"token"}', '2025-07-06 02:27:32.312121+00', ''),
	('00000000-0000-0000-0000-000000000000', '3c03dc5b-3ebf-4bf3-a44f-ad1253881f43', '{"action":"token_revoked","actor_id":"e06cdf85-b449-4dcb-b943-068aaad8cfa3","actor_username":"alice.anderson@authorsinfo.com","actor_via_sso":false,"log_type":"token"}', '2025-07-06 02:27:32.319234+00', ''),
	('00000000-0000-0000-0000-000000000000', '893bb7d0-02cc-48e3-accb-bd89b4e418f0', '{"action":"token_refreshed","actor_id":"e06cdf85-b449-4dcb-b943-068aaad8cfa3","actor_username":"alice.anderson@authorsinfo.com","actor_via_sso":false,"log_type":"token"}', '2025-07-06 03:25:34.207956+00', ''),
	('00000000-0000-0000-0000-000000000000', 'afef9aa1-13ee-4890-b8e7-8b7757551427', '{"action":"token_revoked","actor_id":"e06cdf85-b449-4dcb-b943-068aaad8cfa3","actor_username":"alice.anderson@authorsinfo.com","actor_via_sso":false,"log_type":"token"}', '2025-07-06 03:25:34.211237+00', ''),
	('00000000-0000-0000-0000-000000000000', 'aad7a99a-4cad-4f39-8865-6b5943448aea', '{"action":"token_refreshed","actor_id":"e06cdf85-b449-4dcb-b943-068aaad8cfa3","actor_username":"alice.anderson@authorsinfo.com","actor_via_sso":false,"log_type":"token"}', '2025-07-06 04:24:30.46984+00', ''),
	('00000000-0000-0000-0000-000000000000', '88888e85-49cb-4948-aeae-6e348e8e83c9', '{"action":"token_revoked","actor_id":"e06cdf85-b449-4dcb-b943-068aaad8cfa3","actor_username":"alice.anderson@authorsinfo.com","actor_via_sso":false,"log_type":"token"}', '2025-07-06 04:24:30.474775+00', ''),
	('00000000-0000-0000-0000-000000000000', 'af81cc26-4dbe-4c76-82c8-2800c3f65be6', '{"action":"logout","actor_id":"e06cdf85-b449-4dcb-b943-068aaad8cfa3","actor_username":"alice.anderson@authorsinfo.com","actor_via_sso":false,"log_type":"account"}', '2025-07-06 04:41:33.06561+00', ''),
	('00000000-0000-0000-0000-000000000000', '130938e1-dbe6-41ae-88c8-d30ea4ef8822', '{"action":"login","actor_id":"e06cdf85-b449-4dcb-b943-068aaad8cfa3","actor_username":"alice.anderson@authorsinfo.com","actor_via_sso":false,"log_type":"account","traits":{"provider":"email"}}', '2025-07-06 04:42:10.536377+00', ''),
	('00000000-0000-0000-0000-000000000000', '5fa7a45d-c737-4608-a678-6948d4c63869', '{"action":"token_refreshed","actor_id":"e06cdf85-b449-4dcb-b943-068aaad8cfa3","actor_username":"alice.anderson@authorsinfo.com","actor_via_sso":false,"log_type":"token"}', '2025-07-06 06:46:51.889555+00', ''),
	('00000000-0000-0000-0000-000000000000', '44a2b6d4-65f6-4084-bae4-c03b7ca384d5', '{"action":"token_revoked","actor_id":"e06cdf85-b449-4dcb-b943-068aaad8cfa3","actor_username":"alice.anderson@authorsinfo.com","actor_via_sso":false,"log_type":"token"}', '2025-07-06 06:46:51.89542+00', ''),
	('00000000-0000-0000-0000-000000000000', 'e3aef895-98ff-4473-9e95-df5af9eb4e8d', '{"action":"token_refreshed","actor_id":"e06cdf85-b449-4dcb-b943-068aaad8cfa3","actor_username":"alice.anderson@authorsinfo.com","actor_via_sso":false,"log_type":"token"}', '2025-07-06 18:51:33.462313+00', ''),
	('00000000-0000-0000-0000-000000000000', '3ee12294-ef19-4882-9227-02f1bc875bd5', '{"action":"token_revoked","actor_id":"e06cdf85-b449-4dcb-b943-068aaad8cfa3","actor_username":"alice.anderson@authorsinfo.com","actor_via_sso":false,"log_type":"token"}', '2025-07-06 18:51:33.475586+00', ''),
	('00000000-0000-0000-0000-000000000000', '4c8d859e-8a5f-4553-a6cb-71ed62710c90', '{"action":"token_refreshed","actor_id":"e06cdf85-b449-4dcb-b943-068aaad8cfa3","actor_username":"alice.anderson@authorsinfo.com","actor_via_sso":false,"log_type":"token"}', '2025-07-06 18:51:33.879516+00', ''),
	('00000000-0000-0000-0000-000000000000', '825f820c-57b1-4488-b52f-d31722c99f79', '{"action":"token_refreshed","actor_id":"e06cdf85-b449-4dcb-b943-068aaad8cfa3","actor_username":"alice.anderson@authorsinfo.com","actor_via_sso":false,"log_type":"token"}', '2025-07-06 19:59:43.077022+00', ''),
	('00000000-0000-0000-0000-000000000000', '2a3c694d-ad37-43b8-9146-5a1027967eec', '{"action":"token_revoked","actor_id":"e06cdf85-b449-4dcb-b943-068aaad8cfa3","actor_username":"alice.anderson@authorsinfo.com","actor_via_sso":false,"log_type":"token"}', '2025-07-06 19:59:43.079316+00', ''),
	('00000000-0000-0000-0000-000000000000', '460b68a6-66d9-4052-8d1c-d94374aae72c', '{"action":"token_refreshed","actor_id":"e06cdf85-b449-4dcb-b943-068aaad8cfa3","actor_username":"alice.anderson@authorsinfo.com","actor_via_sso":false,"log_type":"token"}', '2025-07-06 21:09:41.231559+00', ''),
	('00000000-0000-0000-0000-000000000000', 'c3f767e6-1902-4b9a-8cbf-afa19bd7ce53', '{"action":"token_revoked","actor_id":"e06cdf85-b449-4dcb-b943-068aaad8cfa3","actor_username":"alice.anderson@authorsinfo.com","actor_via_sso":false,"log_type":"token"}', '2025-07-06 21:09:41.237991+00', ''),
	('00000000-0000-0000-0000-000000000000', 'e66e6da7-50e6-4e86-a014-567c5519908b', '{"action":"token_refreshed","actor_id":"e06cdf85-b449-4dcb-b943-068aaad8cfa3","actor_username":"alice.anderson@authorsinfo.com","actor_via_sso":false,"log_type":"token"}', '2025-07-06 22:13:44.516854+00', ''),
	('00000000-0000-0000-0000-000000000000', '18e6bdda-8173-463f-b04b-5a375a4d29bb', '{"action":"token_revoked","actor_id":"e06cdf85-b449-4dcb-b943-068aaad8cfa3","actor_username":"alice.anderson@authorsinfo.com","actor_via_sso":false,"log_type":"token"}', '2025-07-06 22:13:44.523651+00', ''),
	('00000000-0000-0000-0000-000000000000', 'a7112359-7c5c-45f3-bafc-a2df0600d1ae', '{"action":"token_refreshed","actor_id":"e06cdf85-b449-4dcb-b943-068aaad8cfa3","actor_username":"alice.anderson@authorsinfo.com","actor_via_sso":false,"log_type":"token"}', '2025-07-07 02:56:37.637556+00', ''),
	('00000000-0000-0000-0000-000000000000', '2d5eec03-f14b-4032-98a5-f980ccad51a5', '{"action":"token_revoked","actor_id":"e06cdf85-b449-4dcb-b943-068aaad8cfa3","actor_username":"alice.anderson@authorsinfo.com","actor_via_sso":false,"log_type":"token"}', '2025-07-07 02:56:37.643716+00', ''),
	('00000000-0000-0000-0000-000000000000', 'fb1a958a-1f28-48df-b3bd-9e30568f6522', '{"action":"token_refreshed","actor_id":"e06cdf85-b449-4dcb-b943-068aaad8cfa3","actor_username":"alice.anderson@authorsinfo.com","actor_via_sso":false,"log_type":"token"}', '2025-07-07 03:57:36.836495+00', ''),
	('00000000-0000-0000-0000-000000000000', '896cd26d-1039-4725-a95f-4be0693494a0', '{"action":"token_revoked","actor_id":"e06cdf85-b449-4dcb-b943-068aaad8cfa3","actor_username":"alice.anderson@authorsinfo.com","actor_via_sso":false,"log_type":"token"}', '2025-07-07 03:57:36.843841+00', ''),
	('00000000-0000-0000-0000-000000000000', '74f016a8-2316-4313-b426-d7b1c017ad71', '{"action":"token_refreshed","actor_id":"e06cdf85-b449-4dcb-b943-068aaad8cfa3","actor_username":"alice.anderson@authorsinfo.com","actor_via_sso":false,"log_type":"token"}', '2025-07-07 05:12:54.75548+00', ''),
	('00000000-0000-0000-0000-000000000000', '1a3e269d-6996-4fa9-b804-1996f2b32380', '{"action":"token_revoked","actor_id":"e06cdf85-b449-4dcb-b943-068aaad8cfa3","actor_username":"alice.anderson@authorsinfo.com","actor_via_sso":false,"log_type":"token"}', '2025-07-07 05:12:54.766659+00', ''),
	('00000000-0000-0000-0000-000000000000', 'd9f9fa49-acae-4eb2-87ed-00a6c22b112e', '{"action":"token_refreshed","actor_id":"e06cdf85-b449-4dcb-b943-068aaad8cfa3","actor_username":"alice.anderson@authorsinfo.com","actor_via_sso":false,"log_type":"token"}', '2025-07-07 06:20:49.2496+00', ''),
	('00000000-0000-0000-0000-000000000000', '86e1eb60-b600-4623-bef2-d4daf2994341', '{"action":"token_revoked","actor_id":"e06cdf85-b449-4dcb-b943-068aaad8cfa3","actor_username":"alice.anderson@authorsinfo.com","actor_via_sso":false,"log_type":"token"}', '2025-07-07 06:20:49.260651+00', ''),
	('00000000-0000-0000-0000-000000000000', '6b0ff5e4-fba2-4f17-9eb5-6283e738dfad', '{"action":"token_refreshed","actor_id":"e06cdf85-b449-4dcb-b943-068aaad8cfa3","actor_username":"alice.anderson@authorsinfo.com","actor_via_sso":false,"log_type":"token"}', '2025-07-07 07:25:01.445431+00', ''),
	('00000000-0000-0000-0000-000000000000', 'c2a2d702-14c1-4624-b270-fe56c5e48eba', '{"action":"token_revoked","actor_id":"e06cdf85-b449-4dcb-b943-068aaad8cfa3","actor_username":"alice.anderson@authorsinfo.com","actor_via_sso":false,"log_type":"token"}', '2025-07-07 07:25:01.459853+00', ''),
	('00000000-0000-0000-0000-000000000000', '5ecd4b14-54b7-4d71-89db-ac770bf01245', '{"action":"logout","actor_id":"e06cdf85-b449-4dcb-b943-068aaad8cfa3","actor_username":"alice.anderson@authorsinfo.com","actor_via_sso":false,"log_type":"account"}', '2025-07-07 07:36:24.477083+00', ''),
	('00000000-0000-0000-0000-000000000000', '95809ca9-6d3d-4204-885f-6bcca86b1fb0', '{"action":"login","actor_id":"e06cdf85-b449-4dcb-b943-068aaad8cfa3","actor_username":"alice.anderson@authorsinfo.com","actor_via_sso":false,"log_type":"account","traits":{"provider":"email"}}', '2025-07-07 07:52:29.54858+00', ''),
	('00000000-0000-0000-0000-000000000000', '401a7752-4290-4bfe-a789-cdef5f56e565', '{"action":"logout","actor_id":"e06cdf85-b449-4dcb-b943-068aaad8cfa3","actor_username":"alice.anderson@authorsinfo.com","actor_via_sso":false,"log_type":"account"}', '2025-07-07 08:24:12.044334+00', ''),
	('00000000-0000-0000-0000-000000000000', '35c97fd4-b29b-4f13-84bc-ccaeeb19dc45', '{"action":"login","actor_id":"e06cdf85-b449-4dcb-b943-068aaad8cfa3","actor_username":"alice.anderson@authorsinfo.com","actor_via_sso":false,"log_type":"account","traits":{"provider":"email"}}', '2025-07-07 08:24:35.284594+00', ''),
	('00000000-0000-0000-0000-000000000000', '51996911-d402-4180-861d-32d0c23a2d3b', '{"action":"logout","actor_id":"e06cdf85-b449-4dcb-b943-068aaad8cfa3","actor_username":"alice.anderson@authorsinfo.com","actor_via_sso":false,"log_type":"account"}', '2025-07-07 08:54:57.718113+00', ''),
	('00000000-0000-0000-0000-000000000000', '48ba4d7b-1e29-417e-bb9b-45a4109674f2', '{"action":"login","actor_id":"e06cdf85-b449-4dcb-b943-068aaad8cfa3","actor_username":"alice.anderson@authorsinfo.com","actor_via_sso":false,"log_type":"account","traits":{"provider":"email"}}', '2025-07-07 08:55:58.974216+00', ''),
	('00000000-0000-0000-0000-000000000000', 'c690d5eb-fe68-4129-aa4e-5f0abaa8afc9', '{"action":"token_refreshed","actor_id":"e06cdf85-b449-4dcb-b943-068aaad8cfa3","actor_username":"alice.anderson@authorsinfo.com","actor_via_sso":false,"log_type":"token"}', '2025-07-07 17:27:35.580127+00', ''),
	('00000000-0000-0000-0000-000000000000', '13bf14a5-9550-4d56-b88d-a2823e84d28b', '{"action":"token_revoked","actor_id":"e06cdf85-b449-4dcb-b943-068aaad8cfa3","actor_username":"alice.anderson@authorsinfo.com","actor_via_sso":false,"log_type":"token"}', '2025-07-07 17:27:35.589464+00', ''),
	('00000000-0000-0000-0000-000000000000', 'd8a7c3c4-f9bf-4df9-a3f3-e5cd9cf71f9a', '{"action":"token_refreshed","actor_id":"e06cdf85-b449-4dcb-b943-068aaad8cfa3","actor_username":"alice.anderson@authorsinfo.com","actor_via_sso":false,"log_type":"token"}', '2025-07-07 19:09:04.090907+00', ''),
	('00000000-0000-0000-0000-000000000000', 'c96d7080-f178-4016-9065-6ceb5010d444', '{"action":"token_revoked","actor_id":"e06cdf85-b449-4dcb-b943-068aaad8cfa3","actor_username":"alice.anderson@authorsinfo.com","actor_via_sso":false,"log_type":"token"}', '2025-07-07 19:09:04.097221+00', ''),
	('00000000-0000-0000-0000-000000000000', '806e394f-9df7-4320-823d-3b0fefd4545a', '{"action":"token_refreshed","actor_id":"e06cdf85-b449-4dcb-b943-068aaad8cfa3","actor_username":"alice.anderson@authorsinfo.com","actor_via_sso":false,"log_type":"token"}', '2025-07-07 20:20:50.17264+00', ''),
	('00000000-0000-0000-0000-000000000000', 'e878a335-42c8-4289-81da-c09a930c2947', '{"action":"token_revoked","actor_id":"e06cdf85-b449-4dcb-b943-068aaad8cfa3","actor_username":"alice.anderson@authorsinfo.com","actor_via_sso":false,"log_type":"token"}', '2025-07-07 20:20:50.180055+00', ''),
	('00000000-0000-0000-0000-000000000000', '09879ed5-377d-4fa7-877f-508091d391d9', '{"action":"token_refreshed","actor_id":"e06cdf85-b449-4dcb-b943-068aaad8cfa3","actor_username":"alice.anderson@authorsinfo.com","actor_via_sso":false,"log_type":"token"}', '2025-07-07 21:19:19.584622+00', ''),
	('00000000-0000-0000-0000-000000000000', 'eafd0b40-2648-44f0-9b10-5174b5df2c6a', '{"action":"token_revoked","actor_id":"e06cdf85-b449-4dcb-b943-068aaad8cfa3","actor_username":"alice.anderson@authorsinfo.com","actor_via_sso":false,"log_type":"token"}', '2025-07-07 21:19:19.590049+00', ''),
	('00000000-0000-0000-0000-000000000000', '2ab6aedc-7f5b-4011-b10c-1aba321a5769', '{"action":"token_refreshed","actor_id":"e06cdf85-b449-4dcb-b943-068aaad8cfa3","actor_username":"alice.anderson@authorsinfo.com","actor_via_sso":false,"log_type":"token"}', '2025-07-07 22:17:49.883588+00', ''),
	('00000000-0000-0000-0000-000000000000', '831420c6-b4d0-4f85-991e-8b2aa8c8b81e', '{"action":"token_revoked","actor_id":"e06cdf85-b449-4dcb-b943-068aaad8cfa3","actor_username":"alice.anderson@authorsinfo.com","actor_via_sso":false,"log_type":"token"}', '2025-07-07 22:17:49.893708+00', ''),
	('00000000-0000-0000-0000-000000000000', '2c8dcb05-9bba-494b-81bc-ede0ad6d9183', '{"action":"token_refreshed","actor_id":"e06cdf85-b449-4dcb-b943-068aaad8cfa3","actor_username":"alice.anderson@authorsinfo.com","actor_via_sso":false,"log_type":"token"}', '2025-07-07 23:35:48.178881+00', ''),
	('00000000-0000-0000-0000-000000000000', '2294bb93-303f-4f06-83c1-45dd13b698f5', '{"action":"token_revoked","actor_id":"e06cdf85-b449-4dcb-b943-068aaad8cfa3","actor_username":"alice.anderson@authorsinfo.com","actor_via_sso":false,"log_type":"token"}', '2025-07-07 23:35:48.187536+00', ''),
	('00000000-0000-0000-0000-000000000000', '4ef1bb24-73b9-41a5-b21c-9c1f1d3fa6c1', '{"action":"token_refreshed","actor_id":"e06cdf85-b449-4dcb-b943-068aaad8cfa3","actor_username":"alice.anderson@authorsinfo.com","actor_via_sso":false,"log_type":"token"}', '2025-07-08 00:37:55.456557+00', ''),
	('00000000-0000-0000-0000-000000000000', '5fb2c92e-32c4-4d87-bfcf-c9e31694a4bb', '{"action":"token_revoked","actor_id":"e06cdf85-b449-4dcb-b943-068aaad8cfa3","actor_username":"alice.anderson@authorsinfo.com","actor_via_sso":false,"log_type":"token"}', '2025-07-08 00:37:55.464544+00', ''),
	('00000000-0000-0000-0000-000000000000', 'aa7c5fac-ddbf-4f32-a90a-7ef013b4d8fe', '{"action":"token_refreshed","actor_id":"e06cdf85-b449-4dcb-b943-068aaad8cfa3","actor_username":"alice.anderson@authorsinfo.com","actor_via_sso":false,"log_type":"token"}', '2025-07-08 00:44:32.346576+00', ''),
	('00000000-0000-0000-0000-000000000000', '8d52b232-20ad-4813-b460-79c23ef1ca49', '{"action":"token_refreshed","actor_id":"e06cdf85-b449-4dcb-b943-068aaad8cfa3","actor_username":"alice.anderson@authorsinfo.com","actor_via_sso":false,"log_type":"token"}', '2025-07-08 01:52:30.374707+00', ''),
	('00000000-0000-0000-0000-000000000000', '5133d486-6ba2-4136-ad70-b15cb3a21dfa', '{"action":"token_revoked","actor_id":"e06cdf85-b449-4dcb-b943-068aaad8cfa3","actor_username":"alice.anderson@authorsinfo.com","actor_via_sso":false,"log_type":"token"}', '2025-07-08 01:52:30.387172+00', ''),
	('00000000-0000-0000-0000-000000000000', 'e1fccb50-ad51-4aee-9506-d21033ff2720', '{"action":"token_refreshed","actor_id":"e06cdf85-b449-4dcb-b943-068aaad8cfa3","actor_username":"alice.anderson@authorsinfo.com","actor_via_sso":false,"log_type":"token"}', '2025-07-08 01:53:00.446357+00', ''),
	('00000000-0000-0000-0000-000000000000', 'd329bf3e-88d4-4711-b19c-eb419108c6b3', '{"action":"token_refreshed","actor_id":"e06cdf85-b449-4dcb-b943-068aaad8cfa3","actor_username":"alice.anderson@authorsinfo.com","actor_via_sso":false,"log_type":"token"}', '2025-07-08 02:51:38.739259+00', ''),
	('00000000-0000-0000-0000-000000000000', '262cc26b-45a3-417f-bb60-3752b2d9377d', '{"action":"token_revoked","actor_id":"e06cdf85-b449-4dcb-b943-068aaad8cfa3","actor_username":"alice.anderson@authorsinfo.com","actor_via_sso":false,"log_type":"token"}', '2025-07-08 02:51:38.745467+00', ''),
	('00000000-0000-0000-0000-000000000000', '3dc9fad7-383f-4925-830a-714095015683', '{"action":"token_refreshed","actor_id":"e06cdf85-b449-4dcb-b943-068aaad8cfa3","actor_username":"alice.anderson@authorsinfo.com","actor_via_sso":false,"log_type":"token"}', '2025-07-08 03:59:04.516012+00', ''),
	('00000000-0000-0000-0000-000000000000', '5d7032e1-a382-48d0-803e-1d5e05f93a86', '{"action":"token_revoked","actor_id":"e06cdf85-b449-4dcb-b943-068aaad8cfa3","actor_username":"alice.anderson@authorsinfo.com","actor_via_sso":false,"log_type":"token"}', '2025-07-08 03:59:04.524501+00', ''),
	('00000000-0000-0000-0000-000000000000', '35ddb65d-42e1-4890-aca6-f86050eec66a', '{"action":"token_refreshed","actor_id":"e06cdf85-b449-4dcb-b943-068aaad8cfa3","actor_username":"alice.anderson@authorsinfo.com","actor_via_sso":false,"log_type":"token"}', '2025-07-08 09:07:35.907486+00', ''),
	('00000000-0000-0000-0000-000000000000', '4a09c02c-d74a-4222-8e0d-879d2fefc135', '{"action":"token_revoked","actor_id":"e06cdf85-b449-4dcb-b943-068aaad8cfa3","actor_username":"alice.anderson@authorsinfo.com","actor_via_sso":false,"log_type":"token"}', '2025-07-08 09:07:35.91339+00', ''),
	('00000000-0000-0000-0000-000000000000', 'a824e2a5-145a-4156-9dcc-5e51d79c4aac', '{"action":"token_refreshed","actor_id":"e06cdf85-b449-4dcb-b943-068aaad8cfa3","actor_username":"alice.anderson@authorsinfo.com","actor_via_sso":false,"log_type":"token"}', '2025-07-08 10:10:51.265466+00', ''),
	('00000000-0000-0000-0000-000000000000', '2efe20a1-e9c8-4fc8-b8ef-0f57a61db541', '{"action":"token_revoked","actor_id":"e06cdf85-b449-4dcb-b943-068aaad8cfa3","actor_username":"alice.anderson@authorsinfo.com","actor_via_sso":false,"log_type":"token"}', '2025-07-08 10:10:51.275118+00', ''),
	('00000000-0000-0000-0000-000000000000', 'b7331c0b-db9c-4e6a-b13d-51b324ee58a7', '{"action":"token_refreshed","actor_id":"e06cdf85-b449-4dcb-b943-068aaad8cfa3","actor_username":"alice.anderson@authorsinfo.com","actor_via_sso":false,"log_type":"token"}', '2025-07-08 10:10:51.807935+00', ''),
	('00000000-0000-0000-0000-000000000000', '3a92fa64-8c0c-4419-9cc3-e27ab742e780', '{"action":"token_refreshed","actor_id":"e06cdf85-b449-4dcb-b943-068aaad8cfa3","actor_username":"alice.anderson@authorsinfo.com","actor_via_sso":false,"log_type":"token"}', '2025-07-08 11:12:47.355251+00', ''),
	('00000000-0000-0000-0000-000000000000', '0bfeb0a2-5e20-4532-87fd-95dc1ffafb59', '{"action":"token_revoked","actor_id":"e06cdf85-b449-4dcb-b943-068aaad8cfa3","actor_username":"alice.anderson@authorsinfo.com","actor_via_sso":false,"log_type":"token"}', '2025-07-08 11:12:47.364695+00', ''),
	('00000000-0000-0000-0000-000000000000', '0ef2face-ce99-4e25-83da-a8c5f1a5759c', '{"action":"token_refreshed","actor_id":"e06cdf85-b449-4dcb-b943-068aaad8cfa3","actor_username":"alice.anderson@authorsinfo.com","actor_via_sso":false,"log_type":"token"}', '2025-07-08 12:19:25.136881+00', ''),
	('00000000-0000-0000-0000-000000000000', '33949de7-95b8-4e54-a676-75f5133e8469', '{"action":"token_revoked","actor_id":"e06cdf85-b449-4dcb-b943-068aaad8cfa3","actor_username":"alice.anderson@authorsinfo.com","actor_via_sso":false,"log_type":"token"}', '2025-07-08 12:19:25.153211+00', ''),
	('00000000-0000-0000-0000-000000000000', 'f4bcbbe3-62b5-4a8f-9ac1-bdd78af3d032', '{"action":"token_refreshed","actor_id":"e06cdf85-b449-4dcb-b943-068aaad8cfa3","actor_username":"alice.anderson@authorsinfo.com","actor_via_sso":false,"log_type":"token"}', '2025-07-08 13:26:52.952002+00', ''),
	('00000000-0000-0000-0000-000000000000', '5902ba3a-3400-46d3-8d2f-b967722ccc16', '{"action":"token_revoked","actor_id":"e06cdf85-b449-4dcb-b943-068aaad8cfa3","actor_username":"alice.anderson@authorsinfo.com","actor_via_sso":false,"log_type":"token"}', '2025-07-08 13:26:52.963567+00', ''),
	('00000000-0000-0000-0000-000000000000', 'd243d14b-2a9c-46c1-a249-18c91c1285aa', '{"action":"token_refreshed","actor_id":"e06cdf85-b449-4dcb-b943-068aaad8cfa3","actor_username":"alice.anderson@authorsinfo.com","actor_via_sso":false,"log_type":"token"}', '2025-07-08 16:50:37.22399+00', ''),
	('00000000-0000-0000-0000-000000000000', '63c67a2c-0301-4f89-8b70-b921fba9a5a2', '{"action":"token_revoked","actor_id":"e06cdf85-b449-4dcb-b943-068aaad8cfa3","actor_username":"alice.anderson@authorsinfo.com","actor_via_sso":false,"log_type":"token"}', '2025-07-08 16:50:37.244071+00', ''),
	('00000000-0000-0000-0000-000000000000', '7734b99e-c23d-4d1e-abc7-e28cbd909d78', '{"action":"token_refreshed","actor_id":"e06cdf85-b449-4dcb-b943-068aaad8cfa3","actor_username":"alice.anderson@authorsinfo.com","actor_via_sso":false,"log_type":"token"}', '2025-07-08 17:58:24.86455+00', ''),
	('00000000-0000-0000-0000-000000000000', 'daa4a63a-f545-48b0-86c2-79f7b9e1de2b', '{"action":"token_revoked","actor_id":"e06cdf85-b449-4dcb-b943-068aaad8cfa3","actor_username":"alice.anderson@authorsinfo.com","actor_via_sso":false,"log_type":"token"}', '2025-07-08 17:58:24.875139+00', ''),
	('00000000-0000-0000-0000-000000000000', '08c8c435-d5b8-4f79-b788-2ab1477a9efb', '{"action":"token_refreshed","actor_id":"e06cdf85-b449-4dcb-b943-068aaad8cfa3","actor_username":"alice.anderson@authorsinfo.com","actor_via_sso":false,"log_type":"token"}', '2025-07-08 19:32:26.164354+00', ''),
	('00000000-0000-0000-0000-000000000000', '128a7aac-2e3a-440d-8bb0-da92be6f96e4', '{"action":"token_revoked","actor_id":"e06cdf85-b449-4dcb-b943-068aaad8cfa3","actor_username":"alice.anderson@authorsinfo.com","actor_via_sso":false,"log_type":"token"}', '2025-07-08 19:32:26.172697+00', ''),
	('00000000-0000-0000-0000-000000000000', 'f8f445a7-7eaa-48c8-9a18-69de74b6a35d', '{"action":"token_refreshed","actor_id":"e06cdf85-b449-4dcb-b943-068aaad8cfa3","actor_username":"alice.anderson@authorsinfo.com","actor_via_sso":false,"log_type":"token"}', '2025-07-08 20:57:06.829029+00', ''),
	('00000000-0000-0000-0000-000000000000', '55762c32-72e0-44b5-aca4-0faf5b2db875', '{"action":"token_refreshed","actor_id":"e06cdf85-b449-4dcb-b943-068aaad8cfa3","actor_username":"alice.anderson@authorsinfo.com","actor_via_sso":false,"log_type":"token"}', '2025-07-08 21:56:04.263256+00', ''),
	('00000000-0000-0000-0000-000000000000', '7769de82-475e-4208-b90a-946c7e8dc2cc', '{"action":"token_revoked","actor_id":"e06cdf85-b449-4dcb-b943-068aaad8cfa3","actor_username":"alice.anderson@authorsinfo.com","actor_via_sso":false,"log_type":"token"}', '2025-07-08 21:56:04.27213+00', ''),
	('00000000-0000-0000-0000-000000000000', 'e0797503-2d44-424b-92a4-61f38d2b0f9f', '{"action":"token_refreshed","actor_id":"e06cdf85-b449-4dcb-b943-068aaad8cfa3","actor_username":"alice.anderson@authorsinfo.com","actor_via_sso":false,"log_type":"token"}', '2025-07-08 23:14:58.277554+00', ''),
	('00000000-0000-0000-0000-000000000000', 'a766f664-e949-4afe-b89b-0c48cf1e331d', '{"action":"token_revoked","actor_id":"e06cdf85-b449-4dcb-b943-068aaad8cfa3","actor_username":"alice.anderson@authorsinfo.com","actor_via_sso":false,"log_type":"token"}', '2025-07-08 23:14:58.284672+00', ''),
	('00000000-0000-0000-0000-000000000000', 'c66cf851-b86c-4c9f-80dd-d1bbee163de3', '{"action":"token_refreshed","actor_id":"e06cdf85-b449-4dcb-b943-068aaad8cfa3","actor_username":"alice.anderson@authorsinfo.com","actor_via_sso":false,"log_type":"token"}', '2025-07-09 00:13:07.880797+00', ''),
	('00000000-0000-0000-0000-000000000000', '88f3fe3d-a1b7-4ce8-8aec-c589b6748817', '{"action":"token_revoked","actor_id":"e06cdf85-b449-4dcb-b943-068aaad8cfa3","actor_username":"alice.anderson@authorsinfo.com","actor_via_sso":false,"log_type":"token"}', '2025-07-09 00:13:07.89122+00', ''),
	('00000000-0000-0000-0000-000000000000', 'af841e93-4a1b-4c05-88a7-76e171391b31', '{"action":"token_refreshed","actor_id":"e06cdf85-b449-4dcb-b943-068aaad8cfa3","actor_username":"alice.anderson@authorsinfo.com","actor_via_sso":false,"log_type":"token"}', '2025-07-09 01:11:11.43246+00', ''),
	('00000000-0000-0000-0000-000000000000', 'ab3e1e80-3580-49a7-98b8-f514d46f443d', '{"action":"token_revoked","actor_id":"e06cdf85-b449-4dcb-b943-068aaad8cfa3","actor_username":"alice.anderson@authorsinfo.com","actor_via_sso":false,"log_type":"token"}', '2025-07-09 01:11:11.443993+00', ''),
	('00000000-0000-0000-0000-000000000000', '7821280f-c4b1-4357-a2c2-1cff4b6a0522', '{"action":"token_refreshed","actor_id":"e06cdf85-b449-4dcb-b943-068aaad8cfa3","actor_username":"alice.anderson@authorsinfo.com","actor_via_sso":false,"log_type":"token"}', '2025-07-09 02:09:41.141012+00', ''),
	('00000000-0000-0000-0000-000000000000', 'd04db32f-3b1a-47f4-9873-4be09b990add', '{"action":"token_revoked","actor_id":"e06cdf85-b449-4dcb-b943-068aaad8cfa3","actor_username":"alice.anderson@authorsinfo.com","actor_via_sso":false,"log_type":"token"}', '2025-07-09 02:09:41.145363+00', ''),
	('00000000-0000-0000-0000-000000000000', '8d2928b2-1617-4510-b2e3-6d1a544e1e6b', '{"action":"token_refreshed","actor_id":"e06cdf85-b449-4dcb-b943-068aaad8cfa3","actor_username":"alice.anderson@authorsinfo.com","actor_via_sso":false,"log_type":"token"}', '2025-07-09 16:47:36.046375+00', ''),
	('00000000-0000-0000-0000-000000000000', '0506cb4c-f6e1-4d6d-84fc-ff1c36eeabb1', '{"action":"token_revoked","actor_id":"e06cdf85-b449-4dcb-b943-068aaad8cfa3","actor_username":"alice.anderson@authorsinfo.com","actor_via_sso":false,"log_type":"token"}', '2025-07-09 16:47:36.056939+00', ''),
	('00000000-0000-0000-0000-000000000000', 'a4e668e5-0cf0-47d9-ae19-d38ccebb9f0c', '{"action":"login","actor_id":"e06cdf85-b449-4dcb-b943-068aaad8cfa3","actor_username":"alice.anderson@authorsinfo.com","actor_via_sso":false,"log_type":"account","traits":{"provider":"email"}}', '2025-07-13 04:17:31.27965+00', ''),
	('00000000-0000-0000-0000-000000000000', '018ccd8d-c06b-41da-8732-0c030b774994', '{"action":"token_refreshed","actor_id":"e06cdf85-b449-4dcb-b943-068aaad8cfa3","actor_username":"alice.anderson@authorsinfo.com","actor_via_sso":false,"log_type":"token"}', '2025-07-13 05:59:08.23174+00', ''),
	('00000000-0000-0000-0000-000000000000', '34327566-c3f5-447d-a826-3311d9f31052', '{"action":"token_revoked","actor_id":"e06cdf85-b449-4dcb-b943-068aaad8cfa3","actor_username":"alice.anderson@authorsinfo.com","actor_via_sso":false,"log_type":"token"}', '2025-07-13 05:59:08.236263+00', ''),
	('00000000-0000-0000-0000-000000000000', 'cb00e3e4-2d45-4675-8a7e-cef7c2d558ec', '{"action":"token_refreshed","actor_id":"e06cdf85-b449-4dcb-b943-068aaad8cfa3","actor_username":"alice.anderson@authorsinfo.com","actor_via_sso":false,"log_type":"token"}', '2025-07-13 07:10:25.956327+00', ''),
	('00000000-0000-0000-0000-000000000000', '511afb52-cf30-4bcf-820b-58176ed1bc5a', '{"action":"token_revoked","actor_id":"e06cdf85-b449-4dcb-b943-068aaad8cfa3","actor_username":"alice.anderson@authorsinfo.com","actor_via_sso":false,"log_type":"token"}', '2025-07-13 07:10:25.964926+00', ''),
	('00000000-0000-0000-0000-000000000000', '7e4dcd8e-d3d1-40fe-86ee-260231b993f2', '{"action":"token_refreshed","actor_id":"e06cdf85-b449-4dcb-b943-068aaad8cfa3","actor_username":"alice.anderson@authorsinfo.com","actor_via_sso":false,"log_type":"token"}', '2025-07-13 08:16:43.687645+00', ''),
	('00000000-0000-0000-0000-000000000000', '70a5643e-c13b-4325-a357-5ac29820f712', '{"action":"token_revoked","actor_id":"e06cdf85-b449-4dcb-b943-068aaad8cfa3","actor_username":"alice.anderson@authorsinfo.com","actor_via_sso":false,"log_type":"token"}', '2025-07-13 08:16:43.69863+00', ''),
	('00000000-0000-0000-0000-000000000000', '181b6c96-5389-482b-9032-3a4eaff5474c', '{"action":"token_refreshed","actor_id":"e06cdf85-b449-4dcb-b943-068aaad8cfa3","actor_username":"alice.anderson@authorsinfo.com","actor_via_sso":false,"log_type":"token"}', '2025-07-13 23:55:03.341963+00', ''),
	('00000000-0000-0000-0000-000000000000', 'd1ffd70b-3667-488f-891f-492eab9feb1b', '{"action":"token_revoked","actor_id":"e06cdf85-b449-4dcb-b943-068aaad8cfa3","actor_username":"alice.anderson@authorsinfo.com","actor_via_sso":false,"log_type":"token"}', '2025-07-13 23:55:03.356553+00', ''),
	('00000000-0000-0000-0000-000000000000', '44f6c5d0-fe87-4d47-b899-d42e0b23b2c9', '{"action":"token_refreshed","actor_id":"e06cdf85-b449-4dcb-b943-068aaad8cfa3","actor_username":"alice.anderson@authorsinfo.com","actor_via_sso":false,"log_type":"token"}', '2025-07-14 11:47:51.195782+00', ''),
	('00000000-0000-0000-0000-000000000000', '156ddc5d-a9b5-4fa6-b004-504efa14dbe8', '{"action":"token_revoked","actor_id":"e06cdf85-b449-4dcb-b943-068aaad8cfa3","actor_username":"alice.anderson@authorsinfo.com","actor_via_sso":false,"log_type":"token"}', '2025-07-14 11:47:51.206052+00', ''),
	('00000000-0000-0000-0000-000000000000', '5cfd40d4-d66b-4147-b8cd-e518c9536dc9', '{"action":"token_refreshed","actor_id":"e06cdf85-b449-4dcb-b943-068aaad8cfa3","actor_username":"alice.anderson@authorsinfo.com","actor_via_sso":false,"log_type":"token"}', '2025-07-28 21:06:43.739456+00', ''),
	('00000000-0000-0000-0000-000000000000', '5a0ebe01-6fdf-4951-b5a8-adb349fb097d', '{"action":"token_revoked","actor_id":"e06cdf85-b449-4dcb-b943-068aaad8cfa3","actor_username":"alice.anderson@authorsinfo.com","actor_via_sso":false,"log_type":"token"}', '2025-07-28 21:06:43.753192+00', ''),
	('00000000-0000-0000-0000-000000000000', '6d985d88-7e23-4829-b9f2-b54a2a19a54a', '{"action":"token_refreshed","actor_id":"e06cdf85-b449-4dcb-b943-068aaad8cfa3","actor_username":"alice.anderson@authorsinfo.com","actor_via_sso":false,"log_type":"token"}', '2025-07-29 00:40:20.982068+00', ''),
	('00000000-0000-0000-0000-000000000000', '5c171786-20eb-4ed0-bdbb-e1db4bfccb7e', '{"action":"token_revoked","actor_id":"e06cdf85-b449-4dcb-b943-068aaad8cfa3","actor_username":"alice.anderson@authorsinfo.com","actor_via_sso":false,"log_type":"token"}', '2025-07-29 00:40:20.993307+00', ''),
	('00000000-0000-0000-0000-000000000000', '834d625e-2631-4c5e-ab78-f46cf897c3bb', '{"action":"token_refreshed","actor_id":"e06cdf85-b449-4dcb-b943-068aaad8cfa3","actor_username":"alice.anderson@authorsinfo.com","actor_via_sso":false,"log_type":"token"}', '2025-07-29 01:38:29.899199+00', ''),
	('00000000-0000-0000-0000-000000000000', '2a98ef04-c512-467a-b58e-d134f35a1eaf', '{"action":"token_revoked","actor_id":"e06cdf85-b449-4dcb-b943-068aaad8cfa3","actor_username":"alice.anderson@authorsinfo.com","actor_via_sso":false,"log_type":"token"}', '2025-07-29 01:38:29.919197+00', ''),
	('00000000-0000-0000-0000-000000000000', '17b63420-3f7f-4bb5-866d-4a7f8f27cb63', '{"action":"token_refreshed","actor_id":"e06cdf85-b449-4dcb-b943-068aaad8cfa3","actor_username":"alice.anderson@authorsinfo.com","actor_via_sso":false,"log_type":"token"}', '2025-07-29 02:36:30.030132+00', ''),
	('00000000-0000-0000-0000-000000000000', '25814d19-c767-46c0-b174-07a871ed1cf3', '{"action":"token_revoked","actor_id":"e06cdf85-b449-4dcb-b943-068aaad8cfa3","actor_username":"alice.anderson@authorsinfo.com","actor_via_sso":false,"log_type":"token"}', '2025-07-29 02:36:30.047381+00', ''),
	('00000000-0000-0000-0000-000000000000', '69949c59-9359-486a-9226-280ed9621ae3', '{"action":"token_refreshed","actor_id":"e06cdf85-b449-4dcb-b943-068aaad8cfa3","actor_username":"alice.anderson@authorsinfo.com","actor_via_sso":false,"log_type":"token"}', '2025-07-29 03:46:52.348633+00', ''),
	('00000000-0000-0000-0000-000000000000', 'edbfdb5b-eba6-4b38-80dc-c7e9ee8500d1', '{"action":"token_revoked","actor_id":"e06cdf85-b449-4dcb-b943-068aaad8cfa3","actor_username":"alice.anderson@authorsinfo.com","actor_via_sso":false,"log_type":"token"}', '2025-07-29 03:46:52.367103+00', ''),
	('00000000-0000-0000-0000-000000000000', 'f2230f26-425f-4107-bf40-74cdba0eee9f', '{"action":"token_refreshed","actor_id":"e06cdf85-b449-4dcb-b943-068aaad8cfa3","actor_username":"alice.anderson@authorsinfo.com","actor_via_sso":false,"log_type":"token"}', '2025-07-29 05:31:10.180881+00', ''),
	('00000000-0000-0000-0000-000000000000', '63a6d0d0-59b6-48a6-b6b1-5701cb9f8e5e', '{"action":"token_revoked","actor_id":"e06cdf85-b449-4dcb-b943-068aaad8cfa3","actor_username":"alice.anderson@authorsinfo.com","actor_via_sso":false,"log_type":"token"}', '2025-07-29 05:31:10.192017+00', ''),
	('00000000-0000-0000-0000-000000000000', 'f0d56678-a945-4a94-b4bf-5f7f669d0009', '{"action":"token_refreshed","actor_id":"e06cdf85-b449-4dcb-b943-068aaad8cfa3","actor_username":"alice.anderson@authorsinfo.com","actor_via_sso":false,"log_type":"token"}', '2025-07-29 15:39:47.545863+00', ''),
	('00000000-0000-0000-0000-000000000000', '62066080-acc6-45d7-ae4e-6da42f45f381', '{"action":"token_revoked","actor_id":"e06cdf85-b449-4dcb-b943-068aaad8cfa3","actor_username":"alice.anderson@authorsinfo.com","actor_via_sso":false,"log_type":"token"}', '2025-07-29 15:39:47.56864+00', ''),
	('00000000-0000-0000-0000-000000000000', '4f45deca-dc14-4d88-865e-a49dcd3ede57', '{"action":"token_refreshed","actor_id":"e06cdf85-b449-4dcb-b943-068aaad8cfa3","actor_username":"alice.anderson@authorsinfo.com","actor_via_sso":false,"log_type":"token"}', '2025-07-29 17:27:44.449286+00', ''),
	('00000000-0000-0000-0000-000000000000', '40091c48-b000-42f4-906e-d68c57b97596', '{"action":"token_revoked","actor_id":"e06cdf85-b449-4dcb-b943-068aaad8cfa3","actor_username":"alice.anderson@authorsinfo.com","actor_via_sso":false,"log_type":"token"}', '2025-07-29 17:27:44.47126+00', ''),
	('00000000-0000-0000-0000-000000000000', 'fef3fadd-9289-4cc1-ade0-b47b66445239', '{"action":"token_refreshed","actor_id":"e06cdf85-b449-4dcb-b943-068aaad8cfa3","actor_username":"alice.anderson@authorsinfo.com","actor_via_sso":false,"log_type":"token"}', '2025-07-29 21:13:18.823422+00', ''),
	('00000000-0000-0000-0000-000000000000', '71fa576d-cdc0-48e1-ad49-e2ad83a33daa', '{"action":"token_revoked","actor_id":"e06cdf85-b449-4dcb-b943-068aaad8cfa3","actor_username":"alice.anderson@authorsinfo.com","actor_via_sso":false,"log_type":"token"}', '2025-07-29 21:13:18.845246+00', ''),
	('00000000-0000-0000-0000-000000000000', '7007d729-e77f-4f1e-b00d-4d3d763a4a84', '{"action":"token_refreshed","actor_id":"e06cdf85-b449-4dcb-b943-068aaad8cfa3","actor_username":"alice.anderson@authorsinfo.com","actor_via_sso":false,"log_type":"token"}', '2025-07-29 22:11:43.453477+00', ''),
	('00000000-0000-0000-0000-000000000000', '91f99596-3409-4d29-8206-36014a936517', '{"action":"token_revoked","actor_id":"e06cdf85-b449-4dcb-b943-068aaad8cfa3","actor_username":"alice.anderson@authorsinfo.com","actor_via_sso":false,"log_type":"token"}', '2025-07-29 22:11:43.45977+00', ''),
	('00000000-0000-0000-0000-000000000000', '94d3d7bf-496b-40b9-9d92-2547cdf43133', '{"action":"token_refreshed","actor_id":"e06cdf85-b449-4dcb-b943-068aaad8cfa3","actor_username":"alice.anderson@authorsinfo.com","actor_via_sso":false,"log_type":"token"}', '2025-07-29 23:09:43.786713+00', ''),
	('00000000-0000-0000-0000-000000000000', '6ce8100b-d135-4513-9c7b-0851e0a73fff', '{"action":"token_revoked","actor_id":"e06cdf85-b449-4dcb-b943-068aaad8cfa3","actor_username":"alice.anderson@authorsinfo.com","actor_via_sso":false,"log_type":"token"}', '2025-07-29 23:09:43.805535+00', ''),
	('00000000-0000-0000-0000-000000000000', 'ab14fc2b-e063-4240-a1d2-ed6ed9340d43', '{"action":"token_refreshed","actor_id":"e06cdf85-b449-4dcb-b943-068aaad8cfa3","actor_username":"alice.anderson@authorsinfo.com","actor_via_sso":false,"log_type":"token"}', '2025-07-30 00:07:43.775617+00', ''),
	('00000000-0000-0000-0000-000000000000', 'c72a9a73-865c-4d8f-ad91-8403f30ff971', '{"action":"token_revoked","actor_id":"e06cdf85-b449-4dcb-b943-068aaad8cfa3","actor_username":"alice.anderson@authorsinfo.com","actor_via_sso":false,"log_type":"token"}', '2025-07-30 00:07:43.792975+00', ''),
	('00000000-0000-0000-0000-000000000000', '898efca2-4138-49ed-8861-20de9d0c2575', '{"action":"token_refreshed","actor_id":"e06cdf85-b449-4dcb-b943-068aaad8cfa3","actor_username":"alice.anderson@authorsinfo.com","actor_via_sso":false,"log_type":"token"}', '2025-07-30 01:05:43.75809+00', ''),
	('00000000-0000-0000-0000-000000000000', '7cc63f0f-ce89-4ad5-b49b-2ace44da3f26', '{"action":"token_revoked","actor_id":"e06cdf85-b449-4dcb-b943-068aaad8cfa3","actor_username":"alice.anderson@authorsinfo.com","actor_via_sso":false,"log_type":"token"}', '2025-07-30 01:05:43.773553+00', ''),
	('00000000-0000-0000-0000-000000000000', '3b652c95-3824-4f5d-96bf-9e2aa6661282', '{"action":"token_refreshed","actor_id":"e06cdf85-b449-4dcb-b943-068aaad8cfa3","actor_username":"alice.anderson@authorsinfo.com","actor_via_sso":false,"log_type":"token"}', '2025-07-30 02:03:43.779705+00', ''),
	('00000000-0000-0000-0000-000000000000', 'a4c47418-9398-43ee-a6a3-e41d2cefc0ab', '{"action":"token_revoked","actor_id":"e06cdf85-b449-4dcb-b943-068aaad8cfa3","actor_username":"alice.anderson@authorsinfo.com","actor_via_sso":false,"log_type":"token"}', '2025-07-30 02:03:43.79985+00', ''),
	('00000000-0000-0000-0000-000000000000', '06bcc13b-ed0c-4a49-9dd3-7d0bef281bcb', '{"action":"token_refreshed","actor_id":"e06cdf85-b449-4dcb-b943-068aaad8cfa3","actor_username":"alice.anderson@authorsinfo.com","actor_via_sso":false,"log_type":"token"}', '2025-07-30 03:02:01.520886+00', ''),
	('00000000-0000-0000-0000-000000000000', 'eb4b1b9c-700c-48e9-958e-8203ab06a12d', '{"action":"token_revoked","actor_id":"e06cdf85-b449-4dcb-b943-068aaad8cfa3","actor_username":"alice.anderson@authorsinfo.com","actor_via_sso":false,"log_type":"token"}', '2025-07-30 03:02:01.535008+00', ''),
	('00000000-0000-0000-0000-000000000000', '7ce0681e-1bfd-495d-800d-1b944ba2a982', '{"action":"token_refreshed","actor_id":"e06cdf85-b449-4dcb-b943-068aaad8cfa3","actor_username":"alice.anderson@authorsinfo.com","actor_via_sso":false,"log_type":"token"}', '2025-07-30 04:00:29.96826+00', ''),
	('00000000-0000-0000-0000-000000000000', '9650e187-9605-457b-87d8-15f23c93d2d6', '{"action":"token_revoked","actor_id":"e06cdf85-b449-4dcb-b943-068aaad8cfa3","actor_username":"alice.anderson@authorsinfo.com","actor_via_sso":false,"log_type":"token"}', '2025-07-30 04:00:29.983774+00', ''),
	('00000000-0000-0000-0000-000000000000', '52b6c7e9-6762-4858-bea8-1af6063a2fc1', '{"action":"token_refreshed","actor_id":"e06cdf85-b449-4dcb-b943-068aaad8cfa3","actor_username":"alice.anderson@authorsinfo.com","actor_via_sso":false,"log_type":"token"}', '2025-07-30 05:01:03.246427+00', ''),
	('00000000-0000-0000-0000-000000000000', '0b08c719-4e9a-478f-9535-5f866ac541e9', '{"action":"token_revoked","actor_id":"e06cdf85-b449-4dcb-b943-068aaad8cfa3","actor_username":"alice.anderson@authorsinfo.com","actor_via_sso":false,"log_type":"token"}', '2025-07-30 05:01:03.26807+00', ''),
	('00000000-0000-0000-0000-000000000000', '00e3e3b2-552d-4fe4-a0ef-2fb0b66eddc6', '{"action":"token_refreshed","actor_id":"e06cdf85-b449-4dcb-b943-068aaad8cfa3","actor_username":"alice.anderson@authorsinfo.com","actor_via_sso":false,"log_type":"token"}', '2025-07-30 06:17:35.361761+00', ''),
	('00000000-0000-0000-0000-000000000000', '8432339d-6183-41cb-af93-34690e7509fe', '{"action":"token_revoked","actor_id":"e06cdf85-b449-4dcb-b943-068aaad8cfa3","actor_username":"alice.anderson@authorsinfo.com","actor_via_sso":false,"log_type":"token"}', '2025-07-30 06:17:35.380535+00', ''),
	('00000000-0000-0000-0000-000000000000', 'cae1b178-4262-4d08-81a9-134e995846e8', '{"action":"token_refreshed","actor_id":"e06cdf85-b449-4dcb-b943-068aaad8cfa3","actor_username":"alice.anderson@authorsinfo.com","actor_via_sso":false,"log_type":"token"}', '2025-07-30 07:15:55.229333+00', ''),
	('00000000-0000-0000-0000-000000000000', '0196137b-5ba0-4044-8676-de5e86fea10f', '{"action":"token_revoked","actor_id":"e06cdf85-b449-4dcb-b943-068aaad8cfa3","actor_username":"alice.anderson@authorsinfo.com","actor_via_sso":false,"log_type":"token"}', '2025-07-30 07:15:55.25036+00', ''),
	('00000000-0000-0000-0000-000000000000', '6414db9d-6eec-417d-ab88-2c2b79ae0bf3', '{"action":"token_refreshed","actor_id":"e06cdf85-b449-4dcb-b943-068aaad8cfa3","actor_username":"alice.anderson@authorsinfo.com","actor_via_sso":false,"log_type":"token"}', '2025-07-30 08:14:25.258807+00', ''),
	('00000000-0000-0000-0000-000000000000', 'a82cdb5c-c2c0-4199-a5c7-6afcac87e221', '{"action":"token_revoked","actor_id":"e06cdf85-b449-4dcb-b943-068aaad8cfa3","actor_username":"alice.anderson@authorsinfo.com","actor_via_sso":false,"log_type":"token"}', '2025-07-30 08:14:25.281997+00', ''),
	('00000000-0000-0000-0000-000000000000', '63fb540c-c719-4f83-bb87-47603b2b4fd7', '{"action":"token_refreshed","actor_id":"e06cdf85-b449-4dcb-b943-068aaad8cfa3","actor_username":"alice.anderson@authorsinfo.com","actor_via_sso":false,"log_type":"token"}', '2025-07-30 09:12:55.193162+00', ''),
	('00000000-0000-0000-0000-000000000000', '991658c2-4c2c-43b7-82a4-3f729ab8901e', '{"action":"token_revoked","actor_id":"e06cdf85-b449-4dcb-b943-068aaad8cfa3","actor_username":"alice.anderson@authorsinfo.com","actor_via_sso":false,"log_type":"token"}', '2025-07-30 09:12:55.21219+00', ''),
	('00000000-0000-0000-0000-000000000000', '0549acdf-309e-48c9-8bda-21ba5b76be00', '{"action":"token_refreshed","actor_id":"e06cdf85-b449-4dcb-b943-068aaad8cfa3","actor_username":"alice.anderson@authorsinfo.com","actor_via_sso":false,"log_type":"token"}', '2025-07-30 10:11:25.269648+00', ''),
	('00000000-0000-0000-0000-000000000000', 'f0dc8d0b-7093-4579-a28b-bb0a8849ddfe', '{"action":"token_revoked","actor_id":"e06cdf85-b449-4dcb-b943-068aaad8cfa3","actor_username":"alice.anderson@authorsinfo.com","actor_via_sso":false,"log_type":"token"}', '2025-07-30 10:11:25.287139+00', ''),
	('00000000-0000-0000-0000-000000000000', '8361335e-7803-4429-855b-bfcb125a6e80', '{"action":"token_refreshed","actor_id":"e06cdf85-b449-4dcb-b943-068aaad8cfa3","actor_username":"alice.anderson@authorsinfo.com","actor_via_sso":false,"log_type":"token"}', '2025-07-30 11:09:55.152202+00', ''),
	('00000000-0000-0000-0000-000000000000', '147b2a68-70ee-4b45-a98a-68488d1de16d', '{"action":"token_revoked","actor_id":"e06cdf85-b449-4dcb-b943-068aaad8cfa3","actor_username":"alice.anderson@authorsinfo.com","actor_via_sso":false,"log_type":"token"}', '2025-07-30 11:09:55.165167+00', ''),
	('00000000-0000-0000-0000-000000000000', '70b60e33-5b75-4b5f-b3eb-1e8b6f1fb9a6', '{"action":"token_refreshed","actor_id":"e06cdf85-b449-4dcb-b943-068aaad8cfa3","actor_username":"alice.anderson@authorsinfo.com","actor_via_sso":false,"log_type":"token"}', '2025-07-30 14:20:37.421643+00', ''),
	('00000000-0000-0000-0000-000000000000', '63e51d43-da0f-454e-b2c2-06e14032b518', '{"action":"token_revoked","actor_id":"e06cdf85-b449-4dcb-b943-068aaad8cfa3","actor_username":"alice.anderson@authorsinfo.com","actor_via_sso":false,"log_type":"token"}', '2025-07-30 14:20:37.444686+00', ''),
	('00000000-0000-0000-0000-000000000000', 'b02b51c6-44d6-4c34-8fb2-da9e2212e8c3', '{"action":"token_refreshed","actor_id":"e06cdf85-b449-4dcb-b943-068aaad8cfa3","actor_username":"alice.anderson@authorsinfo.com","actor_via_sso":false,"log_type":"token"}', '2025-07-30 15:37:23.468146+00', ''),
	('00000000-0000-0000-0000-000000000000', '96bc14de-f7bd-4322-9be0-7c71e1b68685', '{"action":"token_revoked","actor_id":"e06cdf85-b449-4dcb-b943-068aaad8cfa3","actor_username":"alice.anderson@authorsinfo.com","actor_via_sso":false,"log_type":"token"}', '2025-07-30 15:37:23.484745+00', ''),
	('00000000-0000-0000-0000-000000000000', '1327194a-daf4-40b5-adf2-dd8fe255841c', '{"action":"token_refreshed","actor_id":"e06cdf85-b449-4dcb-b943-068aaad8cfa3","actor_username":"alice.anderson@authorsinfo.com","actor_via_sso":false,"log_type":"token"}', '2025-07-30 16:39:18.827866+00', ''),
	('00000000-0000-0000-0000-000000000000', 'e1963ee6-3078-446c-9dd2-b89268bc8803', '{"action":"token_revoked","actor_id":"e06cdf85-b449-4dcb-b943-068aaad8cfa3","actor_username":"alice.anderson@authorsinfo.com","actor_via_sso":false,"log_type":"token"}', '2025-07-30 16:39:18.845774+00', ''),
	('00000000-0000-0000-0000-000000000000', '98386bd6-22a7-4f0f-9ac5-a928e6f0dff0', '{"action":"token_refreshed","actor_id":"e06cdf85-b449-4dcb-b943-068aaad8cfa3","actor_username":"alice.anderson@authorsinfo.com","actor_via_sso":false,"log_type":"token"}', '2025-07-30 18:13:54.981364+00', ''),
	('00000000-0000-0000-0000-000000000000', 'a247b6bd-f208-4a5e-8e43-db8503870b6e', '{"action":"token_revoked","actor_id":"e06cdf85-b449-4dcb-b943-068aaad8cfa3","actor_username":"alice.anderson@authorsinfo.com","actor_via_sso":false,"log_type":"token"}', '2025-07-30 18:13:55.003164+00', ''),
	('00000000-0000-0000-0000-000000000000', 'a29f96a2-472c-47f5-a84f-e3216f42787a', '{"action":"token_refreshed","actor_id":"e06cdf85-b449-4dcb-b943-068aaad8cfa3","actor_username":"alice.anderson@authorsinfo.com","actor_via_sso":false,"log_type":"token"}', '2025-07-30 19:12:12.031223+00', ''),
	('00000000-0000-0000-0000-000000000000', '8ba59595-86cf-4738-b314-8515024d6d45', '{"action":"token_revoked","actor_id":"e06cdf85-b449-4dcb-b943-068aaad8cfa3","actor_username":"alice.anderson@authorsinfo.com","actor_via_sso":false,"log_type":"token"}', '2025-07-30 19:12:12.039599+00', ''),
	('00000000-0000-0000-0000-000000000000', '76e63005-cdd9-42ed-81c1-365f9f594bb7', '{"action":"token_refreshed","actor_id":"e06cdf85-b449-4dcb-b943-068aaad8cfa3","actor_username":"alice.anderson@authorsinfo.com","actor_via_sso":false,"log_type":"token"}', '2025-07-30 20:14:41.111312+00', ''),
	('00000000-0000-0000-0000-000000000000', '03ce96c8-0b05-4a3a-b43d-1fbbe03c5eb1', '{"action":"token_revoked","actor_id":"e06cdf85-b449-4dcb-b943-068aaad8cfa3","actor_username":"alice.anderson@authorsinfo.com","actor_via_sso":false,"log_type":"token"}', '2025-07-30 20:14:41.117959+00', ''),
	('00000000-0000-0000-0000-000000000000', '4c4c4e00-64eb-410a-ac65-d7ce6a183cc3', '{"action":"token_refreshed","actor_id":"e06cdf85-b449-4dcb-b943-068aaad8cfa3","actor_username":"alice.anderson@authorsinfo.com","actor_via_sso":false,"log_type":"token"}', '2025-07-30 22:49:55.661689+00', ''),
	('00000000-0000-0000-0000-000000000000', '9c03438c-f303-4f2d-8a53-c2b8ce4008d6', '{"action":"token_revoked","actor_id":"e06cdf85-b449-4dcb-b943-068aaad8cfa3","actor_username":"alice.anderson@authorsinfo.com","actor_via_sso":false,"log_type":"token"}', '2025-07-30 22:49:55.683649+00', ''),
	('00000000-0000-0000-0000-000000000000', '87cdfa6b-8a90-4135-a51f-0fc54e59b89f', '{"action":"token_refreshed","actor_id":"e06cdf85-b449-4dcb-b943-068aaad8cfa3","actor_username":"alice.anderson@authorsinfo.com","actor_via_sso":false,"log_type":"token"}', '2025-07-31 00:06:29.634295+00', ''),
	('00000000-0000-0000-0000-000000000000', '3fc6dc69-187b-4afd-9598-734131801159', '{"action":"token_revoked","actor_id":"e06cdf85-b449-4dcb-b943-068aaad8cfa3","actor_username":"alice.anderson@authorsinfo.com","actor_via_sso":false,"log_type":"token"}', '2025-07-31 00:06:29.642116+00', ''),
	('00000000-0000-0000-0000-000000000000', '9c714371-256f-4b55-b4c7-7829ca4320de', '{"action":"token_refreshed","actor_id":"e06cdf85-b449-4dcb-b943-068aaad8cfa3","actor_username":"alice.anderson@authorsinfo.com","actor_via_sso":false,"log_type":"token"}', '2025-07-31 01:04:31.265603+00', ''),
	('00000000-0000-0000-0000-000000000000', '55bfdf24-7752-430c-893f-79cb36a31fc5', '{"action":"token_revoked","actor_id":"e06cdf85-b449-4dcb-b943-068aaad8cfa3","actor_username":"alice.anderson@authorsinfo.com","actor_via_sso":false,"log_type":"token"}', '2025-07-31 01:04:31.281843+00', ''),
	('00000000-0000-0000-0000-000000000000', '237216db-1972-4c21-9355-f81636e1118c', '{"action":"token_refreshed","actor_id":"e06cdf85-b449-4dcb-b943-068aaad8cfa3","actor_username":"alice.anderson@authorsinfo.com","actor_via_sso":false,"log_type":"token"}', '2025-07-31 02:08:42.571613+00', ''),
	('00000000-0000-0000-0000-000000000000', '62927800-4288-459f-9a69-22ad87e9df23', '{"action":"token_revoked","actor_id":"e06cdf85-b449-4dcb-b943-068aaad8cfa3","actor_username":"alice.anderson@authorsinfo.com","actor_via_sso":false,"log_type":"token"}', '2025-07-31 02:08:42.582072+00', ''),
	('00000000-0000-0000-0000-000000000000', 'd0c471e5-082d-4124-a18f-356253e35a8b', '{"action":"login","actor_id":"2474659f-003e-4faa-8c53-9969c33f20b2","actor_username":"bob.brown@authorsinfo.com","actor_via_sso":false,"log_type":"account","traits":{"provider":"email"}}', '2025-07-31 02:41:22.370794+00', ''),
	('00000000-0000-0000-0000-000000000000', '3040c487-dd07-40f7-9285-7779433c3ad1', '{"action":"token_refreshed","actor_id":"e06cdf85-b449-4dcb-b943-068aaad8cfa3","actor_username":"alice.anderson@authorsinfo.com","actor_via_sso":false,"log_type":"token"}', '2025-07-31 05:09:44.817533+00', ''),
	('00000000-0000-0000-0000-000000000000', '5c13ed8a-6e31-43bc-9fa0-7e71aa1c8d3d', '{"action":"token_revoked","actor_id":"e06cdf85-b449-4dcb-b943-068aaad8cfa3","actor_username":"alice.anderson@authorsinfo.com","actor_via_sso":false,"log_type":"token"}', '2025-07-31 05:09:44.828034+00', ''),
	('00000000-0000-0000-0000-000000000000', '57d0d85e-ec35-48cb-b42f-d085dfbe0c86', '{"action":"token_refreshed","actor_id":"2474659f-003e-4faa-8c53-9969c33f20b2","actor_username":"bob.brown@authorsinfo.com","actor_via_sso":false,"log_type":"token"}', '2025-07-31 05:09:51.044784+00', ''),
	('00000000-0000-0000-0000-000000000000', 'e542987d-d602-4b50-8a8f-3139666fd4ba', '{"action":"token_revoked","actor_id":"2474659f-003e-4faa-8c53-9969c33f20b2","actor_username":"bob.brown@authorsinfo.com","actor_via_sso":false,"log_type":"token"}', '2025-07-31 05:09:51.047781+00', ''),
	('00000000-0000-0000-0000-000000000000', '89b13473-eb3b-400f-adbf-211ca07e3741', '{"action":"token_refreshed","actor_id":"2474659f-003e-4faa-8c53-9969c33f20b2","actor_username":"bob.brown@authorsinfo.com","actor_via_sso":false,"log_type":"token"}', '2025-07-31 06:21:55.997221+00', ''),
	('00000000-0000-0000-0000-000000000000', '3405b7b5-40a4-4701-a6e0-38185213b552', '{"action":"token_revoked","actor_id":"2474659f-003e-4faa-8c53-9969c33f20b2","actor_username":"bob.brown@authorsinfo.com","actor_via_sso":false,"log_type":"token"}', '2025-07-31 06:21:56.00763+00', ''),
	('00000000-0000-0000-0000-000000000000', '39f2fc96-a992-4c8c-8599-4ebd7a5dd5a8', '{"action":"token_refreshed","actor_id":"e06cdf85-b449-4dcb-b943-068aaad8cfa3","actor_username":"alice.anderson@authorsinfo.com","actor_via_sso":false,"log_type":"token"}', '2025-07-31 07:08:59.905077+00', ''),
	('00000000-0000-0000-0000-000000000000', 'e9c78523-03fb-421c-82c5-cca608ab9bf6', '{"action":"token_revoked","actor_id":"e06cdf85-b449-4dcb-b943-068aaad8cfa3","actor_username":"alice.anderson@authorsinfo.com","actor_via_sso":false,"log_type":"token"}', '2025-07-31 07:08:59.917443+00', ''),
	('00000000-0000-0000-0000-000000000000', 'cb23cf26-57fa-4b3c-bf3e-30f017ecd016', '{"action":"token_refreshed","actor_id":"2474659f-003e-4faa-8c53-9969c33f20b2","actor_username":"bob.brown@authorsinfo.com","actor_via_sso":false,"log_type":"token"}', '2025-07-31 08:04:28.662614+00', ''),
	('00000000-0000-0000-0000-000000000000', '6f977422-853d-47fe-ad45-2a20ec58d8d8', '{"action":"token_revoked","actor_id":"2474659f-003e-4faa-8c53-9969c33f20b2","actor_username":"bob.brown@authorsinfo.com","actor_via_sso":false,"log_type":"token"}', '2025-07-31 08:04:28.673261+00', ''),
	('00000000-0000-0000-0000-000000000000', '6b31cb0f-8f3a-4f9c-88e8-dac9dcf22fb1', '{"action":"token_refreshed","actor_id":"e06cdf85-b449-4dcb-b943-068aaad8cfa3","actor_username":"alice.anderson@authorsinfo.com","actor_via_sso":false,"log_type":"token"}', '2025-07-31 08:09:11.807744+00', ''),
	('00000000-0000-0000-0000-000000000000', '54a4db91-083e-45ee-8a58-473af38fb39b', '{"action":"token_revoked","actor_id":"e06cdf85-b449-4dcb-b943-068aaad8cfa3","actor_username":"alice.anderson@authorsinfo.com","actor_via_sso":false,"log_type":"token"}', '2025-07-31 08:09:11.812313+00', ''),
	('00000000-0000-0000-0000-000000000000', 'ca5f695c-c846-42fb-8392-ce03e8a6d2e8', '{"action":"token_refreshed","actor_id":"e06cdf85-b449-4dcb-b943-068aaad8cfa3","actor_username":"alice.anderson@authorsinfo.com","actor_via_sso":false,"log_type":"token"}', '2025-07-31 09:07:41.603761+00', ''),
	('00000000-0000-0000-0000-000000000000', 'f3745efb-4239-487c-9056-2103c4722563', '{"action":"token_revoked","actor_id":"e06cdf85-b449-4dcb-b943-068aaad8cfa3","actor_username":"alice.anderson@authorsinfo.com","actor_via_sso":false,"log_type":"token"}', '2025-07-31 09:07:41.619123+00', ''),
	('00000000-0000-0000-0000-000000000000', '20ad720e-153e-4c3d-8a64-e7e48747b0c1', '{"action":"token_refreshed","actor_id":"e06cdf85-b449-4dcb-b943-068aaad8cfa3","actor_username":"alice.anderson@authorsinfo.com","actor_via_sso":false,"log_type":"token"}', '2025-07-31 09:07:41.679773+00', ''),
	('00000000-0000-0000-0000-000000000000', '5e139820-9081-4d86-a6bd-c8072af8ef86', '{"action":"token_refreshed","actor_id":"e06cdf85-b449-4dcb-b943-068aaad8cfa3","actor_username":"alice.anderson@authorsinfo.com","actor_via_sso":false,"log_type":"token"}', '2025-07-31 09:07:41.698523+00', ''),
	('00000000-0000-0000-0000-000000000000', '787a657a-ffae-47bd-9e56-1ce68cb976f0', '{"action":"token_refreshed","actor_id":"e06cdf85-b449-4dcb-b943-068aaad8cfa3","actor_username":"alice.anderson@authorsinfo.com","actor_via_sso":false,"log_type":"token"}', '2025-07-31 09:07:41.711191+00', ''),
	('00000000-0000-0000-0000-000000000000', '3af70e87-3a9f-48b3-977b-68cd9dfe1505', '{"action":"token_refreshed","actor_id":"e06cdf85-b449-4dcb-b943-068aaad8cfa3","actor_username":"alice.anderson@authorsinfo.com","actor_via_sso":false,"log_type":"token"}', '2025-07-31 09:07:41.721341+00', ''),
	('00000000-0000-0000-0000-000000000000', 'e228698f-6288-4ef3-ab26-6c738dae5231', '{"action":"token_refreshed","actor_id":"e06cdf85-b449-4dcb-b943-068aaad8cfa3","actor_username":"alice.anderson@authorsinfo.com","actor_via_sso":false,"log_type":"token"}', '2025-07-31 15:09:03.99847+00', ''),
	('00000000-0000-0000-0000-000000000000', '298fa43b-ee21-453c-8be6-fd5c63d0c9b8', '{"action":"token_revoked","actor_id":"e06cdf85-b449-4dcb-b943-068aaad8cfa3","actor_username":"alice.anderson@authorsinfo.com","actor_via_sso":false,"log_type":"token"}', '2025-07-31 15:09:04.022666+00', ''),
	('00000000-0000-0000-0000-000000000000', '29f2da7e-2aa9-4641-9fca-ce84455539dc', '{"action":"logout","actor_id":"e06cdf85-b449-4dcb-b943-068aaad8cfa3","actor_username":"alice.anderson@authorsinfo.com","actor_via_sso":false,"log_type":"account"}', '2025-07-31 15:27:04.665862+00', ''),
	('00000000-0000-0000-0000-000000000000', '2ff6f983-21aa-4809-a204-8c8e9b25452d', '{"action":"login","actor_id":"45f98998-ba1d-4439-b2ee-1d403fee0e7c","actor_username":"charlie.clark@authorsinfo.com","actor_via_sso":false,"log_type":"account","traits":{"provider":"email"}}', '2025-07-31 15:27:28.496265+00', ''),
	('00000000-0000-0000-0000-000000000000', 'a96af3ba-436c-41d0-bbf3-0f4092ab2faa', '{"action":"token_refreshed","actor_id":"45f98998-ba1d-4439-b2ee-1d403fee0e7c","actor_username":"charlie.clark@authorsinfo.com","actor_via_sso":false,"log_type":"token"}', '2025-07-31 16:43:19.518975+00', ''),
	('00000000-0000-0000-0000-000000000000', 'aff6b8c2-7c04-4545-ad3c-5bb27c578a5c', '{"action":"token_revoked","actor_id":"45f98998-ba1d-4439-b2ee-1d403fee0e7c","actor_username":"charlie.clark@authorsinfo.com","actor_via_sso":false,"log_type":"token"}', '2025-07-31 16:43:19.536906+00', ''),
	('00000000-0000-0000-0000-000000000000', '2697c89e-b3a6-4ba6-bd4c-6241d54d4d64', '{"action":"token_refreshed","actor_id":"45f98998-ba1d-4439-b2ee-1d403fee0e7c","actor_username":"charlie.clark@authorsinfo.com","actor_via_sso":false,"log_type":"token"}', '2025-07-31 16:43:19.651798+00', ''),
	('00000000-0000-0000-0000-000000000000', 'd87d06ce-c2e4-4807-9bc3-51aa51ab30ff', '{"action":"token_refreshed","actor_id":"45f98998-ba1d-4439-b2ee-1d403fee0e7c","actor_username":"charlie.clark@authorsinfo.com","actor_via_sso":false,"log_type":"token"}', '2025-07-31 16:43:20.545372+00', ''),
	('00000000-0000-0000-0000-000000000000', '833a4e9d-9ae1-42de-a9a7-ef85a8471176', '{"action":"logout","actor_id":"45f98998-ba1d-4439-b2ee-1d403fee0e7c","actor_username":"charlie.clark@authorsinfo.com","actor_via_sso":false,"log_type":"account"}', '2025-07-31 17:37:57.478999+00', ''),
	('00000000-0000-0000-0000-000000000000', '6aff0fcd-a34b-4b73-8c88-94b667829dfd', '{"action":"login","actor_id":"8dd18808-4777-4877-bde1-b54b1d3ffa81","actor_username":"grace.garcia@authorsinfo.com","actor_via_sso":false,"log_type":"account","traits":{"provider":"email"}}', '2025-07-31 19:40:59.720244+00', ''),
	('00000000-0000-0000-0000-000000000000', 'b74cff5a-b876-43f3-b151-f6ae3426ac71', '{"action":"token_refreshed","actor_id":"8dd18808-4777-4877-bde1-b54b1d3ffa81","actor_username":"grace.garcia@authorsinfo.com","actor_via_sso":false,"log_type":"token"}', '2025-07-31 20:39:49.98147+00', ''),
	('00000000-0000-0000-0000-000000000000', '8c133b82-23db-4629-953b-947cdab1a939', '{"action":"token_revoked","actor_id":"8dd18808-4777-4877-bde1-b54b1d3ffa81","actor_username":"grace.garcia@authorsinfo.com","actor_via_sso":false,"log_type":"token"}', '2025-07-31 20:39:49.996502+00', ''),
	('00000000-0000-0000-0000-000000000000', '6e8b707d-dcdc-40bb-a71f-6f032dbfd1a5', '{"action":"token_refreshed","actor_id":"8dd18808-4777-4877-bde1-b54b1d3ffa81","actor_username":"grace.garcia@authorsinfo.com","actor_via_sso":false,"log_type":"token"}', '2025-08-01 04:01:08.809232+00', ''),
	('00000000-0000-0000-0000-000000000000', '3fc8474d-cb0b-4dc2-ae92-6010adb17820', '{"action":"token_revoked","actor_id":"8dd18808-4777-4877-bde1-b54b1d3ffa81","actor_username":"grace.garcia@authorsinfo.com","actor_via_sso":false,"log_type":"token"}', '2025-08-01 04:01:08.83239+00', ''),
	('00000000-0000-0000-0000-000000000000', '04a8df2d-4235-40af-829a-5098a4c3aa3f', '{"action":"token_refreshed","actor_id":"8dd18808-4777-4877-bde1-b54b1d3ffa81","actor_username":"grace.garcia@authorsinfo.com","actor_via_sso":false,"log_type":"token"}', '2025-08-01 04:01:15.396954+00', ''),
	('00000000-0000-0000-0000-000000000000', '88fb8d67-2a0d-4040-a31c-b5be16edf89d', '{"action":"token_refreshed","actor_id":"8dd18808-4777-4877-bde1-b54b1d3ffa81","actor_username":"grace.garcia@authorsinfo.com","actor_via_sso":false,"log_type":"token"}', '2025-08-01 04:01:18.274325+00', ''),
	('00000000-0000-0000-0000-000000000000', '9177b018-6aaf-4940-a918-596c9f74bdd9', '{"action":"logout","actor_id":"8dd18808-4777-4877-bde1-b54b1d3ffa81","actor_username":"grace.garcia@authorsinfo.com","actor_via_sso":false,"log_type":"account"}', '2025-08-01 04:11:38.133449+00', ''),
	('00000000-0000-0000-0000-000000000000', '58ff722d-a717-4c2e-8402-065c1da2406e', '{"action":"login","actor_id":"c5b68ab4-e8bc-4291-a646-7f8ab4b99528","actor_username":"diana.davis@authorsinfo.com","actor_via_sso":false,"log_type":"account","traits":{"provider":"email"}}', '2025-08-01 04:11:51.760489+00', ''),
	('00000000-0000-0000-0000-000000000000', '12ab7bf1-32e8-4d29-8818-df60f12ad7c7', '{"action":"token_refreshed","actor_id":"c5b68ab4-e8bc-4291-a646-7f8ab4b99528","actor_username":"diana.davis@authorsinfo.com","actor_via_sso":false,"log_type":"token"}', '2025-08-02 00:41:54.972141+00', ''),
	('00000000-0000-0000-0000-000000000000', '27712d9a-7a66-4468-8273-b6761c526bb1', '{"action":"token_revoked","actor_id":"c5b68ab4-e8bc-4291-a646-7f8ab4b99528","actor_username":"diana.davis@authorsinfo.com","actor_via_sso":false,"log_type":"token"}', '2025-08-02 00:41:54.996487+00', ''),
	('00000000-0000-0000-0000-000000000000', '0051d8a9-6e95-42e8-912c-3972d285a00d', '{"action":"token_refreshed","actor_id":"c5b68ab4-e8bc-4291-a646-7f8ab4b99528","actor_username":"diana.davis@authorsinfo.com","actor_via_sso":false,"log_type":"token"}', '2025-08-02 01:40:14.721266+00', ''),
	('00000000-0000-0000-0000-000000000000', '03bb6be4-02ae-4a43-baee-1dbfb1603368', '{"action":"token_revoked","actor_id":"c5b68ab4-e8bc-4291-a646-7f8ab4b99528","actor_username":"diana.davis@authorsinfo.com","actor_via_sso":false,"log_type":"token"}', '2025-08-02 01:40:14.739693+00', ''),
	('00000000-0000-0000-0000-000000000000', 'a48b0788-0bc8-4e3c-8080-17a9c077d2da', '{"action":"token_refreshed","actor_id":"c5b68ab4-e8bc-4291-a646-7f8ab4b99528","actor_username":"diana.davis@authorsinfo.com","actor_via_sso":false,"log_type":"token"}', '2025-08-02 02:45:35.136799+00', ''),
	('00000000-0000-0000-0000-000000000000', 'f04b84bb-f736-4c3b-8495-510b76c32113', '{"action":"token_revoked","actor_id":"c5b68ab4-e8bc-4291-a646-7f8ab4b99528","actor_username":"diana.davis@authorsinfo.com","actor_via_sso":false,"log_type":"token"}', '2025-08-02 02:45:35.156449+00', ''),
	('00000000-0000-0000-0000-000000000000', 'f56227e9-6385-48bd-be00-8dbfe16d09d6', '{"action":"token_refreshed","actor_id":"c5b68ab4-e8bc-4291-a646-7f8ab4b99528","actor_username":"diana.davis@authorsinfo.com","actor_via_sso":false,"log_type":"token"}', '2025-08-02 04:05:34.621943+00', ''),
	('00000000-0000-0000-0000-000000000000', 'e88103b1-5d36-4c14-adae-ed04c6f4b16e', '{"action":"token_revoked","actor_id":"c5b68ab4-e8bc-4291-a646-7f8ab4b99528","actor_username":"diana.davis@authorsinfo.com","actor_via_sso":false,"log_type":"token"}', '2025-08-02 04:05:34.638073+00', ''),
	('00000000-0000-0000-0000-000000000000', 'b69a8949-ae26-4901-9358-e0400f1fdcb4', '{"action":"token_refreshed","actor_id":"c5b68ab4-e8bc-4291-a646-7f8ab4b99528","actor_username":"diana.davis@authorsinfo.com","actor_via_sso":false,"log_type":"token"}', '2025-08-02 05:12:46.40315+00', ''),
	('00000000-0000-0000-0000-000000000000', '35faefe1-36ae-4f98-b5c2-1d6ed42c1502', '{"action":"token_revoked","actor_id":"c5b68ab4-e8bc-4291-a646-7f8ab4b99528","actor_username":"diana.davis@authorsinfo.com","actor_via_sso":false,"log_type":"token"}', '2025-08-02 05:12:46.421377+00', ''),
	('00000000-0000-0000-0000-000000000000', 'aa346b84-df43-4baa-aaa7-a53d87287f60', '{"action":"token_refreshed","actor_id":"c5b68ab4-e8bc-4291-a646-7f8ab4b99528","actor_username":"diana.davis@authorsinfo.com","actor_via_sso":false,"log_type":"token"}', '2025-08-02 17:28:29.233369+00', ''),
	('00000000-0000-0000-0000-000000000000', '554385e9-fa0b-436d-89ba-473f0ff63e77', '{"action":"token_revoked","actor_id":"c5b68ab4-e8bc-4291-a646-7f8ab4b99528","actor_username":"diana.davis@authorsinfo.com","actor_via_sso":false,"log_type":"token"}', '2025-08-02 17:28:29.245394+00', ''),
	('00000000-0000-0000-0000-000000000000', '0e214004-7554-4b66-93d7-f62a168eb1c5', '{"action":"token_refreshed","actor_id":"c5b68ab4-e8bc-4291-a646-7f8ab4b99528","actor_username":"diana.davis@authorsinfo.com","actor_via_sso":false,"log_type":"token"}', '2025-08-02 18:40:02.699007+00', ''),
	('00000000-0000-0000-0000-000000000000', '9f694d31-08b7-47c2-bd60-103412c69d29', '{"action":"token_revoked","actor_id":"c5b68ab4-e8bc-4291-a646-7f8ab4b99528","actor_username":"diana.davis@authorsinfo.com","actor_via_sso":false,"log_type":"token"}', '2025-08-02 18:40:02.726796+00', ''),
	('00000000-0000-0000-0000-000000000000', '0c638930-536d-4a4e-ae47-bdee81c82df8', '{"action":"token_refreshed","actor_id":"c5b68ab4-e8bc-4291-a646-7f8ab4b99528","actor_username":"diana.davis@authorsinfo.com","actor_via_sso":false,"log_type":"token"}', '2025-08-02 19:43:38.447315+00', ''),
	('00000000-0000-0000-0000-000000000000', '94aec7bc-cfe5-4332-890d-cfbf12e6caea', '{"action":"token_revoked","actor_id":"c5b68ab4-e8bc-4291-a646-7f8ab4b99528","actor_username":"diana.davis@authorsinfo.com","actor_via_sso":false,"log_type":"token"}', '2025-08-02 19:43:38.46537+00', ''),
	('00000000-0000-0000-0000-000000000000', '3cb34a7b-d8ef-49df-891f-36a5c74f3388', '{"action":"token_refreshed","actor_id":"c5b68ab4-e8bc-4291-a646-7f8ab4b99528","actor_username":"diana.davis@authorsinfo.com","actor_via_sso":false,"log_type":"token"}', '2025-08-03 00:44:09.6381+00', ''),
	('00000000-0000-0000-0000-000000000000', '180efe22-1935-413e-940e-3f4a8a47186c', '{"action":"token_revoked","actor_id":"c5b68ab4-e8bc-4291-a646-7f8ab4b99528","actor_username":"diana.davis@authorsinfo.com","actor_via_sso":false,"log_type":"token"}', '2025-08-03 00:44:09.646699+00', ''),
	('00000000-0000-0000-0000-000000000000', 'f128f04b-7ce7-4f59-b261-5c57dab0af2a', '{"action":"logout","actor_id":"c5b68ab4-e8bc-4291-a646-7f8ab4b99528","actor_username":"diana.davis@authorsinfo.com","actor_via_sso":false,"log_type":"account"}', '2025-08-03 01:03:10.25618+00', ''),
	('00000000-0000-0000-0000-000000000000', '8d981274-eaed-4979-b72f-647ef73296d6', '{"action":"login","actor_id":"e06cdf85-b449-4dcb-b943-068aaad8cfa3","actor_username":"alice.anderson@authorsinfo.com","actor_via_sso":false,"log_type":"account","traits":{"provider":"email"}}', '2025-08-03 01:03:43.34435+00', ''),
	('00000000-0000-0000-0000-000000000000', '628c9273-01e2-4f20-99dc-c9cc46a045bc', '{"action":"token_refreshed","actor_id":"e06cdf85-b449-4dcb-b943-068aaad8cfa3","actor_username":"alice.anderson@authorsinfo.com","actor_via_sso":false,"log_type":"token"}', '2025-08-03 02:17:02.651588+00', ''),
	('00000000-0000-0000-0000-000000000000', '979d6b39-c36f-4de7-a172-38f1fe4dfe04', '{"action":"token_revoked","actor_id":"e06cdf85-b449-4dcb-b943-068aaad8cfa3","actor_username":"alice.anderson@authorsinfo.com","actor_via_sso":false,"log_type":"token"}', '2025-08-03 02:17:02.658875+00', ''),
	('00000000-0000-0000-0000-000000000000', '7a27b98f-8dad-485f-900b-ec5227efa764', '{"action":"logout","actor_id":"e06cdf85-b449-4dcb-b943-068aaad8cfa3","actor_username":"alice.anderson@authorsinfo.com","actor_via_sso":false,"log_type":"account"}', '2025-08-03 03:12:34.088039+00', ''),
	('00000000-0000-0000-0000-000000000000', 'fbc72f0f-7323-4be7-8e8d-77d91176d21a', '{"action":"login","actor_id":"6bea7109-b400-4124-839e-3fe6466f3ae8","actor_username":"quinn.quinn@authorsinfo.com","actor_via_sso":false,"log_type":"account","traits":{"provider":"email"}}', '2025-08-03 03:12:44.831081+00', ''),
	('00000000-0000-0000-0000-000000000000', 'beaf4f7c-cae3-4b6d-8f73-c0fc1cb1caa0', '{"action":"logout","actor_id":"6bea7109-b400-4124-839e-3fe6466f3ae8","actor_username":"quinn.quinn@authorsinfo.com","actor_via_sso":false,"log_type":"account"}', '2025-08-03 03:15:22.067315+00', ''),
	('00000000-0000-0000-0000-000000000000', '5d1ae8fa-f2c2-4ffd-82d0-42dad1595a24', '{"action":"login","actor_id":"e06cdf85-b449-4dcb-b943-068aaad8cfa3","actor_username":"alice.anderson@authorsinfo.com","actor_via_sso":false,"log_type":"account","traits":{"provider":"email"}}', '2025-08-03 03:16:57.556491+00', ''),
	('00000000-0000-0000-0000-000000000000', '64e081be-32ee-4e73-a403-f06624f8432b', '{"action":"token_refreshed","actor_id":"e06cdf85-b449-4dcb-b943-068aaad8cfa3","actor_username":"alice.anderson@authorsinfo.com","actor_via_sso":false,"log_type":"token"}', '2025-08-03 04:31:28.526424+00', ''),
	('00000000-0000-0000-0000-000000000000', '3661d9b5-53a0-4aa3-9a72-439bd37c67bb', '{"action":"token_revoked","actor_id":"e06cdf85-b449-4dcb-b943-068aaad8cfa3","actor_username":"alice.anderson@authorsinfo.com","actor_via_sso":false,"log_type":"token"}', '2025-08-03 04:31:28.540039+00', ''),
	('00000000-0000-0000-0000-000000000000', 'a6f8a4fc-143c-4909-8ba1-73e92a07bf85', '{"action":"token_refreshed","actor_id":"e06cdf85-b449-4dcb-b943-068aaad8cfa3","actor_username":"alice.anderson@authorsinfo.com","actor_via_sso":false,"log_type":"token"}', '2025-08-03 04:31:31.12463+00', ''),
	('00000000-0000-0000-0000-000000000000', 'f05fa67a-65ba-4862-8bee-1c2a7b653738', '{"action":"token_refreshed","actor_id":"e06cdf85-b449-4dcb-b943-068aaad8cfa3","actor_username":"alice.anderson@authorsinfo.com","actor_via_sso":false,"log_type":"token"}', '2025-08-03 05:30:17.458051+00', ''),
	('00000000-0000-0000-0000-000000000000', '58dcfb16-f453-4ff4-afe6-1d093ff8ea37', '{"action":"token_revoked","actor_id":"e06cdf85-b449-4dcb-b943-068aaad8cfa3","actor_username":"alice.anderson@authorsinfo.com","actor_via_sso":false,"log_type":"token"}', '2025-08-03 05:30:17.479116+00', ''),
	('00000000-0000-0000-0000-000000000000', '91720f94-67b7-48ff-ad4a-b48c8e865c0a', '{"action":"token_refreshed","actor_id":"e06cdf85-b449-4dcb-b943-068aaad8cfa3","actor_username":"alice.anderson@authorsinfo.com","actor_via_sso":false,"log_type":"token"}', '2025-08-03 05:30:18.350203+00', ''),
	('00000000-0000-0000-0000-000000000000', '4972d671-1215-46c8-8701-d6698c1ee34b', '{"action":"token_refreshed","actor_id":"e06cdf85-b449-4dcb-b943-068aaad8cfa3","actor_username":"alice.anderson@authorsinfo.com","actor_via_sso":false,"log_type":"token"}', '2025-08-03 05:30:19.094707+00', ''),
	('00000000-0000-0000-0000-000000000000', 'cc67cd05-7c11-49b0-b7e6-acce8a494351', '{"action":"token_refreshed","actor_id":"e06cdf85-b449-4dcb-b943-068aaad8cfa3","actor_username":"alice.anderson@authorsinfo.com","actor_via_sso":false,"log_type":"token"}', '2025-08-03 06:28:50.598076+00', ''),
	('00000000-0000-0000-0000-000000000000', 'e8d85c77-cd9e-4d77-8a3c-19bda0d19dfb', '{"action":"token_revoked","actor_id":"e06cdf85-b449-4dcb-b943-068aaad8cfa3","actor_username":"alice.anderson@authorsinfo.com","actor_via_sso":false,"log_type":"token"}', '2025-08-03 06:28:50.613563+00', ''),
	('00000000-0000-0000-0000-000000000000', 'f461b207-ed1a-4d9d-99d0-dc1e93cb527b', '{"action":"token_refreshed","actor_id":"e06cdf85-b449-4dcb-b943-068aaad8cfa3","actor_username":"alice.anderson@authorsinfo.com","actor_via_sso":false,"log_type":"token"}', '2025-08-03 07:28:17.440905+00', ''),
	('00000000-0000-0000-0000-000000000000', 'af2abb80-5995-4d0f-9875-8b8bce12c8c4', '{"action":"token_revoked","actor_id":"e06cdf85-b449-4dcb-b943-068aaad8cfa3","actor_username":"alice.anderson@authorsinfo.com","actor_via_sso":false,"log_type":"token"}', '2025-08-03 07:28:17.464166+00', ''),
	('00000000-0000-0000-0000-000000000000', '253c7f03-a409-436f-a279-7587ede192e7', '{"action":"token_refreshed","actor_id":"e06cdf85-b449-4dcb-b943-068aaad8cfa3","actor_username":"alice.anderson@authorsinfo.com","actor_via_sso":false,"log_type":"token"}', '2025-08-03 07:28:18.113516+00', ''),
	('00000000-0000-0000-0000-000000000000', '492d9bb9-1a99-45e0-a2d5-4515a2002478', '{"action":"token_refreshed","actor_id":"e06cdf85-b449-4dcb-b943-068aaad8cfa3","actor_username":"alice.anderson@authorsinfo.com","actor_via_sso":false,"log_type":"token"}', '2025-08-03 07:28:18.541101+00', ''),
	('00000000-0000-0000-0000-000000000000', '24d5cc30-42d6-4322-bf3e-c0fbc47e1765', '{"action":"token_refreshed","actor_id":"e06cdf85-b449-4dcb-b943-068aaad8cfa3","actor_username":"alice.anderson@authorsinfo.com","actor_via_sso":false,"log_type":"token"}', '2025-08-03 08:27:17.362842+00', ''),
	('00000000-0000-0000-0000-000000000000', 'e37ab527-7fe9-4ce4-8034-16cf04311582', '{"action":"token_revoked","actor_id":"e06cdf85-b449-4dcb-b943-068aaad8cfa3","actor_username":"alice.anderson@authorsinfo.com","actor_via_sso":false,"log_type":"token"}', '2025-08-03 08:27:17.372426+00', ''),
	('00000000-0000-0000-0000-000000000000', '4ba99ce8-3327-4672-a9c1-c6e825164fed', '{"action":"token_refreshed","actor_id":"e06cdf85-b449-4dcb-b943-068aaad8cfa3","actor_username":"alice.anderson@authorsinfo.com","actor_via_sso":false,"log_type":"token"}', '2025-08-03 09:26:17.502326+00', ''),
	('00000000-0000-0000-0000-000000000000', '2a13430e-961f-4702-8d86-616c20e3d72a', '{"action":"token_revoked","actor_id":"e06cdf85-b449-4dcb-b943-068aaad8cfa3","actor_username":"alice.anderson@authorsinfo.com","actor_via_sso":false,"log_type":"token"}', '2025-08-03 09:26:17.516965+00', ''),
	('00000000-0000-0000-0000-000000000000', '3579d65b-8b83-4aef-8649-ac6c82f27c44', '{"action":"token_refreshed","actor_id":"e06cdf85-b449-4dcb-b943-068aaad8cfa3","actor_username":"alice.anderson@authorsinfo.com","actor_via_sso":false,"log_type":"token"}', '2025-08-03 10:25:17.446374+00', ''),
	('00000000-0000-0000-0000-000000000000', '1ed105ab-1688-4edc-8b47-7f811393c123', '{"action":"token_revoked","actor_id":"e06cdf85-b449-4dcb-b943-068aaad8cfa3","actor_username":"alice.anderson@authorsinfo.com","actor_via_sso":false,"log_type":"token"}', '2025-08-03 10:25:17.460797+00', ''),
	('00000000-0000-0000-0000-000000000000', '3e6cf4d8-5daa-4548-979c-8fcf77f639f7', '{"action":"token_refreshed","actor_id":"e06cdf85-b449-4dcb-b943-068aaad8cfa3","actor_username":"alice.anderson@authorsinfo.com","actor_via_sso":false,"log_type":"token"}', '2025-08-03 11:24:17.594518+00', ''),
	('00000000-0000-0000-0000-000000000000', '735fe011-0380-4862-8242-7a361c508aa2', '{"action":"token_revoked","actor_id":"e06cdf85-b449-4dcb-b943-068aaad8cfa3","actor_username":"alice.anderson@authorsinfo.com","actor_via_sso":false,"log_type":"token"}', '2025-08-03 11:24:17.612324+00', ''),
	('00000000-0000-0000-0000-000000000000', '9a327a2a-a317-4cee-b857-61c5ad1cd403', '{"action":"token_refreshed","actor_id":"e06cdf85-b449-4dcb-b943-068aaad8cfa3","actor_username":"alice.anderson@authorsinfo.com","actor_via_sso":false,"log_type":"token"}', '2025-08-04 22:27:52.891706+00', ''),
	('00000000-0000-0000-0000-000000000000', '94c9fb99-4ab2-47f8-9707-0c7f527b9d2c', '{"action":"token_revoked","actor_id":"e06cdf85-b449-4dcb-b943-068aaad8cfa3","actor_username":"alice.anderson@authorsinfo.com","actor_via_sso":false,"log_type":"token"}', '2025-08-04 22:27:52.908296+00', ''),
	('00000000-0000-0000-0000-000000000000', 'd5f543e4-25f4-4df1-b053-73c45912160c', '{"action":"token_refreshed","actor_id":"e06cdf85-b449-4dcb-b943-068aaad8cfa3","actor_username":"alice.anderson@authorsinfo.com","actor_via_sso":false,"log_type":"token"}', '2025-08-04 23:27:13.229874+00', ''),
	('00000000-0000-0000-0000-000000000000', 'a6bec107-5d1e-4b95-9953-9d70b7f7d418', '{"action":"token_revoked","actor_id":"e06cdf85-b449-4dcb-b943-068aaad8cfa3","actor_username":"alice.anderson@authorsinfo.com","actor_via_sso":false,"log_type":"token"}', '2025-08-04 23:27:13.246917+00', ''),
	('00000000-0000-0000-0000-000000000000', 'e5ba6702-b64f-49da-aa47-28b95d8bb607', '{"action":"token_refreshed","actor_id":"e06cdf85-b449-4dcb-b943-068aaad8cfa3","actor_username":"alice.anderson@authorsinfo.com","actor_via_sso":false,"log_type":"token"}', '2025-08-05 00:26:13.327724+00', ''),
	('00000000-0000-0000-0000-000000000000', '6ad1d775-c1aa-42f3-97d3-4d463a20a71c', '{"action":"token_revoked","actor_id":"e06cdf85-b449-4dcb-b943-068aaad8cfa3","actor_username":"alice.anderson@authorsinfo.com","actor_via_sso":false,"log_type":"token"}', '2025-08-05 00:26:13.346144+00', ''),
	('00000000-0000-0000-0000-000000000000', '735171a6-3d36-43f5-81bb-272a3b197a85', '{"action":"token_refreshed","actor_id":"e06cdf85-b449-4dcb-b943-068aaad8cfa3","actor_username":"alice.anderson@authorsinfo.com","actor_via_sso":false,"log_type":"token"}', '2025-08-05 01:25:13.339318+00', ''),
	('00000000-0000-0000-0000-000000000000', '998f3218-2192-4ca5-9704-2e8b3726dd9b', '{"action":"token_revoked","actor_id":"e06cdf85-b449-4dcb-b943-068aaad8cfa3","actor_username":"alice.anderson@authorsinfo.com","actor_via_sso":false,"log_type":"token"}', '2025-08-05 01:25:13.356433+00', ''),
	('00000000-0000-0000-0000-000000000000', '13dfe4d0-b083-49fd-b616-3bc0e68d1b86', '{"action":"token_refreshed","actor_id":"e06cdf85-b449-4dcb-b943-068aaad8cfa3","actor_username":"alice.anderson@authorsinfo.com","actor_via_sso":false,"log_type":"token"}', '2025-08-05 02:23:50.884348+00', ''),
	('00000000-0000-0000-0000-000000000000', 'b368b042-f9c1-461e-9340-1183e239e2db', '{"action":"token_revoked","actor_id":"e06cdf85-b449-4dcb-b943-068aaad8cfa3","actor_username":"alice.anderson@authorsinfo.com","actor_via_sso":false,"log_type":"token"}', '2025-08-05 02:23:50.904141+00', ''),
	('00000000-0000-0000-0000-000000000000', '8906297f-3c73-4fd9-9798-3a92652642d2', '{"action":"token_refreshed","actor_id":"e06cdf85-b449-4dcb-b943-068aaad8cfa3","actor_username":"alice.anderson@authorsinfo.com","actor_via_sso":false,"log_type":"token"}', '2025-08-05 02:23:52.096151+00', ''),
	('00000000-0000-0000-0000-000000000000', 'baca3cce-631c-434c-a2a8-6dc6a6a1672d', '{"action":"token_refreshed","actor_id":"e06cdf85-b449-4dcb-b943-068aaad8cfa3","actor_username":"alice.anderson@authorsinfo.com","actor_via_sso":false,"log_type":"token"}', '2025-08-05 02:23:52.488225+00', ''),
	('00000000-0000-0000-0000-000000000000', '2be9ed5a-c354-480b-ab4a-aea9cff73303', '{"action":"token_refreshed","actor_id":"e06cdf85-b449-4dcb-b943-068aaad8cfa3","actor_username":"alice.anderson@authorsinfo.com","actor_via_sso":false,"log_type":"token"}', '2025-08-05 02:23:52.883108+00', ''),
	('00000000-0000-0000-0000-000000000000', '853d9e87-f623-4055-bfac-74e892fc11f4', '{"action":"token_refreshed","actor_id":"e06cdf85-b449-4dcb-b943-068aaad8cfa3","actor_username":"alice.anderson@authorsinfo.com","actor_via_sso":false,"log_type":"token"}', '2025-08-05 02:23:53.319178+00', ''),
	('00000000-0000-0000-0000-000000000000', '013a28e7-8d00-4b8d-93b8-b82b86453d68', '{"action":"token_refreshed","actor_id":"e06cdf85-b449-4dcb-b943-068aaad8cfa3","actor_username":"alice.anderson@authorsinfo.com","actor_via_sso":false,"log_type":"token"}', '2025-08-05 13:30:01.507046+00', ''),
	('00000000-0000-0000-0000-000000000000', '12ee0080-0d8e-4b38-8233-6370f43f55e2', '{"action":"token_revoked","actor_id":"e06cdf85-b449-4dcb-b943-068aaad8cfa3","actor_username":"alice.anderson@authorsinfo.com","actor_via_sso":false,"log_type":"token"}', '2025-08-05 13:30:01.520774+00', ''),
	('00000000-0000-0000-0000-000000000000', 'f2c60b18-9068-4ed4-bd46-17230cee4820', '{"action":"token_refreshed","actor_id":"e06cdf85-b449-4dcb-b943-068aaad8cfa3","actor_username":"alice.anderson@authorsinfo.com","actor_via_sso":false,"log_type":"token"}', '2025-08-05 13:30:01.593445+00', ''),
	('00000000-0000-0000-0000-000000000000', '348b7a60-20d5-4d53-8cf5-eafb95567a73', '{"action":"token_refreshed","actor_id":"e06cdf85-b449-4dcb-b943-068aaad8cfa3","actor_username":"alice.anderson@authorsinfo.com","actor_via_sso":false,"log_type":"token"}', '2025-08-05 13:30:04.356866+00', ''),
	('00000000-0000-0000-0000-000000000000', '0e48db0b-5150-47c3-baa4-1ed1de463c5f', '{"action":"token_refreshed","actor_id":"e06cdf85-b449-4dcb-b943-068aaad8cfa3","actor_username":"alice.anderson@authorsinfo.com","actor_via_sso":false,"log_type":"token"}', '2025-08-05 14:28:45.161654+00', ''),
	('00000000-0000-0000-0000-000000000000', '5cf6281b-eb2a-49cc-b2a5-1c37f7f8f070', '{"action":"token_revoked","actor_id":"e06cdf85-b449-4dcb-b943-068aaad8cfa3","actor_username":"alice.anderson@authorsinfo.com","actor_via_sso":false,"log_type":"token"}', '2025-08-05 14:28:45.177402+00', ''),
	('00000000-0000-0000-0000-000000000000', '997fe167-f972-4bec-9700-1236e9ffb4ae', '{"action":"token_refreshed","actor_id":"e06cdf85-b449-4dcb-b943-068aaad8cfa3","actor_username":"alice.anderson@authorsinfo.com","actor_via_sso":false,"log_type":"token"}', '2025-08-05 15:28:13.412053+00', ''),
	('00000000-0000-0000-0000-000000000000', '31a77e78-5050-4e3d-a8b0-698d03211929', '{"action":"token_revoked","actor_id":"e06cdf85-b449-4dcb-b943-068aaad8cfa3","actor_username":"alice.anderson@authorsinfo.com","actor_via_sso":false,"log_type":"token"}', '2025-08-05 15:28:13.429653+00', ''),
	('00000000-0000-0000-0000-000000000000', '2282b84c-975d-4e9d-a599-a0f9e2424009', '{"action":"token_refreshed","actor_id":"e06cdf85-b449-4dcb-b943-068aaad8cfa3","actor_username":"alice.anderson@authorsinfo.com","actor_via_sso":false,"log_type":"token"}', '2025-08-05 16:27:02.299318+00', ''),
	('00000000-0000-0000-0000-000000000000', 'e7c4c4df-746d-425b-a4c8-0d596c77f174', '{"action":"token_revoked","actor_id":"e06cdf85-b449-4dcb-b943-068aaad8cfa3","actor_username":"alice.anderson@authorsinfo.com","actor_via_sso":false,"log_type":"token"}', '2025-08-05 16:27:02.314401+00', ''),
	('00000000-0000-0000-0000-000000000000', '1f10fb77-12f5-4623-8084-07ff3084b315', '{"action":"token_refreshed","actor_id":"e06cdf85-b449-4dcb-b943-068aaad8cfa3","actor_username":"alice.anderson@authorsinfo.com","actor_via_sso":false,"log_type":"token"}', '2025-08-05 17:25:49.391062+00', ''),
	('00000000-0000-0000-0000-000000000000', '09dc1bb8-ac76-4177-a943-7d025a2fa937', '{"action":"token_revoked","actor_id":"e06cdf85-b449-4dcb-b943-068aaad8cfa3","actor_username":"alice.anderson@authorsinfo.com","actor_via_sso":false,"log_type":"token"}', '2025-08-05 17:25:49.408075+00', ''),
	('00000000-0000-0000-0000-000000000000', '0fd9388f-dbae-4bb6-87dd-7f966f66afc1', '{"action":"token_refreshed","actor_id":"e06cdf85-b449-4dcb-b943-068aaad8cfa3","actor_username":"alice.anderson@authorsinfo.com","actor_via_sso":false,"log_type":"token"}', '2025-08-05 18:25:13.449188+00', ''),
	('00000000-0000-0000-0000-000000000000', '3b0b13a2-8a2b-4b52-bb82-ca66da2923bd', '{"action":"token_revoked","actor_id":"e06cdf85-b449-4dcb-b943-068aaad8cfa3","actor_username":"alice.anderson@authorsinfo.com","actor_via_sso":false,"log_type":"token"}', '2025-08-05 18:25:13.468669+00', ''),
	('00000000-0000-0000-0000-000000000000', '65dd2680-7b4e-4bc1-8be8-16e57bf0431c', '{"action":"token_refreshed","actor_id":"e06cdf85-b449-4dcb-b943-068aaad8cfa3","actor_username":"alice.anderson@authorsinfo.com","actor_via_sso":false,"log_type":"token"}', '2025-08-05 19:24:13.369792+00', ''),
	('00000000-0000-0000-0000-000000000000', 'a4b4149e-b1b6-44d3-9667-893540bf3636', '{"action":"token_revoked","actor_id":"e06cdf85-b449-4dcb-b943-068aaad8cfa3","actor_username":"alice.anderson@authorsinfo.com","actor_via_sso":false,"log_type":"token"}', '2025-08-05 19:24:13.383782+00', ''),
	('00000000-0000-0000-0000-000000000000', '21f03698-6ad6-4a49-8848-7dffa9e112e4', '{"action":"token_refreshed","actor_id":"e06cdf85-b449-4dcb-b943-068aaad8cfa3","actor_username":"alice.anderson@authorsinfo.com","actor_via_sso":false,"log_type":"token"}', '2025-08-05 20:23:13.512209+00', ''),
	('00000000-0000-0000-0000-000000000000', '09e1c0c2-2b51-423c-8f24-15a0480e9d88', '{"action":"token_revoked","actor_id":"e06cdf85-b449-4dcb-b943-068aaad8cfa3","actor_username":"alice.anderson@authorsinfo.com","actor_via_sso":false,"log_type":"token"}', '2025-08-05 20:23:13.53444+00', ''),
	('00000000-0000-0000-0000-000000000000', 'adc39ce2-5de3-4b3d-a3d3-66fd102d22a5', '{"action":"token_refreshed","actor_id":"e06cdf85-b449-4dcb-b943-068aaad8cfa3","actor_username":"alice.anderson@authorsinfo.com","actor_via_sso":false,"log_type":"token"}', '2025-08-05 21:22:13.553837+00', ''),
	('00000000-0000-0000-0000-000000000000', '6674f621-47f9-4c43-95c3-f16e955d7af9', '{"action":"token_revoked","actor_id":"e06cdf85-b449-4dcb-b943-068aaad8cfa3","actor_username":"alice.anderson@authorsinfo.com","actor_via_sso":false,"log_type":"token"}', '2025-08-05 21:22:13.570654+00', ''),
	('00000000-0000-0000-0000-000000000000', '90ccd8b4-b9c2-4890-b5c4-635cf8aacaa9', '{"action":"token_refreshed","actor_id":"e06cdf85-b449-4dcb-b943-068aaad8cfa3","actor_username":"alice.anderson@authorsinfo.com","actor_via_sso":false,"log_type":"token"}', '2025-08-05 22:21:13.54494+00', ''),
	('00000000-0000-0000-0000-000000000000', '1c959976-e7ab-45ba-a934-9e36245b1af9', '{"action":"token_revoked","actor_id":"e06cdf85-b449-4dcb-b943-068aaad8cfa3","actor_username":"alice.anderson@authorsinfo.com","actor_via_sso":false,"log_type":"token"}', '2025-08-05 22:21:13.557757+00', ''),
	('00000000-0000-0000-0000-000000000000', 'ee1e32ff-cdd3-42ec-b55a-332d188f9000', '{"action":"token_refreshed","actor_id":"e06cdf85-b449-4dcb-b943-068aaad8cfa3","actor_username":"alice.anderson@authorsinfo.com","actor_via_sso":false,"log_type":"token"}', '2025-08-05 23:19:38.479963+00', ''),
	('00000000-0000-0000-0000-000000000000', '8692a2ac-2b56-4480-b755-a04c2a9966d8', '{"action":"token_revoked","actor_id":"e06cdf85-b449-4dcb-b943-068aaad8cfa3","actor_username":"alice.anderson@authorsinfo.com","actor_via_sso":false,"log_type":"token"}', '2025-08-05 23:19:38.497528+00', ''),
	('00000000-0000-0000-0000-000000000000', 'e6a70569-6292-4015-bafa-f0b0075b6480', '{"action":"token_refreshed","actor_id":"e06cdf85-b449-4dcb-b943-068aaad8cfa3","actor_username":"alice.anderson@authorsinfo.com","actor_via_sso":false,"log_type":"token"}', '2025-08-06 00:17:52.43245+00', ''),
	('00000000-0000-0000-0000-000000000000', 'd002d44d-e0b0-44dd-8982-cb7eeef16260', '{"action":"token_revoked","actor_id":"e06cdf85-b449-4dcb-b943-068aaad8cfa3","actor_username":"alice.anderson@authorsinfo.com","actor_via_sso":false,"log_type":"token"}', '2025-08-06 00:17:52.442841+00', ''),
	('00000000-0000-0000-0000-000000000000', 'cd360811-3728-4944-b7e4-fb55f48b63c8', '{"action":"token_refreshed","actor_id":"e06cdf85-b449-4dcb-b943-068aaad8cfa3","actor_username":"alice.anderson@authorsinfo.com","actor_via_sso":false,"log_type":"token"}', '2025-08-06 01:17:13.552918+00', ''),
	('00000000-0000-0000-0000-000000000000', '2aad2369-27f4-4a74-b718-5d91450e4c4b', '{"action":"token_revoked","actor_id":"e06cdf85-b449-4dcb-b943-068aaad8cfa3","actor_username":"alice.anderson@authorsinfo.com","actor_via_sso":false,"log_type":"token"}', '2025-08-06 01:17:13.564576+00', ''),
	('00000000-0000-0000-0000-000000000000', '41210123-702a-469f-b128-7e88edb5960a', '{"action":"token_refreshed","actor_id":"e06cdf85-b449-4dcb-b943-068aaad8cfa3","actor_username":"alice.anderson@authorsinfo.com","actor_via_sso":false,"log_type":"token"}', '2025-08-06 02:16:13.654443+00', ''),
	('00000000-0000-0000-0000-000000000000', '4ef6d88b-658d-4dba-9bf9-3db82278cded', '{"action":"token_revoked","actor_id":"e06cdf85-b449-4dcb-b943-068aaad8cfa3","actor_username":"alice.anderson@authorsinfo.com","actor_via_sso":false,"log_type":"token"}', '2025-08-06 02:16:13.670888+00', ''),
	('00000000-0000-0000-0000-000000000000', '2b19b22c-9890-4d79-abfb-4e558eaef0d8', '{"action":"token_refreshed","actor_id":"e06cdf85-b449-4dcb-b943-068aaad8cfa3","actor_username":"alice.anderson@authorsinfo.com","actor_via_sso":false,"log_type":"token"}', '2025-08-06 03:15:13.664887+00', ''),
	('00000000-0000-0000-0000-000000000000', '53c23743-feef-4893-a35e-786262f5312c', '{"action":"token_revoked","actor_id":"e06cdf85-b449-4dcb-b943-068aaad8cfa3","actor_username":"alice.anderson@authorsinfo.com","actor_via_sso":false,"log_type":"token"}', '2025-08-06 03:15:13.687632+00', ''),
	('00000000-0000-0000-0000-000000000000', 'e0dde881-e49f-4900-88d9-86fd570ce2a5', '{"action":"token_refreshed","actor_id":"e06cdf85-b449-4dcb-b943-068aaad8cfa3","actor_username":"alice.anderson@authorsinfo.com","actor_via_sso":false,"log_type":"token"}', '2025-08-06 04:15:40.126319+00', ''),
	('00000000-0000-0000-0000-000000000000', '5b96f979-6171-4b5f-ac7f-211970c9f2c8', '{"action":"token_revoked","actor_id":"e06cdf85-b449-4dcb-b943-068aaad8cfa3","actor_username":"alice.anderson@authorsinfo.com","actor_via_sso":false,"log_type":"token"}', '2025-08-06 04:15:40.139957+00', ''),
	('00000000-0000-0000-0000-000000000000', 'd1480017-a5a3-43e6-9fdf-cc14c5371b22', '{"action":"token_refreshed","actor_id":"e06cdf85-b449-4dcb-b943-068aaad8cfa3","actor_username":"alice.anderson@authorsinfo.com","actor_via_sso":false,"log_type":"token"}', '2025-08-06 04:15:42.05121+00', ''),
	('00000000-0000-0000-0000-000000000000', '80c15e39-898d-45a3-b1d4-19909a397577', '{"action":"token_refreshed","actor_id":"e06cdf85-b449-4dcb-b943-068aaad8cfa3","actor_username":"alice.anderson@authorsinfo.com","actor_via_sso":false,"log_type":"token"}', '2025-08-06 05:14:38.650062+00', ''),
	('00000000-0000-0000-0000-000000000000', '2b0fca69-f2a3-43b7-be1f-7ebfd4e0f189', '{"action":"token_revoked","actor_id":"e06cdf85-b449-4dcb-b943-068aaad8cfa3","actor_username":"alice.anderson@authorsinfo.com","actor_via_sso":false,"log_type":"token"}', '2025-08-06 05:14:38.667616+00', ''),
	('00000000-0000-0000-0000-000000000000', 'f342bab8-c5be-4f74-9dd7-187e02571413', '{"action":"token_refreshed","actor_id":"e06cdf85-b449-4dcb-b943-068aaad8cfa3","actor_username":"alice.anderson@authorsinfo.com","actor_via_sso":false,"log_type":"token"}', '2025-08-06 06:13:48.777187+00', ''),
	('00000000-0000-0000-0000-000000000000', 'ff65366a-1dbf-44c1-8f8a-df8eaaf7e661', '{"action":"token_revoked","actor_id":"e06cdf85-b449-4dcb-b943-068aaad8cfa3","actor_username":"alice.anderson@authorsinfo.com","actor_via_sso":false,"log_type":"token"}', '2025-08-06 06:13:48.790043+00', ''),
	('00000000-0000-0000-0000-000000000000', '52582174-d5f5-4247-bfe0-b76386ae6890', '{"action":"token_refreshed","actor_id":"e06cdf85-b449-4dcb-b943-068aaad8cfa3","actor_username":"alice.anderson@authorsinfo.com","actor_via_sso":false,"log_type":"token"}', '2025-08-06 07:12:48.774055+00', ''),
	('00000000-0000-0000-0000-000000000000', '0f33cd4a-24dc-4d44-8f75-d53cb25b1906', '{"action":"token_revoked","actor_id":"e06cdf85-b449-4dcb-b943-068aaad8cfa3","actor_username":"alice.anderson@authorsinfo.com","actor_via_sso":false,"log_type":"token"}', '2025-08-06 07:12:48.797679+00', ''),
	('00000000-0000-0000-0000-000000000000', '5d545661-11ee-463c-b3d9-296408001aa7', '{"action":"token_refreshed","actor_id":"e06cdf85-b449-4dcb-b943-068aaad8cfa3","actor_username":"alice.anderson@authorsinfo.com","actor_via_sso":false,"log_type":"token"}', '2025-08-06 08:11:48.766795+00', ''),
	('00000000-0000-0000-0000-000000000000', 'c33c7ed9-b3b5-48b0-9fda-b4eef1548c53', '{"action":"token_revoked","actor_id":"e06cdf85-b449-4dcb-b943-068aaad8cfa3","actor_username":"alice.anderson@authorsinfo.com","actor_via_sso":false,"log_type":"token"}', '2025-08-06 08:11:48.781625+00', ''),
	('00000000-0000-0000-0000-000000000000', '7508dd27-b9de-48de-b867-a1d5a5191954', '{"action":"token_refreshed","actor_id":"e06cdf85-b449-4dcb-b943-068aaad8cfa3","actor_username":"alice.anderson@authorsinfo.com","actor_via_sso":false,"log_type":"token"}', '2025-08-06 09:10:48.770219+00', ''),
	('00000000-0000-0000-0000-000000000000', '5d6aa79a-8950-411b-8b52-229dd5633d8a', '{"action":"token_revoked","actor_id":"e06cdf85-b449-4dcb-b943-068aaad8cfa3","actor_username":"alice.anderson@authorsinfo.com","actor_via_sso":false,"log_type":"token"}', '2025-08-06 09:10:48.782702+00', ''),
	('00000000-0000-0000-0000-000000000000', 'be8e7d5c-2561-48e0-99fc-eb7fdaeb7500', '{"action":"token_refreshed","actor_id":"e06cdf85-b449-4dcb-b943-068aaad8cfa3","actor_username":"alice.anderson@authorsinfo.com","actor_via_sso":false,"log_type":"token"}', '2025-08-06 10:09:48.741127+00', ''),
	('00000000-0000-0000-0000-000000000000', '0c64629a-c482-4682-8a18-8acf6e4b2657', '{"action":"token_revoked","actor_id":"e06cdf85-b449-4dcb-b943-068aaad8cfa3","actor_username":"alice.anderson@authorsinfo.com","actor_via_sso":false,"log_type":"token"}', '2025-08-06 10:09:48.759278+00', ''),
	('00000000-0000-0000-0000-000000000000', 'e855d7ab-65c8-4892-b535-bd6a3c66eee8', '{"action":"token_refreshed","actor_id":"e06cdf85-b449-4dcb-b943-068aaad8cfa3","actor_username":"alice.anderson@authorsinfo.com","actor_via_sso":false,"log_type":"token"}', '2025-08-06 11:08:48.869194+00', ''),
	('00000000-0000-0000-0000-000000000000', 'b991e445-b717-424e-bb42-e979e063c3bd', '{"action":"token_revoked","actor_id":"e06cdf85-b449-4dcb-b943-068aaad8cfa3","actor_username":"alice.anderson@authorsinfo.com","actor_via_sso":false,"log_type":"token"}', '2025-08-06 11:08:48.892778+00', ''),
	('00000000-0000-0000-0000-000000000000', '4435f2eb-61eb-482a-ac4f-a55b0e24d309', '{"action":"token_refreshed","actor_id":"e06cdf85-b449-4dcb-b943-068aaad8cfa3","actor_username":"alice.anderson@authorsinfo.com","actor_via_sso":false,"log_type":"token"}', '2025-08-06 12:07:48.79853+00', ''),
	('00000000-0000-0000-0000-000000000000', '641aaa8a-548e-462a-bb94-fd9f760fd8fb', '{"action":"token_revoked","actor_id":"e06cdf85-b449-4dcb-b943-068aaad8cfa3","actor_username":"alice.anderson@authorsinfo.com","actor_via_sso":false,"log_type":"token"}', '2025-08-06 12:07:48.810951+00', ''),
	('00000000-0000-0000-0000-000000000000', '658279f6-a0f2-40ea-bc1b-18789e9e5dd7', '{"action":"token_refreshed","actor_id":"e06cdf85-b449-4dcb-b943-068aaad8cfa3","actor_username":"alice.anderson@authorsinfo.com","actor_via_sso":false,"log_type":"token"}', '2025-08-06 13:09:36.411393+00', ''),
	('00000000-0000-0000-0000-000000000000', 'a6af3c31-d952-4709-82c4-43b352453b68', '{"action":"token_revoked","actor_id":"e06cdf85-b449-4dcb-b943-068aaad8cfa3","actor_username":"alice.anderson@authorsinfo.com","actor_via_sso":false,"log_type":"token"}', '2025-08-06 13:09:36.427837+00', ''),
	('00000000-0000-0000-0000-000000000000', 'dcf61df4-44b9-4ebe-9824-b69e999b77ac', '{"action":"token_refreshed","actor_id":"e06cdf85-b449-4dcb-b943-068aaad8cfa3","actor_username":"alice.anderson@authorsinfo.com","actor_via_sso":false,"log_type":"token"}', '2025-08-06 13:09:37.424581+00', ''),
	('00000000-0000-0000-0000-000000000000', 'e6e9afb4-ac66-49a5-a86c-e415ae514fb7', '{"action":"token_refreshed","actor_id":"e06cdf85-b449-4dcb-b943-068aaad8cfa3","actor_username":"alice.anderson@authorsinfo.com","actor_via_sso":false,"log_type":"token"}', '2025-08-09 18:51:02.265083+00', ''),
	('00000000-0000-0000-0000-000000000000', 'dfa279a5-2b0c-417f-88b0-76620b38c303', '{"action":"token_revoked","actor_id":"e06cdf85-b449-4dcb-b943-068aaad8cfa3","actor_username":"alice.anderson@authorsinfo.com","actor_via_sso":false,"log_type":"token"}', '2025-08-09 18:51:02.29393+00', ''),
	('00000000-0000-0000-0000-000000000000', '0231c778-3d70-4b0e-8dbb-63b885fc5517', '{"action":"token_refreshed","actor_id":"e06cdf85-b449-4dcb-b943-068aaad8cfa3","actor_username":"alice.anderson@authorsinfo.com","actor_via_sso":false,"log_type":"token"}', '2025-08-10 01:53:48.256232+00', ''),
	('00000000-0000-0000-0000-000000000000', 'e789c262-a99f-49e0-b85c-cdc1880a0603', '{"action":"token_revoked","actor_id":"e06cdf85-b449-4dcb-b943-068aaad8cfa3","actor_username":"alice.anderson@authorsinfo.com","actor_via_sso":false,"log_type":"token"}', '2025-08-10 01:53:48.281973+00', ''),
	('00000000-0000-0000-0000-000000000000', '70d592c2-9c62-4696-a177-3c4a55eaf26d', '{"action":"token_refreshed","actor_id":"e06cdf85-b449-4dcb-b943-068aaad8cfa3","actor_username":"alice.anderson@authorsinfo.com","actor_via_sso":false,"log_type":"token"}', '2025-08-10 01:53:50.50304+00', ''),
	('00000000-0000-0000-0000-000000000000', '7bfd42af-c12a-404f-924a-c6bf3f62724e', '{"action":"token_refreshed","actor_id":"e06cdf85-b449-4dcb-b943-068aaad8cfa3","actor_username":"alice.anderson@authorsinfo.com","actor_via_sso":false,"log_type":"token"}', '2025-08-10 02:53:18.074395+00', ''),
	('00000000-0000-0000-0000-000000000000', '5602f65f-69cd-4ce5-b645-2ce75921aaef', '{"action":"token_revoked","actor_id":"e06cdf85-b449-4dcb-b943-068aaad8cfa3","actor_username":"alice.anderson@authorsinfo.com","actor_via_sso":false,"log_type":"token"}', '2025-08-10 02:53:18.103304+00', ''),
	('00000000-0000-0000-0000-000000000000', '00f79c45-374f-4048-af81-4c0d785fd490', '{"action":"token_refreshed","actor_id":"e06cdf85-b449-4dcb-b943-068aaad8cfa3","actor_username":"alice.anderson@authorsinfo.com","actor_via_sso":false,"log_type":"token"}', '2025-08-10 03:52:18.05252+00', ''),
	('00000000-0000-0000-0000-000000000000', '1840c948-6004-410c-a670-c8a33abdbe31', '{"action":"token_revoked","actor_id":"e06cdf85-b449-4dcb-b943-068aaad8cfa3","actor_username":"alice.anderson@authorsinfo.com","actor_via_sso":false,"log_type":"token"}', '2025-08-10 03:52:18.073137+00', ''),
	('00000000-0000-0000-0000-000000000000', '330b0f60-292e-4781-8afe-3ced7674b50a', '{"action":"token_refreshed","actor_id":"e06cdf85-b449-4dcb-b943-068aaad8cfa3","actor_username":"alice.anderson@authorsinfo.com","actor_via_sso":false,"log_type":"token"}', '2025-08-10 04:51:17.98185+00', ''),
	('00000000-0000-0000-0000-000000000000', '66641694-1bc1-4128-a69a-18a03ef9cdbc', '{"action":"token_revoked","actor_id":"e06cdf85-b449-4dcb-b943-068aaad8cfa3","actor_username":"alice.anderson@authorsinfo.com","actor_via_sso":false,"log_type":"token"}', '2025-08-10 04:51:18.005884+00', ''),
	('00000000-0000-0000-0000-000000000000', '98892d82-b635-4270-a47e-2f2f99873982', '{"action":"token_refreshed","actor_id":"e06cdf85-b449-4dcb-b943-068aaad8cfa3","actor_username":"alice.anderson@authorsinfo.com","actor_via_sso":false,"log_type":"token"}', '2025-08-10 05:50:17.988696+00', ''),
	('00000000-0000-0000-0000-000000000000', '1f1840a4-bca4-449d-a07f-691f1aa1c19e', '{"action":"token_revoked","actor_id":"e06cdf85-b449-4dcb-b943-068aaad8cfa3","actor_username":"alice.anderson@authorsinfo.com","actor_via_sso":false,"log_type":"token"}', '2025-08-10 05:50:18.009649+00', ''),
	('00000000-0000-0000-0000-000000000000', '5cb848c0-1eab-4a46-813e-ae5f4a264bd7', '{"action":"token_refreshed","actor_id":"e06cdf85-b449-4dcb-b943-068aaad8cfa3","actor_username":"alice.anderson@authorsinfo.com","actor_via_sso":false,"log_type":"token"}', '2025-08-10 06:49:18.10522+00', ''),
	('00000000-0000-0000-0000-000000000000', '0a117e1a-7a2c-4483-b416-9bb7466ef4b1', '{"action":"token_revoked","actor_id":"e06cdf85-b449-4dcb-b943-068aaad8cfa3","actor_username":"alice.anderson@authorsinfo.com","actor_via_sso":false,"log_type":"token"}', '2025-08-10 06:49:18.122065+00', ''),
	('00000000-0000-0000-0000-000000000000', 'a74bef9e-a298-4262-b3e1-5ee4786188e2', '{"action":"token_refreshed","actor_id":"e06cdf85-b449-4dcb-b943-068aaad8cfa3","actor_username":"alice.anderson@authorsinfo.com","actor_via_sso":false,"log_type":"token"}', '2025-08-10 07:48:18.011335+00', ''),
	('00000000-0000-0000-0000-000000000000', 'f76657db-f7e4-448e-8206-f067639ee3b7', '{"action":"token_revoked","actor_id":"e06cdf85-b449-4dcb-b943-068aaad8cfa3","actor_username":"alice.anderson@authorsinfo.com","actor_via_sso":false,"log_type":"token"}', '2025-08-10 07:48:18.033564+00', ''),
	('00000000-0000-0000-0000-000000000000', '7166dd88-f0d8-419f-800b-8f1302c785ab', '{"action":"token_refreshed","actor_id":"e06cdf85-b449-4dcb-b943-068aaad8cfa3","actor_username":"alice.anderson@authorsinfo.com","actor_via_sso":false,"log_type":"token"}', '2025-08-10 08:47:18.088983+00', ''),
	('00000000-0000-0000-0000-000000000000', 'dc30306c-23c3-4fea-b8e2-57a00d055c02', '{"action":"token_revoked","actor_id":"e06cdf85-b449-4dcb-b943-068aaad8cfa3","actor_username":"alice.anderson@authorsinfo.com","actor_via_sso":false,"log_type":"token"}', '2025-08-10 08:47:18.102354+00', ''),
	('00000000-0000-0000-0000-000000000000', '571af610-98f4-47b3-b0a9-61e98ab22200', '{"action":"token_refreshed","actor_id":"e06cdf85-b449-4dcb-b943-068aaad8cfa3","actor_username":"alice.anderson@authorsinfo.com","actor_via_sso":false,"log_type":"token"}', '2025-08-10 09:46:18.052865+00', ''),
	('00000000-0000-0000-0000-000000000000', '1091382c-b77c-4fea-9394-bd7f9bde5897', '{"action":"token_revoked","actor_id":"e06cdf85-b449-4dcb-b943-068aaad8cfa3","actor_username":"alice.anderson@authorsinfo.com","actor_via_sso":false,"log_type":"token"}', '2025-08-10 09:46:18.069513+00', ''),
	('00000000-0000-0000-0000-000000000000', '2574e919-24d6-45d4-a7a8-3ea16a90f09a', '{"action":"token_refreshed","actor_id":"e06cdf85-b449-4dcb-b943-068aaad8cfa3","actor_username":"alice.anderson@authorsinfo.com","actor_via_sso":false,"log_type":"token"}', '2025-08-10 10:45:18.151551+00', ''),
	('00000000-0000-0000-0000-000000000000', 'dd87ed93-9091-43c1-b0fc-9100de8362fb', '{"action":"token_revoked","actor_id":"e06cdf85-b449-4dcb-b943-068aaad8cfa3","actor_username":"alice.anderson@authorsinfo.com","actor_via_sso":false,"log_type":"token"}', '2025-08-10 10:45:18.17049+00', ''),
	('00000000-0000-0000-0000-000000000000', 'eb10577f-1169-4add-be0a-fd218314a778', '{"action":"token_refreshed","actor_id":"e06cdf85-b449-4dcb-b943-068aaad8cfa3","actor_username":"alice.anderson@authorsinfo.com","actor_via_sso":false,"log_type":"token"}', '2025-08-10 23:16:27.149681+00', ''),
	('00000000-0000-0000-0000-000000000000', 'ec31bb39-6e51-428d-8704-c02143a85bd1', '{"action":"token_revoked","actor_id":"e06cdf85-b449-4dcb-b943-068aaad8cfa3","actor_username":"alice.anderson@authorsinfo.com","actor_via_sso":false,"log_type":"token"}', '2025-08-10 23:16:27.176548+00', ''),
	('00000000-0000-0000-0000-000000000000', '9d1b1769-0188-46f0-ae3a-01d2d4f60bb0', '{"action":"token_refreshed","actor_id":"e06cdf85-b449-4dcb-b943-068aaad8cfa3","actor_username":"alice.anderson@authorsinfo.com","actor_via_sso":false,"log_type":"token"}', '2025-08-10 23:16:28.234102+00', ''),
	('00000000-0000-0000-0000-000000000000', 'f5a4f4f2-d12f-4308-a60a-6d19601e67a0', '{"action":"token_refreshed","actor_id":"e06cdf85-b449-4dcb-b943-068aaad8cfa3","actor_username":"alice.anderson@authorsinfo.com","actor_via_sso":false,"log_type":"token"}', '2025-08-11 02:51:13.206686+00', ''),
	('00000000-0000-0000-0000-000000000000', '987f7009-d149-4b0d-937c-5bd73f0b57fc', '{"action":"token_revoked","actor_id":"e06cdf85-b449-4dcb-b943-068aaad8cfa3","actor_username":"alice.anderson@authorsinfo.com","actor_via_sso":false,"log_type":"token"}', '2025-08-11 02:51:13.231686+00', ''),
	('00000000-0000-0000-0000-000000000000', '6d3d06dd-6ec8-4887-9b0a-676c0829e40d', '{"action":"token_refreshed","actor_id":"e06cdf85-b449-4dcb-b943-068aaad8cfa3","actor_username":"alice.anderson@authorsinfo.com","actor_via_sso":false,"log_type":"token"}', '2025-08-11 02:51:15.57252+00', ''),
	('00000000-0000-0000-0000-000000000000', 'fbce2175-e623-482b-95b3-937d3ac3fe79', '{"action":"token_refreshed","actor_id":"e06cdf85-b449-4dcb-b943-068aaad8cfa3","actor_username":"alice.anderson@authorsinfo.com","actor_via_sso":false,"log_type":"token"}', '2025-08-11 02:51:15.642407+00', ''),
	('00000000-0000-0000-0000-000000000000', '5ee2cfda-4624-4c7d-b3ec-1af100ea0ea8', '{"action":"token_refreshed","actor_id":"e06cdf85-b449-4dcb-b943-068aaad8cfa3","actor_username":"alice.anderson@authorsinfo.com","actor_via_sso":false,"log_type":"token"}', '2025-08-11 02:51:16.358401+00', ''),
	('00000000-0000-0000-0000-000000000000', '6b4e54e3-c7d1-41f1-a0bd-dbfab18a7af7', '{"action":"token_refreshed","actor_id":"e06cdf85-b449-4dcb-b943-068aaad8cfa3","actor_username":"alice.anderson@authorsinfo.com","actor_via_sso":false,"log_type":"token"}', '2025-08-11 03:50:26.067229+00', ''),
	('00000000-0000-0000-0000-000000000000', 'bf98cba7-9b0f-4bc8-9eba-feb6821aafe9', '{"action":"token_revoked","actor_id":"e06cdf85-b449-4dcb-b943-068aaad8cfa3","actor_username":"alice.anderson@authorsinfo.com","actor_via_sso":false,"log_type":"token"}', '2025-08-11 03:50:26.079652+00', ''),
	('00000000-0000-0000-0000-000000000000', '67c0e85a-ce62-40e7-ae69-1205b74f6f69', '{"action":"token_refreshed","actor_id":"e06cdf85-b449-4dcb-b943-068aaad8cfa3","actor_username":"alice.anderson@authorsinfo.com","actor_via_sso":false,"log_type":"token"}', '2025-08-11 04:48:54.009645+00', ''),
	('00000000-0000-0000-0000-000000000000', '0c5afc05-8d48-4e2e-9e5f-f1cc5519349b', '{"action":"token_revoked","actor_id":"e06cdf85-b449-4dcb-b943-068aaad8cfa3","actor_username":"alice.anderson@authorsinfo.com","actor_via_sso":false,"log_type":"token"}', '2025-08-11 04:48:54.031387+00', ''),
	('00000000-0000-0000-0000-000000000000', '8d60be3b-73d0-4245-8d5d-94c8edaaad0a', '{"action":"token_refreshed","actor_id":"e06cdf85-b449-4dcb-b943-068aaad8cfa3","actor_username":"alice.anderson@authorsinfo.com","actor_via_sso":false,"log_type":"token"}', '2025-08-11 05:47:26.259823+00', ''),
	('00000000-0000-0000-0000-000000000000', 'b9e98e8f-a043-45a5-add1-23d88e81f58e', '{"action":"token_revoked","actor_id":"e06cdf85-b449-4dcb-b943-068aaad8cfa3","actor_username":"alice.anderson@authorsinfo.com","actor_via_sso":false,"log_type":"token"}', '2025-08-11 05:47:26.278282+00', ''),
	('00000000-0000-0000-0000-000000000000', '0b73edf9-1936-414e-be63-9a1637cfbc2d', '{"action":"token_refreshed","actor_id":"e06cdf85-b449-4dcb-b943-068aaad8cfa3","actor_username":"alice.anderson@authorsinfo.com","actor_via_sso":false,"log_type":"token"}', '2025-08-11 06:46:26.225511+00', ''),
	('00000000-0000-0000-0000-000000000000', '5c956ac4-d350-424a-a980-2ee16369c8a7', '{"action":"token_revoked","actor_id":"e06cdf85-b449-4dcb-b943-068aaad8cfa3","actor_username":"alice.anderson@authorsinfo.com","actor_via_sso":false,"log_type":"token"}', '2025-08-11 06:46:26.256611+00', ''),
	('00000000-0000-0000-0000-000000000000', '8fc2fc43-440a-45cd-985c-67f7f5bb9dd4', '{"action":"token_refreshed","actor_id":"e06cdf85-b449-4dcb-b943-068aaad8cfa3","actor_username":"alice.anderson@authorsinfo.com","actor_via_sso":false,"log_type":"token"}', '2025-08-11 07:45:26.136777+00', ''),
	('00000000-0000-0000-0000-000000000000', '0b54dbae-279b-4c4c-bd44-591b6538516b', '{"action":"token_revoked","actor_id":"e06cdf85-b449-4dcb-b943-068aaad8cfa3","actor_username":"alice.anderson@authorsinfo.com","actor_via_sso":false,"log_type":"token"}', '2025-08-11 07:45:26.155495+00', ''),
	('00000000-0000-0000-0000-000000000000', 'cce1ea1d-e8db-4e75-9b1f-68323494836d', '{"action":"token_refreshed","actor_id":"e06cdf85-b449-4dcb-b943-068aaad8cfa3","actor_username":"alice.anderson@authorsinfo.com","actor_via_sso":false,"log_type":"token"}', '2025-08-11 08:44:26.25488+00', ''),
	('00000000-0000-0000-0000-000000000000', 'fd514370-3325-4713-b327-fa3704bbff9a', '{"action":"token_revoked","actor_id":"e06cdf85-b449-4dcb-b943-068aaad8cfa3","actor_username":"alice.anderson@authorsinfo.com","actor_via_sso":false,"log_type":"token"}', '2025-08-11 08:44:26.275212+00', ''),
	('00000000-0000-0000-0000-000000000000', '3bad488d-d05e-429a-b487-3121964210b7', '{"action":"token_refreshed","actor_id":"e06cdf85-b449-4dcb-b943-068aaad8cfa3","actor_username":"alice.anderson@authorsinfo.com","actor_via_sso":false,"log_type":"token"}', '2025-08-11 09:43:26.172388+00', ''),
	('00000000-0000-0000-0000-000000000000', '7f22405e-5e25-4f85-8087-b694f0854a91', '{"action":"token_revoked","actor_id":"e06cdf85-b449-4dcb-b943-068aaad8cfa3","actor_username":"alice.anderson@authorsinfo.com","actor_via_sso":false,"log_type":"token"}', '2025-08-11 09:43:26.194893+00', ''),
	('00000000-0000-0000-0000-000000000000', '5ecbfa57-c4d5-4705-b749-5f79b5eebba3', '{"action":"token_refreshed","actor_id":"e06cdf85-b449-4dcb-b943-068aaad8cfa3","actor_username":"alice.anderson@authorsinfo.com","actor_via_sso":false,"log_type":"token"}', '2025-08-11 10:42:26.372775+00', ''),
	('00000000-0000-0000-0000-000000000000', 'faf60ac5-2650-4e15-a415-6cc4631b47b5', '{"action":"token_revoked","actor_id":"e06cdf85-b449-4dcb-b943-068aaad8cfa3","actor_username":"alice.anderson@authorsinfo.com","actor_via_sso":false,"log_type":"token"}', '2025-08-11 10:42:26.387622+00', ''),
	('00000000-0000-0000-0000-000000000000', '52171bc3-9de4-41a1-8667-223a35d730ac', '{"action":"token_refreshed","actor_id":"e06cdf85-b449-4dcb-b943-068aaad8cfa3","actor_username":"alice.anderson@authorsinfo.com","actor_via_sso":false,"log_type":"token"}', '2025-08-12 18:08:47.223215+00', ''),
	('00000000-0000-0000-0000-000000000000', 'cf157772-e6c5-44b3-a953-f7d34dd3f2c9', '{"action":"token_revoked","actor_id":"e06cdf85-b449-4dcb-b943-068aaad8cfa3","actor_username":"alice.anderson@authorsinfo.com","actor_via_sso":false,"log_type":"token"}', '2025-08-12 18:08:47.24865+00', ''),
	('00000000-0000-0000-0000-000000000000', '8413836b-9316-4ac6-8aa8-99ae6c4fa39d', '{"action":"token_refreshed","actor_id":"e06cdf85-b449-4dcb-b943-068aaad8cfa3","actor_username":"alice.anderson@authorsinfo.com","actor_via_sso":false,"log_type":"token"}', '2025-08-12 18:08:47.334023+00', ''),
	('00000000-0000-0000-0000-000000000000', 'b454db2b-27b7-4786-abb6-dee7c590b963', '{"action":"token_refreshed","actor_id":"e06cdf85-b449-4dcb-b943-068aaad8cfa3","actor_username":"alice.anderson@authorsinfo.com","actor_via_sso":false,"log_type":"token"}', '2025-08-12 18:08:50.797386+00', ''),
	('00000000-0000-0000-0000-000000000000', '3a861380-397c-4cec-9544-6cb41c100ff4', '{"action":"token_refreshed","actor_id":"e06cdf85-b449-4dcb-b943-068aaad8cfa3","actor_username":"alice.anderson@authorsinfo.com","actor_via_sso":false,"log_type":"token"}', '2025-08-12 22:46:40.349321+00', ''),
	('00000000-0000-0000-0000-000000000000', 'd3e883ac-a88a-4010-8340-bc29350c5442', '{"action":"token_revoked","actor_id":"e06cdf85-b449-4dcb-b943-068aaad8cfa3","actor_username":"alice.anderson@authorsinfo.com","actor_via_sso":false,"log_type":"token"}', '2025-08-12 22:46:40.375254+00', ''),
	('00000000-0000-0000-0000-000000000000', 'a645c842-d85d-4e36-af88-e10d31f546b1', '{"action":"token_refreshed","actor_id":"e06cdf85-b449-4dcb-b943-068aaad8cfa3","actor_username":"alice.anderson@authorsinfo.com","actor_via_sso":false,"log_type":"token"}', '2025-08-12 22:46:41.161131+00', ''),
	('00000000-0000-0000-0000-000000000000', 'd33b2674-d9df-459c-9f7f-57eb5361f308', '{"action":"token_refreshed","actor_id":"e06cdf85-b449-4dcb-b943-068aaad8cfa3","actor_username":"alice.anderson@authorsinfo.com","actor_via_sso":false,"log_type":"token"}', '2025-08-12 23:46:20.889443+00', ''),
	('00000000-0000-0000-0000-000000000000', '08c1bbe1-87ee-4184-bb66-8283e9140368', '{"action":"token_revoked","actor_id":"e06cdf85-b449-4dcb-b943-068aaad8cfa3","actor_username":"alice.anderson@authorsinfo.com","actor_via_sso":false,"log_type":"token"}', '2025-08-12 23:46:20.905574+00', ''),
	('00000000-0000-0000-0000-000000000000', '38de721f-71e0-4702-8ecd-293df6c010c8', '{"action":"token_refreshed","actor_id":"e06cdf85-b449-4dcb-b943-068aaad8cfa3","actor_username":"alice.anderson@authorsinfo.com","actor_via_sso":false,"log_type":"token"}', '2025-08-13 12:48:31.901019+00', ''),
	('00000000-0000-0000-0000-000000000000', '7e97bdf5-a8d4-4baa-ab4e-64933a4b3698', '{"action":"token_revoked","actor_id":"e06cdf85-b449-4dcb-b943-068aaad8cfa3","actor_username":"alice.anderson@authorsinfo.com","actor_via_sso":false,"log_type":"token"}', '2025-08-13 12:48:31.926699+00', ''),
	('00000000-0000-0000-0000-000000000000', '679a6d09-94a7-49cf-a2c4-ff1cee95aeff', '{"action":"token_refreshed","actor_id":"e06cdf85-b449-4dcb-b943-068aaad8cfa3","actor_username":"alice.anderson@authorsinfo.com","actor_via_sso":false,"log_type":"token"}', '2025-08-13 12:48:32.005703+00', ''),
	('00000000-0000-0000-0000-000000000000', '6773ea9e-6773-4a12-9c9e-7b0286b0d6f3', '{"action":"token_refreshed","actor_id":"e06cdf85-b449-4dcb-b943-068aaad8cfa3","actor_username":"alice.anderson@authorsinfo.com","actor_via_sso":false,"log_type":"token"}', '2025-08-13 12:48:32.605821+00', ''),
	('00000000-0000-0000-0000-000000000000', 'da25f9b4-c5ac-4f80-a071-1ffc30f6f868', '{"action":"token_refreshed","actor_id":"e06cdf85-b449-4dcb-b943-068aaad8cfa3","actor_username":"alice.anderson@authorsinfo.com","actor_via_sso":false,"log_type":"token"}', '2025-08-13 12:48:33.621029+00', ''),
	('00000000-0000-0000-0000-000000000000', '4748d003-d4d7-40fb-adb4-998a1b231f2b', '{"action":"token_refreshed","actor_id":"e06cdf85-b449-4dcb-b943-068aaad8cfa3","actor_username":"alice.anderson@authorsinfo.com","actor_via_sso":false,"log_type":"token"}', '2025-08-13 13:47:03.149056+00', ''),
	('00000000-0000-0000-0000-000000000000', '90ac3aca-0084-4246-821e-d4de9017739f', '{"action":"token_revoked","actor_id":"e06cdf85-b449-4dcb-b943-068aaad8cfa3","actor_username":"alice.anderson@authorsinfo.com","actor_via_sso":false,"log_type":"token"}', '2025-08-13 13:47:03.160478+00', ''),
	('00000000-0000-0000-0000-000000000000', 'a880e306-a8e2-43e7-ad89-13872d704441', '{"action":"token_refreshed","actor_id":"e06cdf85-b449-4dcb-b943-068aaad8cfa3","actor_username":"alice.anderson@authorsinfo.com","actor_via_sso":false,"log_type":"token"}', '2025-08-13 13:47:03.227581+00', ''),
	('00000000-0000-0000-0000-000000000000', '3d959493-7c33-45fb-b70b-8abee42e2a9a', '{"action":"token_refreshed","actor_id":"e06cdf85-b449-4dcb-b943-068aaad8cfa3","actor_username":"alice.anderson@authorsinfo.com","actor_via_sso":false,"log_type":"token"}', '2025-08-13 13:47:03.241163+00', ''),
	('00000000-0000-0000-0000-000000000000', '16363188-1e70-4c67-b31e-0291b49a489e', '{"action":"token_refreshed","actor_id":"e06cdf85-b449-4dcb-b943-068aaad8cfa3","actor_username":"alice.anderson@authorsinfo.com","actor_via_sso":false,"log_type":"token"}', '2025-08-13 13:47:03.257869+00', ''),
	('00000000-0000-0000-0000-000000000000', 'b32780b6-5cef-4118-9c93-8dccfee996f6', '{"action":"token_refreshed","actor_id":"e06cdf85-b449-4dcb-b943-068aaad8cfa3","actor_username":"alice.anderson@authorsinfo.com","actor_via_sso":false,"log_type":"token"}', '2025-08-13 13:47:03.274637+00', ''),
	('00000000-0000-0000-0000-000000000000', '600c34e0-c683-47b4-91f5-03357a02ea24', '{"action":"token_refreshed","actor_id":"e06cdf85-b449-4dcb-b943-068aaad8cfa3","actor_username":"alice.anderson@authorsinfo.com","actor_via_sso":false,"log_type":"token"}', '2025-08-13 13:47:03.284419+00', ''),
	('00000000-0000-0000-0000-000000000000', '18b84238-7d19-48fa-a03f-c53ce3f10459', '{"action":"token_refreshed","actor_id":"e06cdf85-b449-4dcb-b943-068aaad8cfa3","actor_username":"alice.anderson@authorsinfo.com","actor_via_sso":false,"log_type":"token"}', '2025-08-13 13:47:03.369334+00', ''),
	('00000000-0000-0000-0000-000000000000', 'd043bb4c-9f0c-478b-bacb-d6e146f7c6a2', '{"action":"token_refreshed","actor_id":"e06cdf85-b449-4dcb-b943-068aaad8cfa3","actor_username":"alice.anderson@authorsinfo.com","actor_via_sso":false,"log_type":"token"}', '2025-08-13 13:47:03.387016+00', ''),
	('00000000-0000-0000-0000-000000000000', '717e4ba2-e017-4094-8450-d5f9cc5c3f30', '{"action":"token_refreshed","actor_id":"e06cdf85-b449-4dcb-b943-068aaad8cfa3","actor_username":"alice.anderson@authorsinfo.com","actor_via_sso":false,"log_type":"token"}', '2025-08-13 13:47:03.482062+00', ''),
	('00000000-0000-0000-0000-000000000000', 'c5d3fd89-b5c0-4404-b08c-381ad9cec38b', '{"action":"token_refreshed","actor_id":"e06cdf85-b449-4dcb-b943-068aaad8cfa3","actor_username":"alice.anderson@authorsinfo.com","actor_via_sso":false,"log_type":"token"}', '2025-08-13 13:47:03.508627+00', ''),
	('00000000-0000-0000-0000-000000000000', '836581c7-7a75-426b-b41c-0a01ca2a1123', '{"action":"token_refreshed","actor_id":"e06cdf85-b449-4dcb-b943-068aaad8cfa3","actor_username":"alice.anderson@authorsinfo.com","actor_via_sso":false,"log_type":"token"}', '2025-08-13 13:47:03.516758+00', ''),
	('00000000-0000-0000-0000-000000000000', '9b9b0ecb-6297-49fb-86bf-4297953fe956', '{"action":"token_refreshed","actor_id":"e06cdf85-b449-4dcb-b943-068aaad8cfa3","actor_username":"alice.anderson@authorsinfo.com","actor_via_sso":false,"log_type":"token"}', '2025-08-13 13:47:03.562368+00', ''),
	('00000000-0000-0000-0000-000000000000', 'ab468754-6450-4c1e-bfe2-27363d94e2a7', '{"action":"token_refreshed","actor_id":"e06cdf85-b449-4dcb-b943-068aaad8cfa3","actor_username":"alice.anderson@authorsinfo.com","actor_via_sso":false,"log_type":"token"}', '2025-08-13 13:47:03.642542+00', ''),
	('00000000-0000-0000-0000-000000000000', '9156746b-94b0-4f61-81ae-7c6573e2e70d', '{"action":"token_refreshed","actor_id":"e06cdf85-b449-4dcb-b943-068aaad8cfa3","actor_username":"alice.anderson@authorsinfo.com","actor_via_sso":false,"log_type":"token"}', '2025-08-13 13:47:03.727407+00', ''),
	('00000000-0000-0000-0000-000000000000', '28c72bd0-86ea-49cb-9f2e-f2a70e7c7e73', '{"action":"token_refreshed","actor_id":"e06cdf85-b449-4dcb-b943-068aaad8cfa3","actor_username":"alice.anderson@authorsinfo.com","actor_via_sso":false,"log_type":"token"}', '2025-08-13 13:47:03.765021+00', ''),
	('00000000-0000-0000-0000-000000000000', '524657e8-094b-4ed2-b70f-9e56a16ea936', '{"action":"token_refreshed","actor_id":"e06cdf85-b449-4dcb-b943-068aaad8cfa3","actor_username":"alice.anderson@authorsinfo.com","actor_via_sso":false,"log_type":"token"}', '2025-08-13 13:47:03.796993+00', ''),
	('00000000-0000-0000-0000-000000000000', '468f615e-245b-4ca5-bbe0-806111de7bc7', '{"action":"token_refreshed","actor_id":"e06cdf85-b449-4dcb-b943-068aaad8cfa3","actor_username":"alice.anderson@authorsinfo.com","actor_via_sso":false,"log_type":"token"}', '2025-08-13 13:47:03.812838+00', ''),
	('00000000-0000-0000-0000-000000000000', 'fbcdde71-856e-465f-8114-97538203329e', '{"action":"token_refreshed","actor_id":"e06cdf85-b449-4dcb-b943-068aaad8cfa3","actor_username":"alice.anderson@authorsinfo.com","actor_via_sso":false,"log_type":"token"}', '2025-08-13 13:47:03.874337+00', ''),
	('00000000-0000-0000-0000-000000000000', 'a6cf838a-d4c0-4a04-b1c7-f50b8ff897b8', '{"action":"token_refreshed","actor_id":"e06cdf85-b449-4dcb-b943-068aaad8cfa3","actor_username":"alice.anderson@authorsinfo.com","actor_via_sso":false,"log_type":"token"}', '2025-08-13 13:47:03.886705+00', ''),
	('00000000-0000-0000-0000-000000000000', '1cca9878-dcbd-49cf-8704-8f9c10319eda', '{"action":"token_refreshed","actor_id":"e06cdf85-b449-4dcb-b943-068aaad8cfa3","actor_username":"alice.anderson@authorsinfo.com","actor_via_sso":false,"log_type":"token"}', '2025-08-13 13:47:03.963993+00', ''),
	('00000000-0000-0000-0000-000000000000', 'ab35eae7-bdba-4f87-bd27-29e0bc14e224', '{"action":"token_refreshed","actor_id":"e06cdf85-b449-4dcb-b943-068aaad8cfa3","actor_username":"alice.anderson@authorsinfo.com","actor_via_sso":false,"log_type":"token"}', '2025-08-13 13:47:04.025941+00', ''),
	('00000000-0000-0000-0000-000000000000', 'c8ba0f47-8c18-4ff0-9768-d1a0d3700dce', '{"action":"token_refreshed","actor_id":"e06cdf85-b449-4dcb-b943-068aaad8cfa3","actor_username":"alice.anderson@authorsinfo.com","actor_via_sso":false,"log_type":"token"}', '2025-08-13 13:47:04.089548+00', ''),
	('00000000-0000-0000-0000-000000000000', '50bad4c5-10ae-4ba3-916c-a04de40cff2e', '{"action":"token_refreshed","actor_id":"e06cdf85-b449-4dcb-b943-068aaad8cfa3","actor_username":"alice.anderson@authorsinfo.com","actor_via_sso":false,"log_type":"token"}', '2025-08-13 13:47:04.09633+00', ''),
	('00000000-0000-0000-0000-000000000000', '99681f45-e880-42bd-bb77-3cc9df0a79a6', '{"action":"token_refreshed","actor_id":"e06cdf85-b449-4dcb-b943-068aaad8cfa3","actor_username":"alice.anderson@authorsinfo.com","actor_via_sso":false,"log_type":"token"}', '2025-08-13 13:47:04.273057+00', ''),
	('00000000-0000-0000-0000-000000000000', '844fe773-706e-4253-b2ac-7d23683c1435', '{"action":"token_refreshed","actor_id":"e06cdf85-b449-4dcb-b943-068aaad8cfa3","actor_username":"alice.anderson@authorsinfo.com","actor_via_sso":false,"log_type":"token"}', '2025-08-13 13:47:04.296972+00', ''),
	('00000000-0000-0000-0000-000000000000', '1aefefd2-4d7e-4051-99e6-ef8888f264c7', '{"action":"token_refreshed","actor_id":"e06cdf85-b449-4dcb-b943-068aaad8cfa3","actor_username":"alice.anderson@authorsinfo.com","actor_via_sso":false,"log_type":"token"}', '2025-08-13 13:47:04.351807+00', ''),
	('00000000-0000-0000-0000-000000000000', '8a9c09c1-b159-4a45-9ed5-8bc7456c786a', '{"action":"token_refreshed","actor_id":"e06cdf85-b449-4dcb-b943-068aaad8cfa3","actor_username":"alice.anderson@authorsinfo.com","actor_via_sso":false,"log_type":"token"}', '2025-08-13 13:47:04.384922+00', ''),
	('00000000-0000-0000-0000-000000000000', '12bef920-09ad-4c2c-a97b-8c65b77f8304', '{"action":"token_refreshed","actor_id":"e06cdf85-b449-4dcb-b943-068aaad8cfa3","actor_username":"alice.anderson@authorsinfo.com","actor_via_sso":false,"log_type":"token"}', '2025-08-13 13:47:04.41913+00', ''),
	('00000000-0000-0000-0000-000000000000', 'a3c0d2ca-f852-45a0-a921-9112b7303b33', '{"action":"token_refreshed","actor_id":"e06cdf85-b449-4dcb-b943-068aaad8cfa3","actor_username":"alice.anderson@authorsinfo.com","actor_via_sso":false,"log_type":"token"}', '2025-08-13 13:47:04.434593+00', ''),
	('00000000-0000-0000-0000-000000000000', '784eb95a-0f62-4ffb-b0df-977450e80078', '{"action":"token_refreshed","actor_id":"e06cdf85-b449-4dcb-b943-068aaad8cfa3","actor_username":"alice.anderson@authorsinfo.com","actor_via_sso":false,"log_type":"token"}', '2025-08-13 13:47:04.538724+00', ''),
	('00000000-0000-0000-0000-000000000000', '43ed6cbd-43dd-401e-9642-ece07b90660b', '{"action":"token_refreshed","actor_id":"e06cdf85-b449-4dcb-b943-068aaad8cfa3","actor_username":"alice.anderson@authorsinfo.com","actor_via_sso":false,"log_type":"token"}', '2025-08-13 14:45:41.134551+00', ''),
	('00000000-0000-0000-0000-000000000000', 'e2f54d4f-7c52-4e66-b920-9cfc8c5fd076', '{"action":"token_revoked","actor_id":"e06cdf85-b449-4dcb-b943-068aaad8cfa3","actor_username":"alice.anderson@authorsinfo.com","actor_via_sso":false,"log_type":"token"}', '2025-08-13 14:45:41.148145+00', ''),
	('00000000-0000-0000-0000-000000000000', '453a92f5-108d-45ac-8387-beab5ac27a47', '{"action":"token_refreshed","actor_id":"e06cdf85-b449-4dcb-b943-068aaad8cfa3","actor_username":"alice.anderson@authorsinfo.com","actor_via_sso":false,"log_type":"token"}', '2025-08-13 14:45:41.208932+00', ''),
	('00000000-0000-0000-0000-000000000000', 'ef3c3654-ce7c-4bb4-8628-331ab1a0e036', '{"action":"logout","actor_id":"e06cdf85-b449-4dcb-b943-068aaad8cfa3","actor_username":"alice.anderson@authorsinfo.com","actor_via_sso":false,"log_type":"account"}', '2025-08-13 14:54:47.734693+00', ''),
	('00000000-0000-0000-0000-000000000000', '4b44c046-4e32-4170-ab2d-7801d2e54352', '{"action":"login","actor_id":"2474659f-003e-4faa-8c53-9969c33f20b2","actor_username":"bob.brown@authorsinfo.com","actor_via_sso":false,"log_type":"account","traits":{"provider":"email"}}', '2025-08-13 14:54:57.251309+00', ''),
	('00000000-0000-0000-0000-000000000000', '5c54dc39-6aad-432e-88b8-88de78a6e83c', '{"action":"token_refreshed","actor_id":"2474659f-003e-4faa-8c53-9969c33f20b2","actor_username":"bob.brown@authorsinfo.com","actor_via_sso":false,"log_type":"token"}', '2025-08-13 15:53:31.977199+00', ''),
	('00000000-0000-0000-0000-000000000000', '7dab3080-b6d3-4b75-89fd-eeb394a1c33b', '{"action":"token_revoked","actor_id":"2474659f-003e-4faa-8c53-9969c33f20b2","actor_username":"bob.brown@authorsinfo.com","actor_via_sso":false,"log_type":"token"}', '2025-08-13 15:53:31.995588+00', ''),
	('00000000-0000-0000-0000-000000000000', '43af2b59-3aea-46aa-b1d8-5ef1be8a51da', '{"action":"token_refreshed","actor_id":"2474659f-003e-4faa-8c53-9969c33f20b2","actor_username":"bob.brown@authorsinfo.com","actor_via_sso":false,"log_type":"token"}', '2025-08-13 18:57:50.363915+00', ''),
	('00000000-0000-0000-0000-000000000000', '1abb4ad4-bdd7-41dc-92da-b848226fdcb2', '{"action":"token_revoked","actor_id":"2474659f-003e-4faa-8c53-9969c33f20b2","actor_username":"bob.brown@authorsinfo.com","actor_via_sso":false,"log_type":"token"}', '2025-08-13 18:57:50.389302+00', ''),
	('00000000-0000-0000-0000-000000000000', '1348589e-f230-4e91-b6d7-334238fed4c1', '{"action":"token_refreshed","actor_id":"2474659f-003e-4faa-8c53-9969c33f20b2","actor_username":"bob.brown@authorsinfo.com","actor_via_sso":false,"log_type":"token"}', '2025-08-13 19:56:25.421776+00', ''),
	('00000000-0000-0000-0000-000000000000', 'f5730d73-bd93-44c0-abf5-f3ef5d105a33', '{"action":"token_revoked","actor_id":"2474659f-003e-4faa-8c53-9969c33f20b2","actor_username":"bob.brown@authorsinfo.com","actor_via_sso":false,"log_type":"token"}', '2025-08-13 19:56:25.44147+00', ''),
	('00000000-0000-0000-0000-000000000000', '425c6188-17da-49aa-a180-10bbb48ca642', '{"action":"token_refreshed","actor_id":"2474659f-003e-4faa-8c53-9969c33f20b2","actor_username":"bob.brown@authorsinfo.com","actor_via_sso":false,"log_type":"token"}', '2025-08-13 20:55:16.7756+00', ''),
	('00000000-0000-0000-0000-000000000000', 'daa1c21c-2b22-4187-bce8-7d2c07efc1bb', '{"action":"token_revoked","actor_id":"2474659f-003e-4faa-8c53-9969c33f20b2","actor_username":"bob.brown@authorsinfo.com","actor_via_sso":false,"log_type":"token"}', '2025-08-13 20:55:16.797312+00', ''),
	('00000000-0000-0000-0000-000000000000', '0bd0ea76-0bcf-4bc6-a912-9ad8064d9b25', '{"action":"token_refreshed","actor_id":"2474659f-003e-4faa-8c53-9969c33f20b2","actor_username":"bob.brown@authorsinfo.com","actor_via_sso":false,"log_type":"token"}', '2025-08-13 20:55:16.881832+00', ''),
	('00000000-0000-0000-0000-000000000000', 'e80699ec-8f7a-4227-b12c-561d4f8baa40', '{"action":"token_refreshed","actor_id":"2474659f-003e-4faa-8c53-9969c33f20b2","actor_username":"bob.brown@authorsinfo.com","actor_via_sso":false,"log_type":"token"}', '2025-08-13 21:54:16.785198+00', ''),
	('00000000-0000-0000-0000-000000000000', 'c9a24da1-f72a-4d43-b139-2915e0330905', '{"action":"token_revoked","actor_id":"2474659f-003e-4faa-8c53-9969c33f20b2","actor_username":"bob.brown@authorsinfo.com","actor_via_sso":false,"log_type":"token"}', '2025-08-13 21:54:16.805547+00', ''),
	('00000000-0000-0000-0000-000000000000', '13ef0ee2-370e-4762-9dd9-00775f127d22', '{"action":"token_refreshed","actor_id":"2474659f-003e-4faa-8c53-9969c33f20b2","actor_username":"bob.brown@authorsinfo.com","actor_via_sso":false,"log_type":"token"}', '2025-08-13 21:54:16.877589+00', ''),
	('00000000-0000-0000-0000-000000000000', 'd27add7e-4d36-4014-8a5d-9addb960e326', '{"action":"token_refreshed","actor_id":"2474659f-003e-4faa-8c53-9969c33f20b2","actor_username":"bob.brown@authorsinfo.com","actor_via_sso":false,"log_type":"token"}', '2025-08-13 22:53:16.762861+00', ''),
	('00000000-0000-0000-0000-000000000000', '9d68fc4d-8689-4800-b7f8-e0a7233db945', '{"action":"token_revoked","actor_id":"2474659f-003e-4faa-8c53-9969c33f20b2","actor_username":"bob.brown@authorsinfo.com","actor_via_sso":false,"log_type":"token"}', '2025-08-13 22:53:16.778812+00', ''),
	('00000000-0000-0000-0000-000000000000', 'cd051fed-7b55-48f5-94bc-0b2d7e6f23b7', '{"action":"token_refreshed","actor_id":"2474659f-003e-4faa-8c53-9969c33f20b2","actor_username":"bob.brown@authorsinfo.com","actor_via_sso":false,"log_type":"token"}', '2025-08-13 22:53:16.823563+00', ''),
	('00000000-0000-0000-0000-000000000000', '5c084f68-e1c3-4d94-b86c-d23ef4e66929', '{"action":"token_refreshed","actor_id":"2474659f-003e-4faa-8c53-9969c33f20b2","actor_username":"bob.brown@authorsinfo.com","actor_via_sso":false,"log_type":"token"}', '2025-08-14 00:04:44.852475+00', ''),
	('00000000-0000-0000-0000-000000000000', 'c47f890b-2acf-4b6a-90eb-07e17b2e7871', '{"action":"token_revoked","actor_id":"2474659f-003e-4faa-8c53-9969c33f20b2","actor_username":"bob.brown@authorsinfo.com","actor_via_sso":false,"log_type":"token"}', '2025-08-14 00:04:44.882608+00', ''),
	('00000000-0000-0000-0000-000000000000', 'cb52f08a-f4f3-4cee-a450-3d8402bfe8bb', '{"action":"token_refreshed","actor_id":"2474659f-003e-4faa-8c53-9969c33f20b2","actor_username":"bob.brown@authorsinfo.com","actor_via_sso":false,"log_type":"token"}', '2025-08-14 01:03:17.039075+00', ''),
	('00000000-0000-0000-0000-000000000000', 'd934eee2-c817-4de3-802b-41ebc957e087', '{"action":"token_revoked","actor_id":"2474659f-003e-4faa-8c53-9969c33f20b2","actor_username":"bob.brown@authorsinfo.com","actor_via_sso":false,"log_type":"token"}', '2025-08-14 01:03:17.051072+00', ''),
	('00000000-0000-0000-0000-000000000000', '83a30529-a4b0-4fca-8a57-f6c2df7bd472', '{"action":"token_refreshed","actor_id":"2474659f-003e-4faa-8c53-9969c33f20b2","actor_username":"bob.brown@authorsinfo.com","actor_via_sso":false,"log_type":"token"}', '2025-08-14 01:03:17.113465+00', ''),
	('00000000-0000-0000-0000-000000000000', '95e38f9b-c01c-4a0f-9770-33c491b99112', '{"action":"token_refreshed","actor_id":"2474659f-003e-4faa-8c53-9969c33f20b2","actor_username":"bob.brown@authorsinfo.com","actor_via_sso":false,"log_type":"token"}', '2025-08-14 12:30:36.168781+00', ''),
	('00000000-0000-0000-0000-000000000000', '46d7e10e-191a-46a0-9d75-4abf523808fd', '{"action":"token_revoked","actor_id":"2474659f-003e-4faa-8c53-9969c33f20b2","actor_username":"bob.brown@authorsinfo.com","actor_via_sso":false,"log_type":"token"}', '2025-08-14 12:30:36.200345+00', ''),
	('00000000-0000-0000-0000-000000000000', '44b40269-caae-41b0-9b36-f827b36a647f', '{"action":"token_refreshed","actor_id":"2474659f-003e-4faa-8c53-9969c33f20b2","actor_username":"bob.brown@authorsinfo.com","actor_via_sso":false,"log_type":"token"}', '2025-08-14 13:58:07.828678+00', ''),
	('00000000-0000-0000-0000-000000000000', '5294ef17-2cbc-484e-bcc9-4b55df91f775', '{"action":"token_revoked","actor_id":"2474659f-003e-4faa-8c53-9969c33f20b2","actor_username":"bob.brown@authorsinfo.com","actor_via_sso":false,"log_type":"token"}', '2025-08-14 13:58:07.852564+00', ''),
	('00000000-0000-0000-0000-000000000000', '4b26f30b-cd30-47e0-bc31-c5769b44cffe', '{"action":"token_refreshed","actor_id":"2474659f-003e-4faa-8c53-9969c33f20b2","actor_username":"bob.brown@authorsinfo.com","actor_via_sso":false,"log_type":"token"}', '2025-08-14 15:16:06.471219+00', ''),
	('00000000-0000-0000-0000-000000000000', '48d0b898-1989-40a7-b45d-2109e404bec6', '{"action":"token_revoked","actor_id":"2474659f-003e-4faa-8c53-9969c33f20b2","actor_username":"bob.brown@authorsinfo.com","actor_via_sso":false,"log_type":"token"}', '2025-08-14 15:16:06.496154+00', ''),
	('00000000-0000-0000-0000-000000000000', '43a591d9-b97e-4a77-92df-f2752ae24b8b', '{"action":"token_refreshed","actor_id":"2474659f-003e-4faa-8c53-9969c33f20b2","actor_username":"bob.brown@authorsinfo.com","actor_via_sso":false,"log_type":"token"}', '2025-08-14 16:15:12.631963+00', ''),
	('00000000-0000-0000-0000-000000000000', '42664d4b-bef8-4132-a6d0-fbe54bed641d', '{"action":"token_revoked","actor_id":"2474659f-003e-4faa-8c53-9969c33f20b2","actor_username":"bob.brown@authorsinfo.com","actor_via_sso":false,"log_type":"token"}', '2025-08-14 16:15:12.654738+00', ''),
	('00000000-0000-0000-0000-000000000000', '3dcd5891-60c6-40bd-8848-1b4ff58ec880', '{"action":"token_refreshed","actor_id":"2474659f-003e-4faa-8c53-9969c33f20b2","actor_username":"bob.brown@authorsinfo.com","actor_via_sso":false,"log_type":"token"}', '2025-08-14 16:15:12.743436+00', ''),
	('00000000-0000-0000-0000-000000000000', 'c38970dc-a8bc-4409-80d2-fa286dec3066', '{"action":"token_refreshed","actor_id":"2474659f-003e-4faa-8c53-9969c33f20b2","actor_username":"bob.brown@authorsinfo.com","actor_via_sso":false,"log_type":"token"}', '2025-08-14 17:13:53.629739+00', ''),
	('00000000-0000-0000-0000-000000000000', '82d301d0-4e8f-46c4-9ca0-e63d58ee304a', '{"action":"token_revoked","actor_id":"2474659f-003e-4faa-8c53-9969c33f20b2","actor_username":"bob.brown@authorsinfo.com","actor_via_sso":false,"log_type":"token"}', '2025-08-14 17:13:53.649493+00', ''),
	('00000000-0000-0000-0000-000000000000', 'c86fcb4c-6206-4870-8aa6-acc24be0948b', '{"action":"token_refreshed","actor_id":"2474659f-003e-4faa-8c53-9969c33f20b2","actor_username":"bob.brown@authorsinfo.com","actor_via_sso":false,"log_type":"token"}', '2025-08-14 18:13:08.850017+00', ''),
	('00000000-0000-0000-0000-000000000000', 'b63d530e-e935-4a48-b26c-4f79509b6cb7', '{"action":"token_revoked","actor_id":"2474659f-003e-4faa-8c53-9969c33f20b2","actor_username":"bob.brown@authorsinfo.com","actor_via_sso":false,"log_type":"token"}', '2025-08-14 18:13:08.877727+00', ''),
	('00000000-0000-0000-0000-000000000000', 'fa8bc36b-2246-46ae-b24b-5082b2867a0c', '{"action":"token_refreshed","actor_id":"2474659f-003e-4faa-8c53-9969c33f20b2","actor_username":"bob.brown@authorsinfo.com","actor_via_sso":false,"log_type":"token"}', '2025-08-14 19:12:12.620563+00', ''),
	('00000000-0000-0000-0000-000000000000', '0c751540-519b-4559-8bbb-3f90d3c1c530', '{"action":"token_revoked","actor_id":"2474659f-003e-4faa-8c53-9969c33f20b2","actor_username":"bob.brown@authorsinfo.com","actor_via_sso":false,"log_type":"token"}', '2025-08-14 19:12:12.637969+00', ''),
	('00000000-0000-0000-0000-000000000000', '7518620d-f232-4213-85cc-47ab35600102', '{"action":"token_refreshed","actor_id":"2474659f-003e-4faa-8c53-9969c33f20b2","actor_username":"bob.brown@authorsinfo.com","actor_via_sso":false,"log_type":"token"}', '2025-08-14 19:12:12.718805+00', ''),
	('00000000-0000-0000-0000-000000000000', 'abb7690e-f2a3-46cd-bb6b-34dbc47c00df', '{"action":"token_refreshed","actor_id":"2474659f-003e-4faa-8c53-9969c33f20b2","actor_username":"bob.brown@authorsinfo.com","actor_via_sso":false,"log_type":"token"}', '2025-08-14 20:10:48.937445+00', ''),
	('00000000-0000-0000-0000-000000000000', '2e90c136-be6f-4278-9a40-e0bb384d81ef', '{"action":"token_revoked","actor_id":"2474659f-003e-4faa-8c53-9969c33f20b2","actor_username":"bob.brown@authorsinfo.com","actor_via_sso":false,"log_type":"token"}', '2025-08-14 20:10:48.953661+00', ''),
	('00000000-0000-0000-0000-000000000000', 'e9dbb7ed-64a1-4a34-b7f2-c9a8efed8ca3', '{"action":"token_refreshed","actor_id":"2474659f-003e-4faa-8c53-9969c33f20b2","actor_username":"bob.brown@authorsinfo.com","actor_via_sso":false,"log_type":"token"}', '2025-08-14 21:09:23.755887+00', ''),
	('00000000-0000-0000-0000-000000000000', '5622fb94-727c-4e4a-9aef-d34e48dc8f13', '{"action":"token_revoked","actor_id":"2474659f-003e-4faa-8c53-9969c33f20b2","actor_username":"bob.brown@authorsinfo.com","actor_via_sso":false,"log_type":"token"}', '2025-08-14 21:09:23.778857+00', ''),
	('00000000-0000-0000-0000-000000000000', '865e644b-5876-4271-90a8-c1118d9f90fd', '{"action":"token_refreshed","actor_id":"2474659f-003e-4faa-8c53-9969c33f20b2","actor_username":"bob.brown@authorsinfo.com","actor_via_sso":false,"log_type":"token"}', '2025-08-14 22:08:12.746332+00', ''),
	('00000000-0000-0000-0000-000000000000', '798e37d7-30ef-4c45-ba6d-8d72d694d86e', '{"action":"token_revoked","actor_id":"2474659f-003e-4faa-8c53-9969c33f20b2","actor_username":"bob.brown@authorsinfo.com","actor_via_sso":false,"log_type":"token"}', '2025-08-14 22:08:12.762467+00', ''),
	('00000000-0000-0000-0000-000000000000', 'b9c91feb-1333-43cb-acf9-505ce8ee1cf4', '{"action":"token_refreshed","actor_id":"2474659f-003e-4faa-8c53-9969c33f20b2","actor_username":"bob.brown@authorsinfo.com","actor_via_sso":false,"log_type":"token"}', '2025-08-14 23:06:44.807+00', ''),
	('00000000-0000-0000-0000-000000000000', '37353ae4-85bc-434a-9d16-6d664ba1c0e4', '{"action":"token_revoked","actor_id":"2474659f-003e-4faa-8c53-9969c33f20b2","actor_username":"bob.brown@authorsinfo.com","actor_via_sso":false,"log_type":"token"}', '2025-08-14 23:06:44.825617+00', ''),
	('00000000-0000-0000-0000-000000000000', '98a93ad2-58cb-4f56-bd34-84017892a723', '{"action":"token_refreshed","actor_id":"2474659f-003e-4faa-8c53-9969c33f20b2","actor_username":"bob.brown@authorsinfo.com","actor_via_sso":false,"log_type":"token"}', '2025-08-15 00:06:12.872644+00', ''),
	('00000000-0000-0000-0000-000000000000', '9ca4f2c5-e093-47bb-8f98-798144dbca19', '{"action":"token_revoked","actor_id":"2474659f-003e-4faa-8c53-9969c33f20b2","actor_username":"bob.brown@authorsinfo.com","actor_via_sso":false,"log_type":"token"}', '2025-08-15 00:06:12.895668+00', ''),
	('00000000-0000-0000-0000-000000000000', 'a595fe05-af10-4edc-b47f-ee5e5706ac3c', '{"action":"token_refreshed","actor_id":"2474659f-003e-4faa-8c53-9969c33f20b2","actor_username":"bob.brown@authorsinfo.com","actor_via_sso":false,"log_type":"token"}', '2025-08-15 01:04:42.825171+00', ''),
	('00000000-0000-0000-0000-000000000000', '8d8a342a-fef0-46c0-9a34-b238e9e72845', '{"action":"token_revoked","actor_id":"2474659f-003e-4faa-8c53-9969c33f20b2","actor_username":"bob.brown@authorsinfo.com","actor_via_sso":false,"log_type":"token"}', '2025-08-15 01:04:42.843364+00', ''),
	('00000000-0000-0000-0000-000000000000', '391996bf-63cf-4a05-b837-39fc7bfd11ba', '{"action":"token_refreshed","actor_id":"2474659f-003e-4faa-8c53-9969c33f20b2","actor_username":"bob.brown@authorsinfo.com","actor_via_sso":false,"log_type":"token"}', '2025-08-15 02:03:12.952587+00', ''),
	('00000000-0000-0000-0000-000000000000', 'fc545d2a-5628-4124-83a9-3e6342fdee29', '{"action":"token_revoked","actor_id":"2474659f-003e-4faa-8c53-9969c33f20b2","actor_username":"bob.brown@authorsinfo.com","actor_via_sso":false,"log_type":"token"}', '2025-08-15 02:03:12.967412+00', ''),
	('00000000-0000-0000-0000-000000000000', 'ef13e22c-0634-47b0-84ce-9cdce39590fb', '{"action":"token_refreshed","actor_id":"2474659f-003e-4faa-8c53-9969c33f20b2","actor_username":"bob.brown@authorsinfo.com","actor_via_sso":false,"log_type":"token"}', '2025-08-15 02:03:13.044588+00', ''),
	('00000000-0000-0000-0000-000000000000', '3d07d99e-3034-4769-a008-badfe52396a7', '{"action":"token_refreshed","actor_id":"2474659f-003e-4faa-8c53-9969c33f20b2","actor_username":"bob.brown@authorsinfo.com","actor_via_sso":false,"log_type":"token"}', '2025-08-15 04:01:08.093708+00', ''),
	('00000000-0000-0000-0000-000000000000', '493bef3a-e40c-485d-8891-d6a9ef5a1d14', '{"action":"token_revoked","actor_id":"2474659f-003e-4faa-8c53-9969c33f20b2","actor_username":"bob.brown@authorsinfo.com","actor_via_sso":false,"log_type":"token"}', '2025-08-15 04:01:08.12691+00', ''),
	('00000000-0000-0000-0000-000000000000', '9fbfb252-152c-4d55-8439-439d81ce565c', '{"action":"token_refreshed","actor_id":"2474659f-003e-4faa-8c53-9969c33f20b2","actor_username":"bob.brown@authorsinfo.com","actor_via_sso":false,"log_type":"token"}', '2025-08-15 05:00:12.911713+00', ''),
	('00000000-0000-0000-0000-000000000000', 'e9b1ee31-1280-40a8-a8e2-c699b76ea692', '{"action":"token_revoked","actor_id":"2474659f-003e-4faa-8c53-9969c33f20b2","actor_username":"bob.brown@authorsinfo.com","actor_via_sso":false,"log_type":"token"}', '2025-08-15 05:00:12.932507+00', ''),
	('00000000-0000-0000-0000-000000000000', '3ec691c7-5c45-40cb-937a-9eaf3ea8be9f', '{"action":"token_refreshed","actor_id":"2474659f-003e-4faa-8c53-9969c33f20b2","actor_username":"bob.brown@authorsinfo.com","actor_via_sso":false,"log_type":"token"}', '2025-08-15 05:58:45.887771+00', ''),
	('00000000-0000-0000-0000-000000000000', '63cf9aa0-dcf2-47b8-939c-3b2484279f98', '{"action":"token_revoked","actor_id":"2474659f-003e-4faa-8c53-9969c33f20b2","actor_username":"bob.brown@authorsinfo.com","actor_via_sso":false,"log_type":"token"}', '2025-08-15 05:58:45.906895+00', ''),
	('00000000-0000-0000-0000-000000000000', 'e0c4a5bd-79bf-4b72-8179-8d48c8bfb246', '{"action":"token_refreshed","actor_id":"2474659f-003e-4faa-8c53-9969c33f20b2","actor_username":"bob.brown@authorsinfo.com","actor_via_sso":false,"log_type":"token"}', '2025-08-15 06:58:08.924872+00', ''),
	('00000000-0000-0000-0000-000000000000', 'd93add7e-5cd4-404c-b967-b37612d947cd', '{"action":"token_revoked","actor_id":"2474659f-003e-4faa-8c53-9969c33f20b2","actor_username":"bob.brown@authorsinfo.com","actor_via_sso":false,"log_type":"token"}', '2025-08-15 06:58:08.950949+00', ''),
	('00000000-0000-0000-0000-000000000000', '9e2f9fab-2d18-4d9f-ac76-a814c768d0c2', '{"action":"token_refreshed","actor_id":"2474659f-003e-4faa-8c53-9969c33f20b2","actor_username":"bob.brown@authorsinfo.com","actor_via_sso":false,"log_type":"token"}', '2025-08-15 07:56:58.97024+00', ''),
	('00000000-0000-0000-0000-000000000000', 'c4b30bb2-4fcf-455b-9647-f34ac05606c4', '{"action":"token_revoked","actor_id":"2474659f-003e-4faa-8c53-9969c33f20b2","actor_username":"bob.brown@authorsinfo.com","actor_via_sso":false,"log_type":"token"}', '2025-08-15 07:56:58.98777+00', ''),
	('00000000-0000-0000-0000-000000000000', '25804f60-f912-4a52-a8db-0521186fb2c8', '{"action":"token_refreshed","actor_id":"2474659f-003e-4faa-8c53-9969c33f20b2","actor_username":"bob.brown@authorsinfo.com","actor_via_sso":false,"log_type":"token"}', '2025-08-15 08:56:13.020879+00', ''),
	('00000000-0000-0000-0000-000000000000', '9c3546da-a83e-4958-b4a6-1169ed570fa1', '{"action":"token_revoked","actor_id":"2474659f-003e-4faa-8c53-9969c33f20b2","actor_username":"bob.brown@authorsinfo.com","actor_via_sso":false,"log_type":"token"}', '2025-08-15 08:56:13.040921+00', ''),
	('00000000-0000-0000-0000-000000000000', '8d633602-eb80-4ba5-9cce-86abb55caaeb', '{"action":"token_refreshed","actor_id":"2474659f-003e-4faa-8c53-9969c33f20b2","actor_username":"bob.brown@authorsinfo.com","actor_via_sso":false,"log_type":"token"}', '2025-08-15 08:56:13.112867+00', ''),
	('00000000-0000-0000-0000-000000000000', '5cc9f135-dd90-444f-995e-85eb74fb441c', '{"action":"token_refreshed","actor_id":"2474659f-003e-4faa-8c53-9969c33f20b2","actor_username":"bob.brown@authorsinfo.com","actor_via_sso":false,"log_type":"token"}', '2025-08-15 13:34:16.678013+00', ''),
	('00000000-0000-0000-0000-000000000000', 'e77d39e8-7d57-4398-a2d6-7f91918c70d1', '{"action":"token_revoked","actor_id":"2474659f-003e-4faa-8c53-9969c33f20b2","actor_username":"bob.brown@authorsinfo.com","actor_via_sso":false,"log_type":"token"}', '2025-08-15 13:34:16.695356+00', ''),
	('00000000-0000-0000-0000-000000000000', 'e68040f8-b360-4004-90de-ced043025ea8', '{"action":"token_refreshed","actor_id":"2474659f-003e-4faa-8c53-9969c33f20b2","actor_username":"bob.brown@authorsinfo.com","actor_via_sso":false,"log_type":"token"}', '2025-08-15 13:34:18.623861+00', ''),
	('00000000-0000-0000-0000-000000000000', '0974bf1e-cbf2-42e7-ae37-d2a515e8ecb1', '{"action":"token_refreshed","actor_id":"2474659f-003e-4faa-8c53-9969c33f20b2","actor_username":"bob.brown@authorsinfo.com","actor_via_sso":false,"log_type":"token"}', '2025-08-15 14:33:30.594439+00', ''),
	('00000000-0000-0000-0000-000000000000', 'f0344fcc-ceaa-4dd2-bc84-dc451d6c0713', '{"action":"token_revoked","actor_id":"2474659f-003e-4faa-8c53-9969c33f20b2","actor_username":"bob.brown@authorsinfo.com","actor_via_sso":false,"log_type":"token"}', '2025-08-15 14:33:30.607504+00', ''),
	('00000000-0000-0000-0000-000000000000', 'c773fcef-492f-4b80-896e-abafe2b2c20c', '{"action":"token_refreshed","actor_id":"2474659f-003e-4faa-8c53-9969c33f20b2","actor_username":"bob.brown@authorsinfo.com","actor_via_sso":false,"log_type":"token"}', '2025-08-15 14:33:30.674927+00', ''),
	('00000000-0000-0000-0000-000000000000', 'e5c83df9-2c40-431f-838d-9f3609a5249c', '{"action":"token_refreshed","actor_id":"2474659f-003e-4faa-8c53-9969c33f20b2","actor_username":"bob.brown@authorsinfo.com","actor_via_sso":false,"log_type":"token"}', '2025-08-15 15:32:06.673699+00', ''),
	('00000000-0000-0000-0000-000000000000', 'f107d1c9-6899-4f5d-a967-fffd9bacee7c', '{"action":"token_revoked","actor_id":"2474659f-003e-4faa-8c53-9969c33f20b2","actor_username":"bob.brown@authorsinfo.com","actor_via_sso":false,"log_type":"token"}', '2025-08-15 15:32:06.692204+00', ''),
	('00000000-0000-0000-0000-000000000000', '4824fdce-15d0-4020-b46b-fae9dd8abcc6', '{"action":"token_refreshed","actor_id":"2474659f-003e-4faa-8c53-9969c33f20b2","actor_username":"bob.brown@authorsinfo.com","actor_via_sso":false,"log_type":"token"}', '2025-08-15 16:30:26.538688+00', ''),
	('00000000-0000-0000-0000-000000000000', '7c1bdee5-ee16-46cf-bcd0-337b4cbfd275', '{"action":"token_revoked","actor_id":"2474659f-003e-4faa-8c53-9969c33f20b2","actor_username":"bob.brown@authorsinfo.com","actor_via_sso":false,"log_type":"token"}', '2025-08-15 16:30:26.559908+00', ''),
	('00000000-0000-0000-0000-000000000000', '6cadc812-6e48-4c43-bbc8-67c26975e7db', '{"action":"token_refreshed","actor_id":"2474659f-003e-4faa-8c53-9969c33f20b2","actor_username":"bob.brown@authorsinfo.com","actor_via_sso":false,"log_type":"token"}', '2025-08-15 17:28:31.190391+00', ''),
	('00000000-0000-0000-0000-000000000000', '3c521214-70c4-4109-b195-bcbdee937f55', '{"action":"token_revoked","actor_id":"2474659f-003e-4faa-8c53-9969c33f20b2","actor_username":"bob.brown@authorsinfo.com","actor_via_sso":false,"log_type":"token"}', '2025-08-15 17:28:31.223386+00', ''),
	('00000000-0000-0000-0000-000000000000', '2e5e1222-3c73-41b5-b4fe-b4dc54810500', '{"action":"token_refreshed","actor_id":"2474659f-003e-4faa-8c53-9969c33f20b2","actor_username":"bob.brown@authorsinfo.com","actor_via_sso":false,"log_type":"token"}', '2025-08-15 18:27:01.281182+00', ''),
	('00000000-0000-0000-0000-000000000000', 'ab12c1af-24a8-4439-90f2-9084b4c58576', '{"action":"token_revoked","actor_id":"2474659f-003e-4faa-8c53-9969c33f20b2","actor_username":"bob.brown@authorsinfo.com","actor_via_sso":false,"log_type":"token"}', '2025-08-15 18:27:01.310577+00', ''),
	('00000000-0000-0000-0000-000000000000', 'a2d003e3-3ad4-44ed-b144-b485fd07a684', '{"action":"token_refreshed","actor_id":"2474659f-003e-4faa-8c53-9969c33f20b2","actor_username":"bob.brown@authorsinfo.com","actor_via_sso":false,"log_type":"token"}', '2025-08-15 19:25:07.230162+00', ''),
	('00000000-0000-0000-0000-000000000000', '71bc3db8-fdaa-4312-91ef-028641503ea6', '{"action":"token_revoked","actor_id":"2474659f-003e-4faa-8c53-9969c33f20b2","actor_username":"bob.brown@authorsinfo.com","actor_via_sso":false,"log_type":"token"}', '2025-08-15 19:25:07.265484+00', ''),
	('00000000-0000-0000-0000-000000000000', '6891c939-8fc9-46dc-b92d-91585f627d43', '{"action":"token_refreshed","actor_id":"2474659f-003e-4faa-8c53-9969c33f20b2","actor_username":"bob.brown@authorsinfo.com","actor_via_sso":false,"log_type":"token"}', '2025-08-15 20:23:51.741468+00', ''),
	('00000000-0000-0000-0000-000000000000', 'e2ea5865-1810-4338-a23d-7c7223dd4b2b', '{"action":"token_revoked","actor_id":"2474659f-003e-4faa-8c53-9969c33f20b2","actor_username":"bob.brown@authorsinfo.com","actor_via_sso":false,"log_type":"token"}', '2025-08-15 20:23:51.759301+00', ''),
	('00000000-0000-0000-0000-000000000000', '6345f2da-3426-4757-96ad-fa1b81ef674a', '{"action":"token_refreshed","actor_id":"2474659f-003e-4faa-8c53-9969c33f20b2","actor_username":"bob.brown@authorsinfo.com","actor_via_sso":false,"log_type":"token"}', '2025-08-15 22:01:53.755364+00', ''),
	('00000000-0000-0000-0000-000000000000', '6350a082-2d74-4b4c-a200-f00b06931ecf', '{"action":"token_revoked","actor_id":"2474659f-003e-4faa-8c53-9969c33f20b2","actor_username":"bob.brown@authorsinfo.com","actor_via_sso":false,"log_type":"token"}', '2025-08-15 22:01:53.777402+00', ''),
	('00000000-0000-0000-0000-000000000000', '4367e4e6-32c6-4e6c-a064-bdf91e7b0925', '{"action":"token_refreshed","actor_id":"2474659f-003e-4faa-8c53-9969c33f20b2","actor_username":"bob.brown@authorsinfo.com","actor_via_sso":false,"log_type":"token"}', '2025-08-15 23:00:31.01394+00', ''),
	('00000000-0000-0000-0000-000000000000', '153d6f7a-1140-40c7-be1e-051738b26887', '{"action":"token_revoked","actor_id":"2474659f-003e-4faa-8c53-9969c33f20b2","actor_username":"bob.brown@authorsinfo.com","actor_via_sso":false,"log_type":"token"}', '2025-08-15 23:00:31.036365+00', ''),
	('00000000-0000-0000-0000-000000000000', 'a4e881b9-2398-4f26-a77d-9d3f5e33e569', '{"action":"token_refreshed","actor_id":"2474659f-003e-4faa-8c53-9969c33f20b2","actor_username":"bob.brown@authorsinfo.com","actor_via_sso":false,"log_type":"token"}', '2025-08-15 23:59:16.326818+00', ''),
	('00000000-0000-0000-0000-000000000000', '866d6b94-9e0f-42ec-99f2-d21895deb0f8', '{"action":"token_revoked","actor_id":"2474659f-003e-4faa-8c53-9969c33f20b2","actor_username":"bob.brown@authorsinfo.com","actor_via_sso":false,"log_type":"token"}', '2025-08-15 23:59:16.350967+00', ''),
	('00000000-0000-0000-0000-000000000000', '12f5ac86-f660-4a2c-bdbf-0eca7fd1cd07', '{"action":"token_refreshed","actor_id":"2474659f-003e-4faa-8c53-9969c33f20b2","actor_username":"bob.brown@authorsinfo.com","actor_via_sso":false,"log_type":"token"}', '2025-08-15 23:59:16.435254+00', ''),
	('00000000-0000-0000-0000-000000000000', 'a55fcbdc-da66-4a0f-bed4-54713e8497c3', '{"action":"token_refreshed","actor_id":"2474659f-003e-4faa-8c53-9969c33f20b2","actor_username":"bob.brown@authorsinfo.com","actor_via_sso":false,"log_type":"token"}', '2025-08-15 23:59:16.461675+00', ''),
	('00000000-0000-0000-0000-000000000000', '49633cca-2f25-4c01-8dac-3341e018f01b', '{"action":"token_refreshed","actor_id":"2474659f-003e-4faa-8c53-9969c33f20b2","actor_username":"bob.brown@authorsinfo.com","actor_via_sso":false,"log_type":"token"}', '2025-08-15 23:59:16.487077+00', ''),
	('00000000-0000-0000-0000-000000000000', 'fcd84d28-5b0d-4d12-a250-3166246c0549', '{"action":"token_refreshed","actor_id":"2474659f-003e-4faa-8c53-9969c33f20b2","actor_username":"bob.brown@authorsinfo.com","actor_via_sso":false,"log_type":"token"}', '2025-08-15 23:59:16.502903+00', ''),
	('00000000-0000-0000-0000-000000000000', 'b0b2f1d2-0759-495b-abd3-ea2e21eac509', '{"action":"token_refreshed","actor_id":"2474659f-003e-4faa-8c53-9969c33f20b2","actor_username":"bob.brown@authorsinfo.com","actor_via_sso":false,"log_type":"token"}', '2025-08-15 23:59:18.714942+00', ''),
	('00000000-0000-0000-0000-000000000000', '6ca8b824-8e00-4793-a30c-493deb2d24aa', '{"action":"token_refreshed","actor_id":"2474659f-003e-4faa-8c53-9969c33f20b2","actor_username":"bob.brown@authorsinfo.com","actor_via_sso":false,"log_type":"token"}', '2025-08-15 23:59:18.931668+00', ''),
	('00000000-0000-0000-0000-000000000000', '085b487e-563e-4029-b544-64edee681ce8', '{"action":"token_refreshed","actor_id":"2474659f-003e-4faa-8c53-9969c33f20b2","actor_username":"bob.brown@authorsinfo.com","actor_via_sso":false,"log_type":"token"}', '2025-08-16 00:57:27.253569+00', ''),
	('00000000-0000-0000-0000-000000000000', 'dec490eb-4401-4ceb-9673-fa58610981b0', '{"action":"token_revoked","actor_id":"2474659f-003e-4faa-8c53-9969c33f20b2","actor_username":"bob.brown@authorsinfo.com","actor_via_sso":false,"log_type":"token"}', '2025-08-16 00:57:27.290776+00', ''),
	('00000000-0000-0000-0000-000000000000', '0ba791c4-5a61-425f-afb3-cf7f1fc2438a', '{"action":"token_refreshed","actor_id":"2474659f-003e-4faa-8c53-9969c33f20b2","actor_username":"bob.brown@authorsinfo.com","actor_via_sso":false,"log_type":"token"}', '2025-08-16 01:55:51.828888+00', ''),
	('00000000-0000-0000-0000-000000000000', '295f21b1-e863-47b8-a2d4-f119c42059fd', '{"action":"token_revoked","actor_id":"2474659f-003e-4faa-8c53-9969c33f20b2","actor_username":"bob.brown@authorsinfo.com","actor_via_sso":false,"log_type":"token"}', '2025-08-16 01:55:51.845336+00', ''),
	('00000000-0000-0000-0000-000000000000', '3a06a506-e9b6-425c-a2ce-e200de406395', '{"action":"token_refreshed","actor_id":"2474659f-003e-4faa-8c53-9969c33f20b2","actor_username":"bob.brown@authorsinfo.com","actor_via_sso":false,"log_type":"token"}', '2025-08-16 12:43:04.684339+00', ''),
	('00000000-0000-0000-0000-000000000000', 'b3ea5b9a-1df2-4179-a741-61602757bd18', '{"action":"token_revoked","actor_id":"2474659f-003e-4faa-8c53-9969c33f20b2","actor_username":"bob.brown@authorsinfo.com","actor_via_sso":false,"log_type":"token"}', '2025-08-16 12:43:04.716455+00', ''),
	('00000000-0000-0000-0000-000000000000', '81a7d321-63c3-44b7-a7ce-9b2eecd1244d', '{"action":"token_refreshed","actor_id":"2474659f-003e-4faa-8c53-9969c33f20b2","actor_username":"bob.brown@authorsinfo.com","actor_via_sso":false,"log_type":"token"}', '2025-08-16 12:43:04.813428+00', ''),
	('00000000-0000-0000-0000-000000000000', '897e94c3-12bf-49e1-817a-a9e02e5b9c23', '{"action":"token_refreshed","actor_id":"2474659f-003e-4faa-8c53-9969c33f20b2","actor_username":"bob.brown@authorsinfo.com","actor_via_sso":false,"log_type":"token"}', '2025-08-16 12:43:06.22972+00', ''),
	('00000000-0000-0000-0000-000000000000', 'ee58d3ce-8e92-4127-9df5-8d561edb205e', '{"action":"token_refreshed","actor_id":"2474659f-003e-4faa-8c53-9969c33f20b2","actor_username":"bob.brown@authorsinfo.com","actor_via_sso":false,"log_type":"token"}', '2025-08-16 13:42:25.553265+00', ''),
	('00000000-0000-0000-0000-000000000000', 'f760cc6c-72ce-4bfe-83e0-d608a6ca39ff', '{"action":"token_revoked","actor_id":"2474659f-003e-4faa-8c53-9969c33f20b2","actor_username":"bob.brown@authorsinfo.com","actor_via_sso":false,"log_type":"token"}', '2025-08-16 13:42:25.567248+00', ''),
	('00000000-0000-0000-0000-000000000000', '91eeef6c-a45e-4574-a145-dde958588d5e', '{"action":"token_refreshed","actor_id":"2474659f-003e-4faa-8c53-9969c33f20b2","actor_username":"bob.brown@authorsinfo.com","actor_via_sso":false,"log_type":"token"}', '2025-08-16 17:05:03.339457+00', ''),
	('00000000-0000-0000-0000-000000000000', '00974648-6797-47ca-b6c9-471d91225110', '{"action":"token_revoked","actor_id":"2474659f-003e-4faa-8c53-9969c33f20b2","actor_username":"bob.brown@authorsinfo.com","actor_via_sso":false,"log_type":"token"}', '2025-08-16 17:05:03.369523+00', ''),
	('00000000-0000-0000-0000-000000000000', '9e581e32-02b8-49cf-9693-242de89c3d99', '{"action":"token_refreshed","actor_id":"2474659f-003e-4faa-8c53-9969c33f20b2","actor_username":"bob.brown@authorsinfo.com","actor_via_sso":false,"log_type":"token"}', '2025-08-16 18:03:58.721325+00', ''),
	('00000000-0000-0000-0000-000000000000', 'faa26d95-06a6-4302-9a45-40f5de0e11d2', '{"action":"token_revoked","actor_id":"2474659f-003e-4faa-8c53-9969c33f20b2","actor_username":"bob.brown@authorsinfo.com","actor_via_sso":false,"log_type":"token"}', '2025-08-16 18:03:58.739896+00', ''),
	('00000000-0000-0000-0000-000000000000', 'b064cbf0-aaf5-4c60-92d4-5b5d2f9dc7db', '{"action":"token_refreshed","actor_id":"2474659f-003e-4faa-8c53-9969c33f20b2","actor_username":"bob.brown@authorsinfo.com","actor_via_sso":false,"log_type":"token"}', '2025-08-16 23:53:30.330489+00', ''),
	('00000000-0000-0000-0000-000000000000', 'eb336374-7619-4596-aed5-251ab297a6cf', '{"action":"token_revoked","actor_id":"2474659f-003e-4faa-8c53-9969c33f20b2","actor_username":"bob.brown@authorsinfo.com","actor_via_sso":false,"log_type":"token"}', '2025-08-16 23:53:30.361656+00', ''),
	('00000000-0000-0000-0000-000000000000', '0f96b561-eb21-4a68-a8ae-9fb5ff67d19d', '{"action":"token_refreshed","actor_id":"2474659f-003e-4faa-8c53-9969c33f20b2","actor_username":"bob.brown@authorsinfo.com","actor_via_sso":false,"log_type":"token"}', '2025-08-17 00:52:11.693496+00', ''),
	('00000000-0000-0000-0000-000000000000', 'b67c038f-77ed-45a5-b728-8101f542f98c', '{"action":"token_revoked","actor_id":"2474659f-003e-4faa-8c53-9969c33f20b2","actor_username":"bob.brown@authorsinfo.com","actor_via_sso":false,"log_type":"token"}', '2025-08-17 00:52:11.710776+00', ''),
	('00000000-0000-0000-0000-000000000000', 'c419a4fc-e4b9-4534-b69d-c75d42b2e4b0', '{"action":"token_refreshed","actor_id":"2474659f-003e-4faa-8c53-9969c33f20b2","actor_username":"bob.brown@authorsinfo.com","actor_via_sso":false,"log_type":"token"}', '2025-08-17 01:51:01.693827+00', ''),
	('00000000-0000-0000-0000-000000000000', '48c2ebd7-8720-4ef4-b433-45b62e7706c1', '{"action":"token_revoked","actor_id":"2474659f-003e-4faa-8c53-9969c33f20b2","actor_username":"bob.brown@authorsinfo.com","actor_via_sso":false,"log_type":"token"}', '2025-08-17 01:51:01.711003+00', ''),
	('00000000-0000-0000-0000-000000000000', 'b7d4ebf5-2bed-4868-8912-79437b6b393e', '{"action":"token_refreshed","actor_id":"2474659f-003e-4faa-8c53-9969c33f20b2","actor_username":"bob.brown@authorsinfo.com","actor_via_sso":false,"log_type":"token"}', '2025-08-17 04:10:02.717984+00', ''),
	('00000000-0000-0000-0000-000000000000', '80c6b67e-a78a-4d70-9d8e-09d289527d6e', '{"action":"token_revoked","actor_id":"2474659f-003e-4faa-8c53-9969c33f20b2","actor_username":"bob.brown@authorsinfo.com","actor_via_sso":false,"log_type":"token"}', '2025-08-17 04:10:02.746057+00', ''),
	('00000000-0000-0000-0000-000000000000', '2f537fa8-70df-4c16-a5cc-7da9b3ab76cd', '{"action":"token_refreshed","actor_id":"2474659f-003e-4faa-8c53-9969c33f20b2","actor_username":"bob.brown@authorsinfo.com","actor_via_sso":false,"log_type":"token"}', '2025-08-17 05:09:25.758079+00', ''),
	('00000000-0000-0000-0000-000000000000', '6583498d-cedd-44ab-be48-ea67e53f9f4c', '{"action":"token_revoked","actor_id":"2474659f-003e-4faa-8c53-9969c33f20b2","actor_username":"bob.brown@authorsinfo.com","actor_via_sso":false,"log_type":"token"}', '2025-08-17 05:09:25.777222+00', ''),
	('00000000-0000-0000-0000-000000000000', '1348e28d-2c60-4957-93d6-eff0d82e8357', '{"action":"token_refreshed","actor_id":"2474659f-003e-4faa-8c53-9969c33f20b2","actor_username":"bob.brown@authorsinfo.com","actor_via_sso":false,"log_type":"token"}', '2025-08-17 06:08:25.779622+00', ''),
	('00000000-0000-0000-0000-000000000000', 'c5ca92ef-f00c-41cd-bc7b-c316f4e04a7c', '{"action":"token_revoked","actor_id":"2474659f-003e-4faa-8c53-9969c33f20b2","actor_username":"bob.brown@authorsinfo.com","actor_via_sso":false,"log_type":"token"}', '2025-08-17 06:08:25.795849+00', ''),
	('00000000-0000-0000-0000-000000000000', 'c0f59afc-37b2-4f06-b666-105ed0d33d3a', '{"action":"token_refreshed","actor_id":"2474659f-003e-4faa-8c53-9969c33f20b2","actor_username":"bob.brown@authorsinfo.com","actor_via_sso":false,"log_type":"token"}', '2025-08-17 07:07:25.86374+00', ''),
	('00000000-0000-0000-0000-000000000000', 'ceb402d5-0aff-4f25-a6e0-1571583afe16', '{"action":"token_revoked","actor_id":"2474659f-003e-4faa-8c53-9969c33f20b2","actor_username":"bob.brown@authorsinfo.com","actor_via_sso":false,"log_type":"token"}', '2025-08-17 07:07:25.887279+00', ''),
	('00000000-0000-0000-0000-000000000000', 'c8093671-4b4a-4254-a950-8960ca896127', '{"action":"token_refreshed","actor_id":"2474659f-003e-4faa-8c53-9969c33f20b2","actor_username":"bob.brown@authorsinfo.com","actor_via_sso":false,"log_type":"token"}', '2025-08-17 08:06:25.829481+00', ''),
	('00000000-0000-0000-0000-000000000000', '9c63dc6f-811a-4cf7-872e-ebf165b24f3a', '{"action":"token_revoked","actor_id":"2474659f-003e-4faa-8c53-9969c33f20b2","actor_username":"bob.brown@authorsinfo.com","actor_via_sso":false,"log_type":"token"}', '2025-08-17 08:06:25.851766+00', ''),
	('00000000-0000-0000-0000-000000000000', 'a2ce404d-150f-4ddd-b6d2-4dc490b44614', '{"action":"token_refreshed","actor_id":"2474659f-003e-4faa-8c53-9969c33f20b2","actor_username":"bob.brown@authorsinfo.com","actor_via_sso":false,"log_type":"token"}', '2025-08-17 09:05:25.933193+00', ''),
	('00000000-0000-0000-0000-000000000000', 'c5a18339-d534-49d6-8d8c-c31baedd3afe', '{"action":"token_revoked","actor_id":"2474659f-003e-4faa-8c53-9969c33f20b2","actor_username":"bob.brown@authorsinfo.com","actor_via_sso":false,"log_type":"token"}', '2025-08-17 09:05:25.946089+00', ''),
	('00000000-0000-0000-0000-000000000000', 'fcf7e247-33e6-4e03-8f00-9d904443f8b4', '{"action":"token_refreshed","actor_id":"2474659f-003e-4faa-8c53-9969c33f20b2","actor_username":"bob.brown@authorsinfo.com","actor_via_sso":false,"log_type":"token"}', '2025-08-17 10:04:25.838698+00', ''),
	('00000000-0000-0000-0000-000000000000', '992bec49-4ce5-4943-bca5-254210b6672c', '{"action":"token_revoked","actor_id":"2474659f-003e-4faa-8c53-9969c33f20b2","actor_username":"bob.brown@authorsinfo.com","actor_via_sso":false,"log_type":"token"}', '2025-08-17 10:04:25.866547+00', ''),
	('00000000-0000-0000-0000-000000000000', 'b0ed335c-acee-4beb-b143-d288a7a2439d', '{"action":"token_refreshed","actor_id":"2474659f-003e-4faa-8c53-9969c33f20b2","actor_username":"bob.brown@authorsinfo.com","actor_via_sso":false,"log_type":"token"}', '2025-08-17 11:03:25.984321+00', ''),
	('00000000-0000-0000-0000-000000000000', 'e2f14eac-0922-4140-8286-0b0bcbf007bc', '{"action":"token_revoked","actor_id":"2474659f-003e-4faa-8c53-9969c33f20b2","actor_username":"bob.brown@authorsinfo.com","actor_via_sso":false,"log_type":"token"}', '2025-08-17 11:03:26.005383+00', ''),
	('00000000-0000-0000-0000-000000000000', '9486c121-c334-4b5c-abf5-ca7e99468988', '{"action":"token_refreshed","actor_id":"2474659f-003e-4faa-8c53-9969c33f20b2","actor_username":"bob.brown@authorsinfo.com","actor_via_sso":false,"log_type":"token"}', '2025-08-17 16:12:26.598325+00', ''),
	('00000000-0000-0000-0000-000000000000', '161f244b-28be-4b00-abe6-16deec5672b9', '{"action":"token_revoked","actor_id":"2474659f-003e-4faa-8c53-9969c33f20b2","actor_username":"bob.brown@authorsinfo.com","actor_via_sso":false,"log_type":"token"}', '2025-08-17 16:12:26.627929+00', ''),
	('00000000-0000-0000-0000-000000000000', '79b2aee6-6224-4c47-8693-611c2134e83d', '{"action":"token_refreshed","actor_id":"2474659f-003e-4faa-8c53-9969c33f20b2","actor_username":"bob.brown@authorsinfo.com","actor_via_sso":false,"log_type":"token"}', '2025-08-17 19:55:10.877845+00', ''),
	('00000000-0000-0000-0000-000000000000', 'e9d96fff-0095-483d-a479-c441186c1238', '{"action":"token_revoked","actor_id":"2474659f-003e-4faa-8c53-9969c33f20b2","actor_username":"bob.brown@authorsinfo.com","actor_via_sso":false,"log_type":"token"}', '2025-08-17 19:55:10.90536+00', ''),
	('00000000-0000-0000-0000-000000000000', '0e4ce7d4-8503-4d5a-b5e0-332708140cce', '{"action":"token_refreshed","actor_id":"2474659f-003e-4faa-8c53-9969c33f20b2","actor_username":"bob.brown@authorsinfo.com","actor_via_sso":false,"log_type":"token"}', '2025-08-17 19:55:14.990031+00', ''),
	('00000000-0000-0000-0000-000000000000', '45df2b87-30b2-425b-b5fe-d71ecaed62a1', '{"action":"token_refreshed","actor_id":"2474659f-003e-4faa-8c53-9969c33f20b2","actor_username":"bob.brown@authorsinfo.com","actor_via_sso":false,"log_type":"token"}', '2025-08-17 20:54:22.18544+00', ''),
	('00000000-0000-0000-0000-000000000000', 'a21fa3a2-d550-48e4-b3d2-e1c389f79067', '{"action":"token_revoked","actor_id":"2474659f-003e-4faa-8c53-9969c33f20b2","actor_username":"bob.brown@authorsinfo.com","actor_via_sso":false,"log_type":"token"}', '2025-08-17 20:54:22.203507+00', ''),
	('00000000-0000-0000-0000-000000000000', 'b3bf31e5-f742-4ffc-86bf-3ff4dd5d6946', '{"action":"token_refreshed","actor_id":"2474659f-003e-4faa-8c53-9969c33f20b2","actor_username":"bob.brown@authorsinfo.com","actor_via_sso":false,"log_type":"token"}', '2025-08-17 21:53:25.919229+00', ''),
	('00000000-0000-0000-0000-000000000000', '8b65cf4e-f61e-48e2-bc93-47e66adf4e4e', '{"action":"token_revoked","actor_id":"2474659f-003e-4faa-8c53-9969c33f20b2","actor_username":"bob.brown@authorsinfo.com","actor_via_sso":false,"log_type":"token"}', '2025-08-17 21:53:25.93281+00', ''),
	('00000000-0000-0000-0000-000000000000', 'c38635a4-158a-4bb6-b02c-1c914bdc5381', '{"action":"token_refreshed","actor_id":"2474659f-003e-4faa-8c53-9969c33f20b2","actor_username":"bob.brown@authorsinfo.com","actor_via_sso":false,"log_type":"token"}', '2025-08-17 21:53:26.219285+00', ''),
	('00000000-0000-0000-0000-000000000000', '9df59003-e75e-45b7-9fb0-84388fc6a83e', '{"action":"token_refreshed","actor_id":"2474659f-003e-4faa-8c53-9969c33f20b2","actor_username":"bob.brown@authorsinfo.com","actor_via_sso":false,"log_type":"token"}', '2025-08-17 23:28:59.535234+00', ''),
	('00000000-0000-0000-0000-000000000000', 'e1dd1bd2-de7b-4b07-a0c2-3e1eff00235b', '{"action":"token_revoked","actor_id":"2474659f-003e-4faa-8c53-9969c33f20b2","actor_username":"bob.brown@authorsinfo.com","actor_via_sso":false,"log_type":"token"}', '2025-08-17 23:28:59.562563+00', ''),
	('00000000-0000-0000-0000-000000000000', '3100cffb-aac7-415f-be22-05ff783858e0', '{"action":"token_refreshed","actor_id":"2474659f-003e-4faa-8c53-9969c33f20b2","actor_username":"bob.brown@authorsinfo.com","actor_via_sso":false,"log_type":"token"}', '2025-08-17 23:29:00.708841+00', ''),
	('00000000-0000-0000-0000-000000000000', '329df6ff-4572-41c8-8fb1-3a9693435612', '{"action":"token_refreshed","actor_id":"2474659f-003e-4faa-8c53-9969c33f20b2","actor_username":"bob.brown@authorsinfo.com","actor_via_sso":false,"log_type":"token"}', '2025-08-18 00:28:21.90366+00', ''),
	('00000000-0000-0000-0000-000000000000', 'a1ce04fe-2662-4693-8028-a5749cb4f417', '{"action":"token_revoked","actor_id":"2474659f-003e-4faa-8c53-9969c33f20b2","actor_username":"bob.brown@authorsinfo.com","actor_via_sso":false,"log_type":"token"}', '2025-08-18 00:28:21.921154+00', ''),
	('00000000-0000-0000-0000-000000000000', '40e9dd43-a3f5-4833-8c28-d48622bc6fcc', '{"action":"token_refreshed","actor_id":"2474659f-003e-4faa-8c53-9969c33f20b2","actor_username":"bob.brown@authorsinfo.com","actor_via_sso":false,"log_type":"token"}', '2025-08-18 03:15:46.340045+00', ''),
	('00000000-0000-0000-0000-000000000000', 'd923d951-0b21-4981-8867-56619de4640a', '{"action":"token_revoked","actor_id":"2474659f-003e-4faa-8c53-9969c33f20b2","actor_username":"bob.brown@authorsinfo.com","actor_via_sso":false,"log_type":"token"}', '2025-08-18 03:15:46.368696+00', ''),
	('00000000-0000-0000-0000-000000000000', '571032fe-f875-4775-9b65-2b0a12616eb3', '{"action":"token_refreshed","actor_id":"2474659f-003e-4faa-8c53-9969c33f20b2","actor_username":"bob.brown@authorsinfo.com","actor_via_sso":false,"log_type":"token"}', '2025-08-18 03:15:47.749192+00', ''),
	('00000000-0000-0000-0000-000000000000', 'abed5fcd-bac8-4c1c-a238-0c6ba9875c96', '{"action":"token_refreshed","actor_id":"2474659f-003e-4faa-8c53-9969c33f20b2","actor_username":"bob.brown@authorsinfo.com","actor_via_sso":false,"log_type":"token"}', '2025-08-18 04:53:40.190172+00', ''),
	('00000000-0000-0000-0000-000000000000', 'd084fa92-98a4-490e-b5e4-06d5d8bcbaaf', '{"action":"token_revoked","actor_id":"2474659f-003e-4faa-8c53-9969c33f20b2","actor_username":"bob.brown@authorsinfo.com","actor_via_sso":false,"log_type":"token"}', '2025-08-18 04:53:40.218664+00', ''),
	('00000000-0000-0000-0000-000000000000', '8499a522-4458-4e16-968b-2a22353d8312', '{"action":"token_refreshed","actor_id":"2474659f-003e-4faa-8c53-9969c33f20b2","actor_username":"bob.brown@authorsinfo.com","actor_via_sso":false,"log_type":"token"}', '2025-08-18 04:53:40.615493+00', ''),
	('00000000-0000-0000-0000-000000000000', 'b11ab87d-f866-4f22-8b8a-a9ac7d1c38e5', '{"action":"token_refreshed","actor_id":"2474659f-003e-4faa-8c53-9969c33f20b2","actor_username":"bob.brown@authorsinfo.com","actor_via_sso":false,"log_type":"token"}', '2025-08-18 11:32:42.579996+00', ''),
	('00000000-0000-0000-0000-000000000000', '59e0cd65-0a8d-44d0-b0ba-a81a360e0592', '{"action":"token_revoked","actor_id":"2474659f-003e-4faa-8c53-9969c33f20b2","actor_username":"bob.brown@authorsinfo.com","actor_via_sso":false,"log_type":"token"}', '2025-08-18 11:32:42.604551+00', ''),
	('00000000-0000-0000-0000-000000000000', '8bde7577-11f4-4016-871f-ede88a1cde43', '{"action":"token_refreshed","actor_id":"2474659f-003e-4faa-8c53-9969c33f20b2","actor_username":"bob.brown@authorsinfo.com","actor_via_sso":false,"log_type":"token"}', '2025-08-18 11:38:41.260127+00', ''),
	('00000000-0000-0000-0000-000000000000', '75eea39b-ad16-411f-a3cc-f1d55eef7201', '{"action":"token_refreshed","actor_id":"2474659f-003e-4faa-8c53-9969c33f20b2","actor_username":"bob.brown@authorsinfo.com","actor_via_sso":false,"log_type":"token"}', '2025-08-18 11:59:22.784449+00', ''),
	('00000000-0000-0000-0000-000000000000', 'f605cc79-1a6a-4707-8aaf-e3a471019aaf', '{"action":"token_refreshed","actor_id":"2474659f-003e-4faa-8c53-9969c33f20b2","actor_username":"bob.brown@authorsinfo.com","actor_via_sso":false,"log_type":"token"}', '2025-08-18 11:59:26.001329+00', ''),
	('00000000-0000-0000-0000-000000000000', '4a9ac3af-7ef0-4cd8-842f-246d225a3d3f', '{"action":"token_refreshed","actor_id":"2474659f-003e-4faa-8c53-9969c33f20b2","actor_username":"bob.brown@authorsinfo.com","actor_via_sso":false,"log_type":"token"}', '2025-08-18 11:59:26.476668+00', ''),
	('00000000-0000-0000-0000-000000000000', 'ccabf2bb-3183-4bb2-a93d-69079d790ce3', '{"action":"token_refreshed","actor_id":"2474659f-003e-4faa-8c53-9969c33f20b2","actor_username":"bob.brown@authorsinfo.com","actor_via_sso":false,"log_type":"token"}', '2025-08-18 12:58:26.202575+00', ''),
	('00000000-0000-0000-0000-000000000000', '70a09fe1-43d6-4349-9ffe-94bcd386d207', '{"action":"token_revoked","actor_id":"2474659f-003e-4faa-8c53-9969c33f20b2","actor_username":"bob.brown@authorsinfo.com","actor_via_sso":false,"log_type":"token"}', '2025-08-18 12:58:26.225071+00', ''),
	('00000000-0000-0000-0000-000000000000', '48376ea3-34ed-44e0-a58b-ccbf4acbb626', '{"action":"token_refreshed","actor_id":"2474659f-003e-4faa-8c53-9969c33f20b2","actor_username":"bob.brown@authorsinfo.com","actor_via_sso":false,"log_type":"token"}', '2025-08-18 12:58:26.277479+00', ''),
	('00000000-0000-0000-0000-000000000000', 'a84c937e-fa90-420e-a26d-199f0546499b', '{"action":"token_refreshed","actor_id":"2474659f-003e-4faa-8c53-9969c33f20b2","actor_username":"bob.brown@authorsinfo.com","actor_via_sso":false,"log_type":"token"}', '2025-08-18 13:57:26.290293+00', ''),
	('00000000-0000-0000-0000-000000000000', '235ca2ed-b9d0-4195-928e-ba083769d708', '{"action":"token_revoked","actor_id":"2474659f-003e-4faa-8c53-9969c33f20b2","actor_username":"bob.brown@authorsinfo.com","actor_via_sso":false,"log_type":"token"}', '2025-08-18 13:57:26.311887+00', ''),
	('00000000-0000-0000-0000-000000000000', '7db2881f-df59-4487-b56f-121e6defc4ae', '{"action":"token_refreshed","actor_id":"2474659f-003e-4faa-8c53-9969c33f20b2","actor_username":"bob.brown@authorsinfo.com","actor_via_sso":false,"log_type":"token"}', '2025-08-18 13:57:26.367903+00', ''),
	('00000000-0000-0000-0000-000000000000', '7e1a90db-26d7-4153-b351-d0cdf5f97bd4', '{"action":"token_refreshed","actor_id":"2474659f-003e-4faa-8c53-9969c33f20b2","actor_username":"bob.brown@authorsinfo.com","actor_via_sso":false,"log_type":"token"}', '2025-08-18 14:56:15.793457+00', ''),
	('00000000-0000-0000-0000-000000000000', 'bc17e11a-45c4-4511-a793-4ea7a35dfdeb', '{"action":"token_revoked","actor_id":"2474659f-003e-4faa-8c53-9969c33f20b2","actor_username":"bob.brown@authorsinfo.com","actor_via_sso":false,"log_type":"token"}', '2025-08-18 14:56:15.814234+00', ''),
	('00000000-0000-0000-0000-000000000000', 'e4d54aa5-0ac9-42ad-a310-2010f5a44ba0', '{"action":"token_refreshed","actor_id":"2474659f-003e-4faa-8c53-9969c33f20b2","actor_username":"bob.brown@authorsinfo.com","actor_via_sso":false,"log_type":"token"}', '2025-08-18 14:56:15.889526+00', ''),
	('00000000-0000-0000-0000-000000000000', '81d285c7-b633-41d9-ad96-38f2d051f4f5', '{"action":"token_refreshed","actor_id":"2474659f-003e-4faa-8c53-9969c33f20b2","actor_username":"bob.brown@authorsinfo.com","actor_via_sso":false,"log_type":"token"}', '2025-08-18 15:55:26.43371+00', ''),
	('00000000-0000-0000-0000-000000000000', 'b1098be9-4df8-4bb5-8a76-c08acbee453d', '{"action":"token_revoked","actor_id":"2474659f-003e-4faa-8c53-9969c33f20b2","actor_username":"bob.brown@authorsinfo.com","actor_via_sso":false,"log_type":"token"}', '2025-08-18 15:55:26.470917+00', ''),
	('00000000-0000-0000-0000-000000000000', 'e19eb6e0-cd9a-40d3-8553-65996aa07aca', '{"action":"token_refreshed","actor_id":"2474659f-003e-4faa-8c53-9969c33f20b2","actor_username":"bob.brown@authorsinfo.com","actor_via_sso":false,"log_type":"token"}', '2025-08-18 15:55:26.557444+00', ''),
	('00000000-0000-0000-0000-000000000000', '40a6c03d-4b7d-4073-9efa-5f1884c21d78', '{"action":"token_refreshed","actor_id":"2474659f-003e-4faa-8c53-9969c33f20b2","actor_username":"bob.brown@authorsinfo.com","actor_via_sso":false,"log_type":"token"}', '2025-08-18 16:54:02.29164+00', ''),
	('00000000-0000-0000-0000-000000000000', 'b6554237-5fd7-40db-8839-80bb07773a0e', '{"action":"token_revoked","actor_id":"2474659f-003e-4faa-8c53-9969c33f20b2","actor_username":"bob.brown@authorsinfo.com","actor_via_sso":false,"log_type":"token"}', '2025-08-18 16:54:02.311151+00', ''),
	('00000000-0000-0000-0000-000000000000', '8eb1390c-8e0c-4691-b7b1-f2d1e4f58b48', '{"action":"token_refreshed","actor_id":"2474659f-003e-4faa-8c53-9969c33f20b2","actor_username":"bob.brown@authorsinfo.com","actor_via_sso":false,"log_type":"token"}', '2025-08-18 17:53:26.639814+00', ''),
	('00000000-0000-0000-0000-000000000000', 'fe755c71-9e29-4206-acc0-4dfc6581207b', '{"action":"token_revoked","actor_id":"2474659f-003e-4faa-8c53-9969c33f20b2","actor_username":"bob.brown@authorsinfo.com","actor_via_sso":false,"log_type":"token"}', '2025-08-18 17:53:26.658108+00', ''),
	('00000000-0000-0000-0000-000000000000', '1acbf474-10c6-4b76-9dc4-b1f6f00b5a2d', '{"action":"token_refreshed","actor_id":"2474659f-003e-4faa-8c53-9969c33f20b2","actor_username":"bob.brown@authorsinfo.com","actor_via_sso":false,"log_type":"token"}', '2025-08-18 18:52:26.888357+00', ''),
	('00000000-0000-0000-0000-000000000000', '50cc7739-21ab-4128-b476-320a1db44396', '{"action":"token_revoked","actor_id":"2474659f-003e-4faa-8c53-9969c33f20b2","actor_username":"bob.brown@authorsinfo.com","actor_via_sso":false,"log_type":"token"}', '2025-08-18 18:52:26.926081+00', ''),
	('00000000-0000-0000-0000-000000000000', '6b79b6c9-cece-4799-9cfc-656828f260eb', '{"action":"token_refreshed","actor_id":"2474659f-003e-4faa-8c53-9969c33f20b2","actor_username":"bob.brown@authorsinfo.com","actor_via_sso":false,"log_type":"token"}', '2025-08-18 18:52:27.067471+00', ''),
	('00000000-0000-0000-0000-000000000000', 'ec9390e1-8160-485e-ae19-81a5e5364a54', '{"action":"token_refreshed","actor_id":"2474659f-003e-4faa-8c53-9969c33f20b2","actor_username":"bob.brown@authorsinfo.com","actor_via_sso":false,"log_type":"token"}', '2025-08-18 18:52:29.596663+00', ''),
	('00000000-0000-0000-0000-000000000000', 'a26c0a0c-ff56-405b-9762-fe2b5286e2e0', '{"action":"token_refreshed","actor_id":"2474659f-003e-4faa-8c53-9969c33f20b2","actor_username":"bob.brown@authorsinfo.com","actor_via_sso":false,"log_type":"token"}', '2025-08-18 19:51:12.376822+00', ''),
	('00000000-0000-0000-0000-000000000000', 'ec290c7e-a5a1-4835-8aca-b9f41d87894c', '{"action":"token_revoked","actor_id":"2474659f-003e-4faa-8c53-9969c33f20b2","actor_username":"bob.brown@authorsinfo.com","actor_via_sso":false,"log_type":"token"}', '2025-08-18 19:51:12.399472+00', ''),
	('00000000-0000-0000-0000-000000000000', 'd5025c08-c5f7-4b4f-92b4-d956a2d29fa4', '{"action":"token_refreshed","actor_id":"2474659f-003e-4faa-8c53-9969c33f20b2","actor_username":"bob.brown@authorsinfo.com","actor_via_sso":false,"log_type":"token"}', '2025-08-18 20:50:26.594635+00', ''),
	('00000000-0000-0000-0000-000000000000', 'ed3ee356-1539-4a01-abca-ffc734157547', '{"action":"token_revoked","actor_id":"2474659f-003e-4faa-8c53-9969c33f20b2","actor_username":"bob.brown@authorsinfo.com","actor_via_sso":false,"log_type":"token"}', '2025-08-18 20:50:26.625311+00', ''),
	('00000000-0000-0000-0000-000000000000', 'aa009736-2c64-42fd-bb52-a9bb2edc59c8', '{"action":"token_refreshed","actor_id":"2474659f-003e-4faa-8c53-9969c33f20b2","actor_username":"bob.brown@authorsinfo.com","actor_via_sso":false,"log_type":"token"}', '2025-08-18 20:50:26.73575+00', ''),
	('00000000-0000-0000-0000-000000000000', '6c96252a-8987-4d95-814e-5ee85f9b0c6f', '{"action":"token_refreshed","actor_id":"2474659f-003e-4faa-8c53-9969c33f20b2","actor_username":"bob.brown@authorsinfo.com","actor_via_sso":false,"log_type":"token"}', '2025-08-18 20:50:29.088275+00', ''),
	('00000000-0000-0000-0000-000000000000', '25c94063-cfbf-4cfc-b69b-45bc9cad32ed', '{"action":"token_refreshed","actor_id":"2474659f-003e-4faa-8c53-9969c33f20b2","actor_username":"bob.brown@authorsinfo.com","actor_via_sso":false,"log_type":"token"}', '2025-08-18 21:49:26.541135+00', ''),
	('00000000-0000-0000-0000-000000000000', '3faa3e72-487f-477a-9e7b-485e08071a9c', '{"action":"token_revoked","actor_id":"2474659f-003e-4faa-8c53-9969c33f20b2","actor_username":"bob.brown@authorsinfo.com","actor_via_sso":false,"log_type":"token"}', '2025-08-18 21:49:26.569864+00', ''),
	('00000000-0000-0000-0000-000000000000', '4c035216-7d11-4ccc-bf64-2be91b73ec8d', '{"action":"token_refreshed","actor_id":"2474659f-003e-4faa-8c53-9969c33f20b2","actor_username":"bob.brown@authorsinfo.com","actor_via_sso":false,"log_type":"token"}', '2025-08-18 21:49:26.666285+00', ''),
	('00000000-0000-0000-0000-000000000000', 'dcde4c86-8271-4518-817f-7142affa2c06', '{"action":"token_refreshed","actor_id":"2474659f-003e-4faa-8c53-9969c33f20b2","actor_username":"bob.brown@authorsinfo.com","actor_via_sso":false,"log_type":"token"}', '2025-08-18 21:49:28.423152+00', ''),
	('00000000-0000-0000-0000-000000000000', 'b461891b-8857-4fcd-8061-55301f721446', '{"action":"token_refreshed","actor_id":"2474659f-003e-4faa-8c53-9969c33f20b2","actor_username":"bob.brown@authorsinfo.com","actor_via_sso":false,"log_type":"token"}', '2025-08-18 22:48:05.901577+00', ''),
	('00000000-0000-0000-0000-000000000000', 'ab2b06d4-14b7-4453-846d-0a6780828991', '{"action":"token_revoked","actor_id":"2474659f-003e-4faa-8c53-9969c33f20b2","actor_username":"bob.brown@authorsinfo.com","actor_via_sso":false,"log_type":"token"}', '2025-08-18 22:48:05.93679+00', ''),
	('00000000-0000-0000-0000-000000000000', '0b0471ea-d528-401e-93f8-b819991c82c6', '{"action":"token_refreshed","actor_id":"2474659f-003e-4faa-8c53-9969c33f20b2","actor_username":"bob.brown@authorsinfo.com","actor_via_sso":false,"log_type":"token"}', '2025-08-18 23:55:41.566618+00', ''),
	('00000000-0000-0000-0000-000000000000', '4c4257c7-7fa8-4b42-b570-74cc03982f12', '{"action":"token_revoked","actor_id":"2474659f-003e-4faa-8c53-9969c33f20b2","actor_username":"bob.brown@authorsinfo.com","actor_via_sso":false,"log_type":"token"}', '2025-08-18 23:55:41.586663+00', ''),
	('00000000-0000-0000-0000-000000000000', '2b0b60a4-2229-466a-9bd0-7d66e6b5f9e2', '{"action":"token_refreshed","actor_id":"2474659f-003e-4faa-8c53-9969c33f20b2","actor_username":"bob.brown@authorsinfo.com","actor_via_sso":false,"log_type":"token"}', '2025-08-19 00:54:19.448638+00', ''),
	('00000000-0000-0000-0000-000000000000', '1082d6ad-1464-4c96-8a4c-9606896a1ba9', '{"action":"token_revoked","actor_id":"2474659f-003e-4faa-8c53-9969c33f20b2","actor_username":"bob.brown@authorsinfo.com","actor_via_sso":false,"log_type":"token"}', '2025-08-19 00:54:19.467572+00', ''),
	('00000000-0000-0000-0000-000000000000', 'beb05dfb-ef50-40a4-92a2-e1291cfaa758', '{"action":"token_refreshed","actor_id":"2474659f-003e-4faa-8c53-9969c33f20b2","actor_username":"bob.brown@authorsinfo.com","actor_via_sso":false,"log_type":"token"}', '2025-08-19 02:22:01.462372+00', ''),
	('00000000-0000-0000-0000-000000000000', '17378197-0410-4982-b861-a71cdb959612', '{"action":"token_revoked","actor_id":"2474659f-003e-4faa-8c53-9969c33f20b2","actor_username":"bob.brown@authorsinfo.com","actor_via_sso":false,"log_type":"token"}', '2025-08-19 02:22:01.488346+00', ''),
	('00000000-0000-0000-0000-000000000000', 'c0830135-ce44-43cb-b306-077ac5872340', '{"action":"token_refreshed","actor_id":"2474659f-003e-4faa-8c53-9969c33f20b2","actor_username":"bob.brown@authorsinfo.com","actor_via_sso":false,"log_type":"token"}', '2025-08-19 02:22:01.56044+00', ''),
	('00000000-0000-0000-0000-000000000000', '387dc0a9-fae0-41e8-8c57-a721ea6c4c0b', '{"action":"token_refreshed","actor_id":"2474659f-003e-4faa-8c53-9969c33f20b2","actor_username":"bob.brown@authorsinfo.com","actor_via_sso":false,"log_type":"token"}', '2025-08-19 03:20:37.590673+00', ''),
	('00000000-0000-0000-0000-000000000000', '648d6745-c617-48b0-b6ba-a56b0fcf7db4', '{"action":"token_revoked","actor_id":"2474659f-003e-4faa-8c53-9969c33f20b2","actor_username":"bob.brown@authorsinfo.com","actor_via_sso":false,"log_type":"token"}', '2025-08-19 03:20:37.615325+00', ''),
	('00000000-0000-0000-0000-000000000000', '74c33f0b-8f09-4fcf-a870-981fb96e29a2', '{"action":"token_refreshed","actor_id":"2474659f-003e-4faa-8c53-9969c33f20b2","actor_username":"bob.brown@authorsinfo.com","actor_via_sso":false,"log_type":"token"}', '2025-08-19 04:19:12.506074+00', ''),
	('00000000-0000-0000-0000-000000000000', '7c8591f2-3b7c-42d7-aeeb-7cee7d8eb1d0', '{"action":"token_revoked","actor_id":"2474659f-003e-4faa-8c53-9969c33f20b2","actor_username":"bob.brown@authorsinfo.com","actor_via_sso":false,"log_type":"token"}', '2025-08-19 04:19:12.575359+00', ''),
	('00000000-0000-0000-0000-000000000000', '7e956238-0cdd-4b7a-9e92-0239c20f6ac4', '{"action":"token_refreshed","actor_id":"2474659f-003e-4faa-8c53-9969c33f20b2","actor_username":"bob.brown@authorsinfo.com","actor_via_sso":false,"log_type":"token"}', '2025-08-19 12:09:54.096612+00', ''),
	('00000000-0000-0000-0000-000000000000', '0053548d-964e-44ea-8d4a-2e0c6c3d389f', '{"action":"token_revoked","actor_id":"2474659f-003e-4faa-8c53-9969c33f20b2","actor_username":"bob.brown@authorsinfo.com","actor_via_sso":false,"log_type":"token"}', '2025-08-19 12:09:54.124927+00', ''),
	('00000000-0000-0000-0000-000000000000', '4d18b6d1-7359-4b2e-908f-0c7f6b0df11c', '{"action":"token_refreshed","actor_id":"2474659f-003e-4faa-8c53-9969c33f20b2","actor_username":"bob.brown@authorsinfo.com","actor_via_sso":false,"log_type":"token"}', '2025-08-19 12:09:56.142247+00', ''),
	('00000000-0000-0000-0000-000000000000', '171cd681-d916-40c2-9db8-c15423915350', '{"action":"token_refreshed","actor_id":"2474659f-003e-4faa-8c53-9969c33f20b2","actor_username":"bob.brown@authorsinfo.com","actor_via_sso":false,"log_type":"token"}', '2025-08-19 13:08:12.743609+00', ''),
	('00000000-0000-0000-0000-000000000000', '6f0b87d2-bd4a-43b3-b431-625552a3107c', '{"action":"token_revoked","actor_id":"2474659f-003e-4faa-8c53-9969c33f20b2","actor_username":"bob.brown@authorsinfo.com","actor_via_sso":false,"log_type":"token"}', '2025-08-19 13:08:12.767184+00', ''),
	('00000000-0000-0000-0000-000000000000', '76cd3744-5086-491f-bb49-bd864b0162a1', '{"action":"token_refreshed","actor_id":"2474659f-003e-4faa-8c53-9969c33f20b2","actor_username":"bob.brown@authorsinfo.com","actor_via_sso":false,"log_type":"token"}', '2025-08-19 14:07:22.610806+00', ''),
	('00000000-0000-0000-0000-000000000000', '708ea262-a77d-4847-b0c3-c75c3cd5d977', '{"action":"token_revoked","actor_id":"2474659f-003e-4faa-8c53-9969c33f20b2","actor_username":"bob.brown@authorsinfo.com","actor_via_sso":false,"log_type":"token"}', '2025-08-19 14:07:22.631735+00', ''),
	('00000000-0000-0000-0000-000000000000', '165cbc15-61e4-4191-bbcb-8a6290c351ef', '{"action":"token_refreshed","actor_id":"2474659f-003e-4faa-8c53-9969c33f20b2","actor_username":"bob.brown@authorsinfo.com","actor_via_sso":false,"log_type":"token"}', '2025-08-19 14:07:22.676506+00', ''),
	('00000000-0000-0000-0000-000000000000', '497fffa4-1fdc-4c26-bb03-4f1e52cc42c2', '{"action":"token_refreshed","actor_id":"2474659f-003e-4faa-8c53-9969c33f20b2","actor_username":"bob.brown@authorsinfo.com","actor_via_sso":false,"log_type":"token"}', '2025-08-19 14:07:26.81282+00', ''),
	('00000000-0000-0000-0000-000000000000', '592f09df-52c3-4b0e-a2d5-0220dd6fc564', '{"action":"token_refreshed","actor_id":"2474659f-003e-4faa-8c53-9969c33f20b2","actor_username":"bob.brown@authorsinfo.com","actor_via_sso":false,"log_type":"token"}', '2025-08-19 15:06:18.913542+00', ''),
	('00000000-0000-0000-0000-000000000000', 'e90a1c6d-c1a0-4e1f-b8cc-7f8969a5e87b', '{"action":"token_revoked","actor_id":"2474659f-003e-4faa-8c53-9969c33f20b2","actor_username":"bob.brown@authorsinfo.com","actor_via_sso":false,"log_type":"token"}', '2025-08-19 15:06:18.938858+00', ''),
	('00000000-0000-0000-0000-000000000000', '97e0ce68-c491-4cc3-a61f-765a49f5a2b2', '{"action":"token_refreshed","actor_id":"2474659f-003e-4faa-8c53-9969c33f20b2","actor_username":"bob.brown@authorsinfo.com","actor_via_sso":false,"log_type":"token"}', '2025-08-19 16:05:08.905583+00', ''),
	('00000000-0000-0000-0000-000000000000', '24b2b346-c86c-4c63-a303-d9f26b79f0bc', '{"action":"token_revoked","actor_id":"2474659f-003e-4faa-8c53-9969c33f20b2","actor_username":"bob.brown@authorsinfo.com","actor_via_sso":false,"log_type":"token"}', '2025-08-19 16:05:08.936+00', ''),
	('00000000-0000-0000-0000-000000000000', '19be5f11-36f1-4825-95f7-521344e0c92f', '{"action":"token_refreshed","actor_id":"2474659f-003e-4faa-8c53-9969c33f20b2","actor_username":"bob.brown@authorsinfo.com","actor_via_sso":false,"log_type":"token"}', '2025-08-19 17:03:43.936461+00', ''),
	('00000000-0000-0000-0000-000000000000', '2720305e-2ea4-4aa6-bfb3-75f4dc5e2b90', '{"action":"token_revoked","actor_id":"2474659f-003e-4faa-8c53-9969c33f20b2","actor_username":"bob.brown@authorsinfo.com","actor_via_sso":false,"log_type":"token"}', '2025-08-19 17:03:43.963302+00', ''),
	('00000000-0000-0000-0000-000000000000', 'cc762628-3f5d-47f2-9f4d-8e36772ded54', '{"action":"token_refreshed","actor_id":"2474659f-003e-4faa-8c53-9969c33f20b2","actor_username":"bob.brown@authorsinfo.com","actor_via_sso":false,"log_type":"token"}', '2025-08-19 20:08:14.846619+00', ''),
	('00000000-0000-0000-0000-000000000000', 'ab1a64ba-3fd1-45fd-a690-f6ee490a42be', '{"action":"token_revoked","actor_id":"2474659f-003e-4faa-8c53-9969c33f20b2","actor_username":"bob.brown@authorsinfo.com","actor_via_sso":false,"log_type":"token"}', '2025-08-19 20:08:14.876123+00', ''),
	('00000000-0000-0000-0000-000000000000', '00613863-2304-49e3-ac19-edf6a4a48951', '{"action":"token_refreshed","actor_id":"2474659f-003e-4faa-8c53-9969c33f20b2","actor_username":"bob.brown@authorsinfo.com","actor_via_sso":false,"log_type":"token"}', '2025-08-19 21:07:14.725085+00', ''),
	('00000000-0000-0000-0000-000000000000', 'e0d0d79d-63cc-4746-9d6c-446e11f19c52', '{"action":"token_revoked","actor_id":"2474659f-003e-4faa-8c53-9969c33f20b2","actor_username":"bob.brown@authorsinfo.com","actor_via_sso":false,"log_type":"token"}', '2025-08-19 21:07:14.747789+00', ''),
	('00000000-0000-0000-0000-000000000000', '4d4c3610-e070-4bdc-994c-c9756e5f4ba1', '{"action":"token_refreshed","actor_id":"2474659f-003e-4faa-8c53-9969c33f20b2","actor_username":"bob.brown@authorsinfo.com","actor_via_sso":false,"log_type":"token"}', '2025-08-19 22:06:04.604766+00', ''),
	('00000000-0000-0000-0000-000000000000', '582e3fc2-5227-47d7-9002-824d93826575', '{"action":"token_revoked","actor_id":"2474659f-003e-4faa-8c53-9969c33f20b2","actor_username":"bob.brown@authorsinfo.com","actor_via_sso":false,"log_type":"token"}', '2025-08-19 22:06:04.634768+00', ''),
	('00000000-0000-0000-0000-000000000000', 'b716a3e4-5058-43f2-81a5-bb28f9b8fce3', '{"action":"token_refreshed","actor_id":"2474659f-003e-4faa-8c53-9969c33f20b2","actor_username":"bob.brown@authorsinfo.com","actor_via_sso":false,"log_type":"token"}', '2025-08-20 01:26:05.203232+00', ''),
	('00000000-0000-0000-0000-000000000000', '6d6e2d3d-b8f4-4d23-940c-6b3775e911b6', '{"action":"token_revoked","actor_id":"2474659f-003e-4faa-8c53-9969c33f20b2","actor_username":"bob.brown@authorsinfo.com","actor_via_sso":false,"log_type":"token"}', '2025-08-20 01:26:05.233282+00', ''),
	('00000000-0000-0000-0000-000000000000', '4d4a1e5e-1fb2-4d25-b89f-840dfbbf566d', '{"action":"token_refreshed","actor_id":"2474659f-003e-4faa-8c53-9969c33f20b2","actor_username":"bob.brown@authorsinfo.com","actor_via_sso":false,"log_type":"token"}', '2025-08-20 01:26:06.522476+00', ''),
	('00000000-0000-0000-0000-000000000000', '54e6ca15-0e1b-4eee-886e-2afa62a8539e', '{"action":"token_refreshed","actor_id":"2474659f-003e-4faa-8c53-9969c33f20b2","actor_username":"bob.brown@authorsinfo.com","actor_via_sso":false,"log_type":"token"}', '2025-08-20 02:24:41.984778+00', ''),
	('00000000-0000-0000-0000-000000000000', '8e6e9097-9969-4b5c-bfb3-46ffa943cac1', '{"action":"token_revoked","actor_id":"2474659f-003e-4faa-8c53-9969c33f20b2","actor_username":"bob.brown@authorsinfo.com","actor_via_sso":false,"log_type":"token"}', '2025-08-20 02:24:42.009265+00', ''),
	('00000000-0000-0000-0000-000000000000', 'f9abe01f-61d4-447f-b220-1d6bb26dfe80', '{"action":"token_refreshed","actor_id":"2474659f-003e-4faa-8c53-9969c33f20b2","actor_username":"bob.brown@authorsinfo.com","actor_via_sso":false,"log_type":"token"}', '2025-08-20 02:24:42.661108+00', ''),
	('00000000-0000-0000-0000-000000000000', '4ef486b3-0942-4f03-bcbe-45a65188e8b1', '{"action":"token_refreshed","actor_id":"2474659f-003e-4faa-8c53-9969c33f20b2","actor_username":"bob.brown@authorsinfo.com","actor_via_sso":false,"log_type":"token"}', '2025-08-20 03:23:18.785293+00', ''),
	('00000000-0000-0000-0000-000000000000', '2cbc29ff-6d55-43c0-abec-89d5d951901b', '{"action":"token_revoked","actor_id":"2474659f-003e-4faa-8c53-9969c33f20b2","actor_username":"bob.brown@authorsinfo.com","actor_via_sso":false,"log_type":"token"}', '2025-08-20 03:23:18.81265+00', ''),
	('00000000-0000-0000-0000-000000000000', '1a85041a-a96c-4760-8214-b6604c81fb46', '{"action":"token_refreshed","actor_id":"2474659f-003e-4faa-8c53-9969c33f20b2","actor_username":"bob.brown@authorsinfo.com","actor_via_sso":false,"log_type":"token"}', '2025-08-20 03:23:19.532405+00', ''),
	('00000000-0000-0000-0000-000000000000', '74d3eaf7-6c04-49e6-aa79-4b2b351324cd', '{"action":"token_refreshed","actor_id":"2474659f-003e-4faa-8c53-9969c33f20b2","actor_username":"bob.brown@authorsinfo.com","actor_via_sso":false,"log_type":"token"}', '2025-08-20 04:22:14.850907+00', ''),
	('00000000-0000-0000-0000-000000000000', 'c9cddea2-fb85-4ece-8a9e-bbae81a6113b', '{"action":"token_revoked","actor_id":"2474659f-003e-4faa-8c53-9969c33f20b2","actor_username":"bob.brown@authorsinfo.com","actor_via_sso":false,"log_type":"token"}', '2025-08-20 04:22:14.869563+00', ''),
	('00000000-0000-0000-0000-000000000000', '7dfe285d-7d40-4024-8230-3b316ceffa91', '{"action":"token_refreshed","actor_id":"2474659f-003e-4faa-8c53-9969c33f20b2","actor_username":"bob.brown@authorsinfo.com","actor_via_sso":false,"log_type":"token"}', '2025-08-20 05:21:18.552368+00', ''),
	('00000000-0000-0000-0000-000000000000', '54a7415e-84aa-4f7e-a2b7-506c65ffa3b0', '{"action":"token_revoked","actor_id":"2474659f-003e-4faa-8c53-9969c33f20b2","actor_username":"bob.brown@authorsinfo.com","actor_via_sso":false,"log_type":"token"}', '2025-08-20 05:21:18.568192+00', ''),
	('00000000-0000-0000-0000-000000000000', '7cb51690-ae2a-42d9-92ab-cea1f29f4ac3', '{"action":"token_refreshed","actor_id":"2474659f-003e-4faa-8c53-9969c33f20b2","actor_username":"bob.brown@authorsinfo.com","actor_via_sso":false,"log_type":"token"}', '2025-08-20 05:21:18.608446+00', ''),
	('00000000-0000-0000-0000-000000000000', '539d7902-f973-4912-8487-a01d7cee82ff', '{"action":"token_refreshed","actor_id":"2474659f-003e-4faa-8c53-9969c33f20b2","actor_username":"bob.brown@authorsinfo.com","actor_via_sso":false,"log_type":"token"}', '2025-08-20 05:21:20.642828+00', ''),
	('00000000-0000-0000-0000-000000000000', 'b8c4129f-abe9-465f-a205-57cd6c17fcbe', '{"action":"token_refreshed","actor_id":"2474659f-003e-4faa-8c53-9969c33f20b2","actor_username":"bob.brown@authorsinfo.com","actor_via_sso":false,"log_type":"token"}', '2025-08-20 15:07:22.068984+00', ''),
	('00000000-0000-0000-0000-000000000000', 'd2a2c423-3ed4-402f-8f6e-51bf73875772', '{"action":"token_revoked","actor_id":"2474659f-003e-4faa-8c53-9969c33f20b2","actor_username":"bob.brown@authorsinfo.com","actor_via_sso":false,"log_type":"token"}', '2025-08-20 15:07:22.102342+00', ''),
	('00000000-0000-0000-0000-000000000000', '32263f89-b7cc-4b7a-9ffe-6586df55b4d9', '{"action":"token_refreshed","actor_id":"2474659f-003e-4faa-8c53-9969c33f20b2","actor_username":"bob.brown@authorsinfo.com","actor_via_sso":false,"log_type":"token"}', '2025-08-20 15:07:22.19685+00', ''),
	('00000000-0000-0000-0000-000000000000', '29b4a37b-fa9f-4a89-b9b2-c603ee8d3e2f', '{"action":"token_refreshed","actor_id":"2474659f-003e-4faa-8c53-9969c33f20b2","actor_username":"bob.brown@authorsinfo.com","actor_via_sso":false,"log_type":"token"}', '2025-08-20 15:07:22.225101+00', ''),
	('00000000-0000-0000-0000-000000000000', '3166a908-c3e5-4075-803e-b2b288e02a79', '{"action":"token_refreshed","actor_id":"2474659f-003e-4faa-8c53-9969c33f20b2","actor_username":"bob.brown@authorsinfo.com","actor_via_sso":false,"log_type":"token"}', '2025-08-20 15:07:22.244506+00', ''),
	('00000000-0000-0000-0000-000000000000', '2806d720-44da-41fa-9a3a-7d2ec5f62596', '{"action":"token_refreshed","actor_id":"2474659f-003e-4faa-8c53-9969c33f20b2","actor_username":"bob.brown@authorsinfo.com","actor_via_sso":false,"log_type":"token"}', '2025-08-20 15:07:22.257711+00', ''),
	('00000000-0000-0000-0000-000000000000', 'f27c0567-425a-48e0-8005-31af3156bfcc', '{"action":"token_refreshed","actor_id":"2474659f-003e-4faa-8c53-9969c33f20b2","actor_username":"bob.brown@authorsinfo.com","actor_via_sso":false,"log_type":"token"}', '2025-08-20 15:07:22.281947+00', ''),
	('00000000-0000-0000-0000-000000000000', '2b50d08c-0220-44ce-9455-b1e8f941864e', '{"action":"token_refreshed","actor_id":"2474659f-003e-4faa-8c53-9969c33f20b2","actor_username":"bob.brown@authorsinfo.com","actor_via_sso":false,"log_type":"token"}', '2025-08-20 15:07:24.667261+00', ''),
	('00000000-0000-0000-0000-000000000000', '01f0ef73-846f-4b8b-a065-7b1543073b4d', '{"action":"token_refreshed","actor_id":"2474659f-003e-4faa-8c53-9969c33f20b2","actor_username":"bob.brown@authorsinfo.com","actor_via_sso":false,"log_type":"token"}', '2025-08-20 15:07:24.681306+00', ''),
	('00000000-0000-0000-0000-000000000000', '7c382770-b993-47cf-9f46-da676deac3a9', '{"action":"token_refreshed","actor_id":"2474659f-003e-4faa-8c53-9969c33f20b2","actor_username":"bob.brown@authorsinfo.com","actor_via_sso":false,"log_type":"token"}', '2025-08-20 15:07:24.693636+00', ''),
	('00000000-0000-0000-0000-000000000000', 'a49fda36-52df-40cb-9baf-d157f0001699', '{"action":"token_refreshed","actor_id":"2474659f-003e-4faa-8c53-9969c33f20b2","actor_username":"bob.brown@authorsinfo.com","actor_via_sso":false,"log_type":"token"}', '2025-08-20 15:07:24.717398+00', ''),
	('00000000-0000-0000-0000-000000000000', 'c79fcb85-c5b5-40f1-998a-9645e7df342b', '{"action":"token_refreshed","actor_id":"2474659f-003e-4faa-8c53-9969c33f20b2","actor_username":"bob.brown@authorsinfo.com","actor_via_sso":false,"log_type":"token"}', '2025-08-20 15:07:24.752615+00', ''),
	('00000000-0000-0000-0000-000000000000', 'ac9f6239-91ae-4a1b-baf5-94c44dd72b25', '{"action":"token_refreshed","actor_id":"2474659f-003e-4faa-8c53-9969c33f20b2","actor_username":"bob.brown@authorsinfo.com","actor_via_sso":false,"log_type":"token"}', '2025-08-20 15:07:25.041903+00', ''),
	('00000000-0000-0000-0000-000000000000', '2f327218-3aac-49af-9b7e-922b3b57a02c', '{"action":"token_refreshed","actor_id":"2474659f-003e-4faa-8c53-9969c33f20b2","actor_username":"bob.brown@authorsinfo.com","actor_via_sso":false,"log_type":"token"}', '2025-08-20 15:07:25.093127+00', ''),
	('00000000-0000-0000-0000-000000000000', '88675acb-51e0-486a-89c5-41ff90643368', '{"action":"token_refreshed","actor_id":"2474659f-003e-4faa-8c53-9969c33f20b2","actor_username":"bob.brown@authorsinfo.com","actor_via_sso":false,"log_type":"token"}', '2025-08-20 15:07:25.844486+00', ''),
	('00000000-0000-0000-0000-000000000000', 'eb7a77a7-bc70-4752-91d1-76ffff852749', '{"action":"token_refreshed","actor_id":"2474659f-003e-4faa-8c53-9969c33f20b2","actor_username":"bob.brown@authorsinfo.com","actor_via_sso":false,"log_type":"token"}', '2025-08-20 15:07:25.896574+00', ''),
	('00000000-0000-0000-0000-000000000000', '596a80ff-91ef-431c-afc9-1bc8a9206031', '{"action":"token_refreshed","actor_id":"2474659f-003e-4faa-8c53-9969c33f20b2","actor_username":"bob.brown@authorsinfo.com","actor_via_sso":false,"log_type":"token"}', '2025-08-20 15:07:26.044142+00', ''),
	('00000000-0000-0000-0000-000000000000', '00cdd61b-613d-45d1-b0bc-8a074aa83068', '{"action":"token_refreshed","actor_id":"2474659f-003e-4faa-8c53-9969c33f20b2","actor_username":"bob.brown@authorsinfo.com","actor_via_sso":false,"log_type":"token"}', '2025-08-20 15:07:26.069022+00', ''),
	('00000000-0000-0000-0000-000000000000', '11474ad4-0efb-4b59-8e46-6bd1bf6d524e', '{"action":"token_refreshed","actor_id":"2474659f-003e-4faa-8c53-9969c33f20b2","actor_username":"bob.brown@authorsinfo.com","actor_via_sso":false,"log_type":"token"}', '2025-08-20 15:07:26.078898+00', ''),
	('00000000-0000-0000-0000-000000000000', 'ee2240be-6e7b-4e12-9b83-96aaa03b26ea', '{"action":"token_refreshed","actor_id":"2474659f-003e-4faa-8c53-9969c33f20b2","actor_username":"bob.brown@authorsinfo.com","actor_via_sso":false,"log_type":"token"}', '2025-08-20 15:07:26.258696+00', ''),
	('00000000-0000-0000-0000-000000000000', 'a750db01-c902-40fa-bef3-f8e3090a885c', '{"action":"token_refreshed","actor_id":"2474659f-003e-4faa-8c53-9969c33f20b2","actor_username":"bob.brown@authorsinfo.com","actor_via_sso":false,"log_type":"token"}', '2025-08-20 15:07:26.282122+00', ''),
	('00000000-0000-0000-0000-000000000000', 'c7ab1fb6-99f0-49b4-9cb6-5071779964ee', '{"action":"token_refreshed","actor_id":"2474659f-003e-4faa-8c53-9969c33f20b2","actor_username":"bob.brown@authorsinfo.com","actor_via_sso":false,"log_type":"token"}', '2025-08-20 15:07:26.942273+00', ''),
	('00000000-0000-0000-0000-000000000000', '2a05522d-012e-4373-98c5-6230680ec00a', '{"action":"token_refreshed","actor_id":"2474659f-003e-4faa-8c53-9969c33f20b2","actor_username":"bob.brown@authorsinfo.com","actor_via_sso":false,"log_type":"token"}', '2025-08-20 15:07:27.07451+00', ''),
	('00000000-0000-0000-0000-000000000000', '8221563b-798e-4e88-a536-843470be9ad5', '{"action":"token_refreshed","actor_id":"2474659f-003e-4faa-8c53-9969c33f20b2","actor_username":"bob.brown@authorsinfo.com","actor_via_sso":false,"log_type":"token"}', '2025-08-20 15:07:27.086163+00', ''),
	('00000000-0000-0000-0000-000000000000', 'c5f7c9e1-cb44-43bf-8858-79bdbf334961', '{"action":"token_refreshed","actor_id":"2474659f-003e-4faa-8c53-9969c33f20b2","actor_username":"bob.brown@authorsinfo.com","actor_via_sso":false,"log_type":"token"}', '2025-08-20 15:07:27.099292+00', ''),
	('00000000-0000-0000-0000-000000000000', 'b95efbb5-339f-4bcf-9471-7e2fa33084f6', '{"action":"token_refreshed","actor_id":"2474659f-003e-4faa-8c53-9969c33f20b2","actor_username":"bob.brown@authorsinfo.com","actor_via_sso":false,"log_type":"token"}', '2025-08-20 15:07:27.132945+00', ''),
	('00000000-0000-0000-0000-000000000000', 'c15f2a0c-4f21-47e4-b888-ad6ce00b44c0', '{"action":"token_refreshed","actor_id":"2474659f-003e-4faa-8c53-9969c33f20b2","actor_username":"bob.brown@authorsinfo.com","actor_via_sso":false,"log_type":"token"}', '2025-08-20 15:07:27.173479+00', ''),
	('00000000-0000-0000-0000-000000000000', 'f6d8d537-b74a-4a2b-a7e6-1f950a272242', '{"action":"token_refreshed","actor_id":"2474659f-003e-4faa-8c53-9969c33f20b2","actor_username":"bob.brown@authorsinfo.com","actor_via_sso":false,"log_type":"token"}', '2025-08-20 15:07:27.296474+00', ''),
	('00000000-0000-0000-0000-000000000000', '107fa738-be3c-40e4-93c9-925b18306f6f', '{"action":"token_refreshed","actor_id":"2474659f-003e-4faa-8c53-9969c33f20b2","actor_username":"bob.brown@authorsinfo.com","actor_via_sso":false,"log_type":"token"}', '2025-08-20 15:07:27.311835+00', ''),
	('00000000-0000-0000-0000-000000000000', '81fc9836-b9b2-401d-910b-ab84c76bdd49', '{"action":"token_refreshed","actor_id":"2474659f-003e-4faa-8c53-9969c33f20b2","actor_username":"bob.brown@authorsinfo.com","actor_via_sso":false,"log_type":"token"}', '2025-08-20 15:07:27.320208+00', ''),
	('00000000-0000-0000-0000-000000000000', 'e679652c-ee47-40c9-8513-d14758c7ed2a', '{"action":"token_refreshed","actor_id":"2474659f-003e-4faa-8c53-9969c33f20b2","actor_username":"bob.brown@authorsinfo.com","actor_via_sso":false,"log_type":"token"}', '2025-08-20 15:07:27.329444+00', ''),
	('00000000-0000-0000-0000-000000000000', 'adfb1da5-a6e1-420b-aad5-fb5aed5d5069', '{"action":"token_refreshed","actor_id":"2474659f-003e-4faa-8c53-9969c33f20b2","actor_username":"bob.brown@authorsinfo.com","actor_via_sso":false,"log_type":"token"}', '2025-08-20 15:07:27.34583+00', ''),
	('00000000-0000-0000-0000-000000000000', '6b6a2198-2459-4229-8dd1-20d9d7f65fbf', '{"action":"token_refreshed","actor_id":"2474659f-003e-4faa-8c53-9969c33f20b2","actor_username":"bob.brown@authorsinfo.com","actor_via_sso":false,"log_type":"token"}', '2025-08-20 15:07:27.353121+00', ''),
	('00000000-0000-0000-0000-000000000000', '172ece56-7500-4a26-b2de-f481daa0192e', '{"action":"token_refreshed","actor_id":"2474659f-003e-4faa-8c53-9969c33f20b2","actor_username":"bob.brown@authorsinfo.com","actor_via_sso":false,"log_type":"token"}', '2025-08-20 15:07:27.731371+00', ''),
	('00000000-0000-0000-0000-000000000000', 'f71a9103-0a14-4ae0-b7a2-580f70c45871', '{"action":"token_refreshed","actor_id":"2474659f-003e-4faa-8c53-9969c33f20b2","actor_username":"bob.brown@authorsinfo.com","actor_via_sso":false,"log_type":"token"}', '2025-08-20 15:07:33.683819+00', ''),
	('00000000-0000-0000-0000-000000000000', '9a31cb8c-6e5f-45fd-933b-5c6eb1390f89', '{"action":"token_refreshed","actor_id":"2474659f-003e-4faa-8c53-9969c33f20b2","actor_username":"bob.brown@authorsinfo.com","actor_via_sso":false,"log_type":"token"}', '2025-08-20 15:07:33.721555+00', ''),
	('00000000-0000-0000-0000-000000000000', 'c28ccb2e-e00f-45db-a430-1cad0bf1db3b', '{"action":"token_refreshed","actor_id":"2474659f-003e-4faa-8c53-9969c33f20b2","actor_username":"bob.brown@authorsinfo.com","actor_via_sso":false,"log_type":"token"}', '2025-08-20 15:07:37.523252+00', ''),
	('00000000-0000-0000-0000-000000000000', 'a812fceb-58ce-4adc-a443-cfcf6d6ead52', '{"action":"token_refreshed","actor_id":"2474659f-003e-4faa-8c53-9969c33f20b2","actor_username":"bob.brown@authorsinfo.com","actor_via_sso":false,"log_type":"token"}', '2025-08-20 16:05:42.299834+00', ''),
	('00000000-0000-0000-0000-000000000000', '0c418f1b-c52f-4c0c-bb65-bb7a284c602f', '{"action":"token_revoked","actor_id":"2474659f-003e-4faa-8c53-9969c33f20b2","actor_username":"bob.brown@authorsinfo.com","actor_via_sso":false,"log_type":"token"}', '2025-08-20 16:05:42.310721+00', ''),
	('00000000-0000-0000-0000-000000000000', 'a4de78f8-07df-4c18-a9bd-913af70a27d1', '{"action":"token_refreshed","actor_id":"2474659f-003e-4faa-8c53-9969c33f20b2","actor_username":"bob.brown@authorsinfo.com","actor_via_sso":false,"log_type":"token"}', '2025-08-20 17:04:18.669396+00', ''),
	('00000000-0000-0000-0000-000000000000', 'c41c9844-9f5f-4a63-9633-052f2b728d5d', '{"action":"token_revoked","actor_id":"2474659f-003e-4faa-8c53-9969c33f20b2","actor_username":"bob.brown@authorsinfo.com","actor_via_sso":false,"log_type":"token"}', '2025-08-20 17:04:18.686762+00', ''),
	('00000000-0000-0000-0000-000000000000', '92b0c33a-4c5c-428f-91bb-255ca1a335a7', '{"action":"token_refreshed","actor_id":"2474659f-003e-4faa-8c53-9969c33f20b2","actor_username":"bob.brown@authorsinfo.com","actor_via_sso":false,"log_type":"token"}', '2025-08-20 18:03:18.7379+00', ''),
	('00000000-0000-0000-0000-000000000000', '4c5c8638-1e24-4b51-9871-e4528f560122', '{"action":"token_revoked","actor_id":"2474659f-003e-4faa-8c53-9969c33f20b2","actor_username":"bob.brown@authorsinfo.com","actor_via_sso":false,"log_type":"token"}', '2025-08-20 18:03:18.755046+00', ''),
	('00000000-0000-0000-0000-000000000000', '096784f8-7f57-453a-862e-13d752e6317a', '{"action":"token_refreshed","actor_id":"2474659f-003e-4faa-8c53-9969c33f20b2","actor_username":"bob.brown@authorsinfo.com","actor_via_sso":false,"log_type":"token"}', '2025-08-20 18:03:19.118393+00', ''),
	('00000000-0000-0000-0000-000000000000', '16fc5429-af28-4e9c-98f5-e44e22d70e21', '{"action":"token_refreshed","actor_id":"2474659f-003e-4faa-8c53-9969c33f20b2","actor_username":"bob.brown@authorsinfo.com","actor_via_sso":false,"log_type":"token"}', '2025-08-20 19:02:18.892893+00', ''),
	('00000000-0000-0000-0000-000000000000', '0f992eb9-8baa-4781-bbb7-3c6f022a897e', '{"action":"token_revoked","actor_id":"2474659f-003e-4faa-8c53-9969c33f20b2","actor_username":"bob.brown@authorsinfo.com","actor_via_sso":false,"log_type":"token"}', '2025-08-20 19:02:18.914007+00', ''),
	('00000000-0000-0000-0000-000000000000', 'bdfdd2d2-da05-4279-ac0d-423201a322e3', '{"action":"token_refreshed","actor_id":"2474659f-003e-4faa-8c53-9969c33f20b2","actor_username":"bob.brown@authorsinfo.com","actor_via_sso":false,"log_type":"token"}', '2025-08-20 19:02:19.26837+00', ''),
	('00000000-0000-0000-0000-000000000000', '1d92b243-7969-413c-9a94-17c064f8fb75', '{"action":"token_refreshed","actor_id":"2474659f-003e-4faa-8c53-9969c33f20b2","actor_username":"bob.brown@authorsinfo.com","actor_via_sso":false,"log_type":"token"}', '2025-08-20 20:01:18.692749+00', ''),
	('00000000-0000-0000-0000-000000000000', '317b2aab-c7d7-490f-811d-530cb97e2be8', '{"action":"token_revoked","actor_id":"2474659f-003e-4faa-8c53-9969c33f20b2","actor_username":"bob.brown@authorsinfo.com","actor_via_sso":false,"log_type":"token"}', '2025-08-20 20:01:18.716137+00', ''),
	('00000000-0000-0000-0000-000000000000', '0d1a260e-2667-47eb-b418-206a891b86ac', '{"action":"token_refreshed","actor_id":"2474659f-003e-4faa-8c53-9969c33f20b2","actor_username":"bob.brown@authorsinfo.com","actor_via_sso":false,"log_type":"token"}', '2025-08-20 20:01:19.272689+00', ''),
	('00000000-0000-0000-0000-000000000000', '4b6e74b0-23b3-448f-839a-68b3daecf586', '{"action":"token_refreshed","actor_id":"2474659f-003e-4faa-8c53-9969c33f20b2","actor_username":"bob.brown@authorsinfo.com","actor_via_sso":false,"log_type":"token"}', '2025-08-20 21:06:05.987136+00', ''),
	('00000000-0000-0000-0000-000000000000', 'a4da8172-a5f4-4849-802c-53c847b0ec58', '{"action":"token_revoked","actor_id":"2474659f-003e-4faa-8c53-9969c33f20b2","actor_username":"bob.brown@authorsinfo.com","actor_via_sso":false,"log_type":"token"}', '2025-08-20 21:06:06.002754+00', ''),
	('00000000-0000-0000-0000-000000000000', 'f97d10ab-1cc2-4e4d-9ef4-0c7e594caec0', '{"action":"token_refreshed","actor_id":"2474659f-003e-4faa-8c53-9969c33f20b2","actor_username":"bob.brown@authorsinfo.com","actor_via_sso":false,"log_type":"token"}', '2025-08-20 21:06:07.656824+00', ''),
	('00000000-0000-0000-0000-000000000000', 'c53cae1f-7439-4f0f-8e45-033030fccc34', '{"action":"token_refreshed","actor_id":"2474659f-003e-4faa-8c53-9969c33f20b2","actor_username":"bob.brown@authorsinfo.com","actor_via_sso":false,"log_type":"token"}', '2025-08-20 21:06:09.576031+00', ''),
	('00000000-0000-0000-0000-000000000000', 'dbef9ab7-00d8-47ab-85d7-fa601335505f', '{"action":"token_refreshed","actor_id":"2474659f-003e-4faa-8c53-9969c33f20b2","actor_username":"bob.brown@authorsinfo.com","actor_via_sso":false,"log_type":"token"}', '2025-08-20 22:04:43.047328+00', ''),
	('00000000-0000-0000-0000-000000000000', '12bdbd74-f518-4d39-89e1-70f98cba4348', '{"action":"token_revoked","actor_id":"2474659f-003e-4faa-8c53-9969c33f20b2","actor_username":"bob.brown@authorsinfo.com","actor_via_sso":false,"log_type":"token"}', '2025-08-20 22:04:43.082195+00', ''),
	('00000000-0000-0000-0000-000000000000', '055794da-ffb8-4234-89de-5b7df1cf23e3', '{"action":"token_refreshed","actor_id":"2474659f-003e-4faa-8c53-9969c33f20b2","actor_username":"bob.brown@authorsinfo.com","actor_via_sso":false,"log_type":"token"}', '2025-08-20 23:04:03.158337+00', ''),
	('00000000-0000-0000-0000-000000000000', '26da01b2-4b74-4e69-8ead-c38a2ddcb1a6', '{"action":"token_revoked","actor_id":"2474659f-003e-4faa-8c53-9969c33f20b2","actor_username":"bob.brown@authorsinfo.com","actor_via_sso":false,"log_type":"token"}', '2025-08-20 23:04:03.193549+00', ''),
	('00000000-0000-0000-0000-000000000000', '48f50537-bb01-4234-b60f-190f333788f8', '{"action":"token_refreshed","actor_id":"2474659f-003e-4faa-8c53-9969c33f20b2","actor_username":"bob.brown@authorsinfo.com","actor_via_sso":false,"log_type":"token"}', '2025-08-21 00:02:30.03757+00', ''),
	('00000000-0000-0000-0000-000000000000', '505914af-27c3-42ed-98ca-6fce5bae0143', '{"action":"token_revoked","actor_id":"2474659f-003e-4faa-8c53-9969c33f20b2","actor_username":"bob.brown@authorsinfo.com","actor_via_sso":false,"log_type":"token"}', '2025-08-21 00:02:30.052428+00', ''),
	('00000000-0000-0000-0000-000000000000', '2516153b-f5ae-403b-b0d6-a63318088e5a', '{"action":"token_refreshed","actor_id":"2474659f-003e-4faa-8c53-9969c33f20b2","actor_username":"bob.brown@authorsinfo.com","actor_via_sso":false,"log_type":"token"}', '2025-08-21 01:01:03.092112+00', ''),
	('00000000-0000-0000-0000-000000000000', 'ca1810c6-5d91-41d8-9c8f-cb103f697592', '{"action":"token_revoked","actor_id":"2474659f-003e-4faa-8c53-9969c33f20b2","actor_username":"bob.brown@authorsinfo.com","actor_via_sso":false,"log_type":"token"}', '2025-08-21 01:01:03.126042+00', ''),
	('00000000-0000-0000-0000-000000000000', '571c5613-3040-40a2-b90d-518f39c72e8f', '{"action":"token_refreshed","actor_id":"2474659f-003e-4faa-8c53-9969c33f20b2","actor_username":"bob.brown@authorsinfo.com","actor_via_sso":false,"log_type":"token"}', '2025-08-21 01:59:06.001271+00', ''),
	('00000000-0000-0000-0000-000000000000', 'c8ef4b17-068f-4c82-9c5b-7bd2b1e40286', '{"action":"token_revoked","actor_id":"2474659f-003e-4faa-8c53-9969c33f20b2","actor_username":"bob.brown@authorsinfo.com","actor_via_sso":false,"log_type":"token"}', '2025-08-21 01:59:06.023757+00', ''),
	('00000000-0000-0000-0000-000000000000', 'bfc4e968-99cd-4865-8f58-892f00b04c57', '{"action":"token_refreshed","actor_id":"2474659f-003e-4faa-8c53-9969c33f20b2","actor_username":"bob.brown@authorsinfo.com","actor_via_sso":false,"log_type":"token"}', '2025-08-21 02:57:26.111961+00', ''),
	('00000000-0000-0000-0000-000000000000', 'd02a28d2-551b-4c6e-9d8a-a72dc9aae7cf', '{"action":"token_revoked","actor_id":"2474659f-003e-4faa-8c53-9969c33f20b2","actor_username":"bob.brown@authorsinfo.com","actor_via_sso":false,"log_type":"token"}', '2025-08-21 02:57:26.134927+00', ''),
	('00000000-0000-0000-0000-000000000000', '34d3ee29-7960-451a-81c7-788e433012ab', '{"action":"token_refreshed","actor_id":"2474659f-003e-4faa-8c53-9969c33f20b2","actor_username":"bob.brown@authorsinfo.com","actor_via_sso":false,"log_type":"token"}', '2025-08-21 03:55:26.321912+00', ''),
	('00000000-0000-0000-0000-000000000000', '06433946-ef48-4383-b7e7-b67195d52427', '{"action":"token_revoked","actor_id":"2474659f-003e-4faa-8c53-9969c33f20b2","actor_username":"bob.brown@authorsinfo.com","actor_via_sso":false,"log_type":"token"}', '2025-08-21 03:55:26.33876+00', ''),
	('00000000-0000-0000-0000-000000000000', '666ffc2c-180f-48b3-b6b9-21a54475e6da', '{"action":"token_refreshed","actor_id":"2474659f-003e-4faa-8c53-9969c33f20b2","actor_username":"bob.brown@authorsinfo.com","actor_via_sso":false,"log_type":"token"}', '2025-08-21 04:53:49.822045+00', ''),
	('00000000-0000-0000-0000-000000000000', 'd11b49a6-ea4d-42b4-a588-a7ccceda0368', '{"action":"token_revoked","actor_id":"2474659f-003e-4faa-8c53-9969c33f20b2","actor_username":"bob.brown@authorsinfo.com","actor_via_sso":false,"log_type":"token"}', '2025-08-21 04:53:49.846537+00', ''),
	('00000000-0000-0000-0000-000000000000', '2517aec5-40fe-4004-a66e-efa524165af7', '{"action":"token_refreshed","actor_id":"2474659f-003e-4faa-8c53-9969c33f20b2","actor_username":"bob.brown@authorsinfo.com","actor_via_sso":false,"log_type":"token"}', '2025-08-21 05:53:07.220868+00', ''),
	('00000000-0000-0000-0000-000000000000', '404e61c4-714e-44be-8281-dd56d13f2adf', '{"action":"token_revoked","actor_id":"2474659f-003e-4faa-8c53-9969c33f20b2","actor_username":"bob.brown@authorsinfo.com","actor_via_sso":false,"log_type":"token"}', '2025-08-21 05:53:07.251265+00', ''),
	('00000000-0000-0000-0000-000000000000', '6ccdfd48-29f7-40e7-a775-06f924e4f9e3', '{"action":"token_refreshed","actor_id":"2474659f-003e-4faa-8c53-9969c33f20b2","actor_username":"bob.brown@authorsinfo.com","actor_via_sso":false,"log_type":"token"}', '2025-08-21 05:53:07.343165+00', ''),
	('00000000-0000-0000-0000-000000000000', 'db8b8c3a-da81-4c4c-9682-66a953bb8817', '{"action":"token_refreshed","actor_id":"2474659f-003e-4faa-8c53-9969c33f20b2","actor_username":"bob.brown@authorsinfo.com","actor_via_sso":false,"log_type":"token"}', '2025-08-21 05:53:12.580741+00', ''),
	('00000000-0000-0000-0000-000000000000', '54ce7ef4-40c6-4505-9fac-00d133f70f6a', '{"action":"token_refreshed","actor_id":"2474659f-003e-4faa-8c53-9969c33f20b2","actor_username":"bob.brown@authorsinfo.com","actor_via_sso":false,"log_type":"token"}', '2025-08-21 05:53:14.036648+00', ''),
	('00000000-0000-0000-0000-000000000000', '2601577c-73b2-410a-895d-3bc23874133b', '{"action":"token_refreshed","actor_id":"2474659f-003e-4faa-8c53-9969c33f20b2","actor_username":"bob.brown@authorsinfo.com","actor_via_sso":false,"log_type":"token"}', '2025-08-21 06:52:07.12526+00', ''),
	('00000000-0000-0000-0000-000000000000', '969b75ab-1f60-4df2-8f82-38e3c357c804', '{"action":"token_revoked","actor_id":"2474659f-003e-4faa-8c53-9969c33f20b2","actor_username":"bob.brown@authorsinfo.com","actor_via_sso":false,"log_type":"token"}', '2025-08-21 06:52:07.154276+00', ''),
	('00000000-0000-0000-0000-000000000000', '95da3731-ed4e-44ee-9b78-b384b77503e4', '{"action":"token_refreshed","actor_id":"2474659f-003e-4faa-8c53-9969c33f20b2","actor_username":"bob.brown@authorsinfo.com","actor_via_sso":false,"log_type":"token"}', '2025-08-21 06:52:07.24267+00', ''),
	('00000000-0000-0000-0000-000000000000', '8322113a-2284-4107-b5fe-0dfa1c653911', '{"action":"token_refreshed","actor_id":"2474659f-003e-4faa-8c53-9969c33f20b2","actor_username":"bob.brown@authorsinfo.com","actor_via_sso":false,"log_type":"token"}', '2025-08-21 06:52:08.037415+00', ''),
	('00000000-0000-0000-0000-000000000000', '1eaf584d-5d5f-4039-9a83-defa5dc64029', '{"action":"token_refreshed","actor_id":"2474659f-003e-4faa-8c53-9969c33f20b2","actor_username":"bob.brown@authorsinfo.com","actor_via_sso":false,"log_type":"token"}', '2025-08-21 06:52:08.740927+00', ''),
	('00000000-0000-0000-0000-000000000000', 'e90fc08f-476d-464e-99e3-fbe00dd0700d', '{"action":"token_refreshed","actor_id":"2474659f-003e-4faa-8c53-9969c33f20b2","actor_username":"bob.brown@authorsinfo.com","actor_via_sso":false,"log_type":"token"}', '2025-08-21 07:51:07.325183+00', ''),
	('00000000-0000-0000-0000-000000000000', '904ec57b-2069-4e2c-9291-abb3aceb981b', '{"action":"token_revoked","actor_id":"2474659f-003e-4faa-8c53-9969c33f20b2","actor_username":"bob.brown@authorsinfo.com","actor_via_sso":false,"log_type":"token"}', '2025-08-21 07:51:07.34445+00', ''),
	('00000000-0000-0000-0000-000000000000', '71228655-107c-4474-b680-62ebf3dda9e9', '{"action":"token_refreshed","actor_id":"2474659f-003e-4faa-8c53-9969c33f20b2","actor_username":"bob.brown@authorsinfo.com","actor_via_sso":false,"log_type":"token"}', '2025-08-21 07:51:07.471036+00', ''),
	('00000000-0000-0000-0000-000000000000', '8849363e-3478-4025-8f12-eb13573af6ac', '{"action":"token_refreshed","actor_id":"2474659f-003e-4faa-8c53-9969c33f20b2","actor_username":"bob.brown@authorsinfo.com","actor_via_sso":false,"log_type":"token"}', '2025-08-21 07:51:08.371267+00', ''),
	('00000000-0000-0000-0000-000000000000', 'e689ac27-a8fb-48bb-afb5-5265909233a7', '{"action":"token_refreshed","actor_id":"2474659f-003e-4faa-8c53-9969c33f20b2","actor_username":"bob.brown@authorsinfo.com","actor_via_sso":false,"log_type":"token"}', '2025-08-21 07:51:08.688956+00', ''),
	('00000000-0000-0000-0000-000000000000', 'bdee419e-3382-4b00-9265-432d8723c9ad', '{"action":"token_refreshed","actor_id":"2474659f-003e-4faa-8c53-9969c33f20b2","actor_username":"bob.brown@authorsinfo.com","actor_via_sso":false,"log_type":"token"}', '2025-08-21 08:49:43.151968+00', ''),
	('00000000-0000-0000-0000-000000000000', 'a60f58c0-588a-4958-bf4d-a5a8a341b5dc', '{"action":"token_revoked","actor_id":"2474659f-003e-4faa-8c53-9969c33f20b2","actor_username":"bob.brown@authorsinfo.com","actor_via_sso":false,"log_type":"token"}', '2025-08-21 08:49:43.179922+00', ''),
	('00000000-0000-0000-0000-000000000000', 'c4fab0fb-4ea3-40bf-a37e-07d3e7095c5a', '{"action":"token_refreshed","actor_id":"2474659f-003e-4faa-8c53-9969c33f20b2","actor_username":"bob.brown@authorsinfo.com","actor_via_sso":false,"log_type":"token"}', '2025-08-21 09:48:18.107539+00', ''),
	('00000000-0000-0000-0000-000000000000', '8667cbfe-b974-44ca-b26a-51625410760f', '{"action":"token_revoked","actor_id":"2474659f-003e-4faa-8c53-9969c33f20b2","actor_username":"bob.brown@authorsinfo.com","actor_via_sso":false,"log_type":"token"}', '2025-08-21 09:48:18.128812+00', ''),
	('00000000-0000-0000-0000-000000000000', '3c17d48d-052b-4edd-acaa-ae7d1ab8c0ef', '{"action":"token_refreshed","actor_id":"2474659f-003e-4faa-8c53-9969c33f20b2","actor_username":"bob.brown@authorsinfo.com","actor_via_sso":false,"log_type":"token"}', '2025-08-21 10:47:07.140324+00', ''),
	('00000000-0000-0000-0000-000000000000', 'fb004945-073c-44a6-9368-684c71c03867', '{"action":"token_revoked","actor_id":"2474659f-003e-4faa-8c53-9969c33f20b2","actor_username":"bob.brown@authorsinfo.com","actor_via_sso":false,"log_type":"token"}', '2025-08-21 10:47:07.1713+00', ''),
	('00000000-0000-0000-0000-000000000000', '93a05eb6-1092-4593-9c27-6cae9c1b920d', '{"action":"token_refreshed","actor_id":"2474659f-003e-4faa-8c53-9969c33f20b2","actor_username":"bob.brown@authorsinfo.com","actor_via_sso":false,"log_type":"token"}', '2025-08-21 10:47:07.297913+00', ''),
	('00000000-0000-0000-0000-000000000000', '0d66dcad-8ace-4099-99ab-a2292c4da405', '{"action":"token_refreshed","actor_id":"2474659f-003e-4faa-8c53-9969c33f20b2","actor_username":"bob.brown@authorsinfo.com","actor_via_sso":false,"log_type":"token"}', '2025-08-21 10:47:08.160155+00', ''),
	('00000000-0000-0000-0000-000000000000', 'e5855ca8-c355-4a93-8e9e-8050d483285e', '{"action":"token_refreshed","actor_id":"2474659f-003e-4faa-8c53-9969c33f20b2","actor_username":"bob.brown@authorsinfo.com","actor_via_sso":false,"log_type":"token"}', '2025-08-21 10:47:08.419578+00', ''),
	('00000000-0000-0000-0000-000000000000', '8449a803-3a37-440c-90b3-7e396b4ebfc2', '{"action":"token_refreshed","actor_id":"2474659f-003e-4faa-8c53-9969c33f20b2","actor_username":"bob.brown@authorsinfo.com","actor_via_sso":false,"log_type":"token"}', '2025-08-21 11:46:03.1448+00', ''),
	('00000000-0000-0000-0000-000000000000', 'bd3dc615-783f-4327-9eb1-2e0e9d492709', '{"action":"token_revoked","actor_id":"2474659f-003e-4faa-8c53-9969c33f20b2","actor_username":"bob.brown@authorsinfo.com","actor_via_sso":false,"log_type":"token"}', '2025-08-21 11:46:03.169709+00', ''),
	('00000000-0000-0000-0000-000000000000', '6fba26a8-d7c8-4a1d-851c-ee376504d8e6', '{"action":"token_refreshed","actor_id":"2474659f-003e-4faa-8c53-9969c33f20b2","actor_username":"bob.brown@authorsinfo.com","actor_via_sso":false,"log_type":"token"}', '2025-08-21 12:44:53.232662+00', ''),
	('00000000-0000-0000-0000-000000000000', '625df1ac-d041-4305-bb64-dee41f8863e7', '{"action":"token_revoked","actor_id":"2474659f-003e-4faa-8c53-9969c33f20b2","actor_username":"bob.brown@authorsinfo.com","actor_via_sso":false,"log_type":"token"}', '2025-08-21 12:44:53.26305+00', ''),
	('00000000-0000-0000-0000-000000000000', '35f29649-34bf-4613-9d64-06c29b4617f7', '{"action":"token_refreshed","actor_id":"2474659f-003e-4faa-8c53-9969c33f20b2","actor_username":"bob.brown@authorsinfo.com","actor_via_sso":false,"log_type":"token"}', '2025-08-21 13:44:13.642391+00', ''),
	('00000000-0000-0000-0000-000000000000', 'a876b217-ab54-41bf-8527-a197c720d36e', '{"action":"token_revoked","actor_id":"2474659f-003e-4faa-8c53-9969c33f20b2","actor_username":"bob.brown@authorsinfo.com","actor_via_sso":false,"log_type":"token"}', '2025-08-21 13:44:13.671155+00', ''),
	('00000000-0000-0000-0000-000000000000', 'f2eb845e-a1a4-466e-84a1-b6f107e898b6', '{"action":"token_refreshed","actor_id":"2474659f-003e-4faa-8c53-9969c33f20b2","actor_username":"bob.brown@authorsinfo.com","actor_via_sso":false,"log_type":"token"}', '2025-08-21 13:44:14.316173+00', ''),
	('00000000-0000-0000-0000-000000000000', 'a26c5581-b705-4429-93f1-eb18cd69a1fc', '{"action":"token_refreshed","actor_id":"2474659f-003e-4faa-8c53-9969c33f20b2","actor_username":"bob.brown@authorsinfo.com","actor_via_sso":false,"log_type":"token"}', '2025-08-21 14:43:13.383459+00', ''),
	('00000000-0000-0000-0000-000000000000', '8632ad19-fcb5-4a45-9a93-75fb012c1a35', '{"action":"token_revoked","actor_id":"2474659f-003e-4faa-8c53-9969c33f20b2","actor_username":"bob.brown@authorsinfo.com","actor_via_sso":false,"log_type":"token"}', '2025-08-21 14:43:13.415146+00', ''),
	('00000000-0000-0000-0000-000000000000', '6231d865-2743-491f-bd4f-d6bda974b47a', '{"action":"token_refreshed","actor_id":"2474659f-003e-4faa-8c53-9969c33f20b2","actor_username":"bob.brown@authorsinfo.com","actor_via_sso":false,"log_type":"token"}', '2025-08-21 14:43:13.956032+00', ''),
	('00000000-0000-0000-0000-000000000000', '432b16c8-6239-444f-918a-68f53423bc62', '{"action":"token_refreshed","actor_id":"2474659f-003e-4faa-8c53-9969c33f20b2","actor_username":"bob.brown@authorsinfo.com","actor_via_sso":false,"log_type":"token"}', '2025-08-21 15:42:13.484939+00', ''),
	('00000000-0000-0000-0000-000000000000', '73229699-d15e-4321-bcf3-ae37707a9cc4', '{"action":"token_revoked","actor_id":"2474659f-003e-4faa-8c53-9969c33f20b2","actor_username":"bob.brown@authorsinfo.com","actor_via_sso":false,"log_type":"token"}', '2025-08-21 15:42:13.506686+00', ''),
	('00000000-0000-0000-0000-000000000000', '4f92ebdb-dbdd-49ba-b769-b24143b1c004', '{"action":"token_refreshed","actor_id":"2474659f-003e-4faa-8c53-9969c33f20b2","actor_username":"bob.brown@authorsinfo.com","actor_via_sso":false,"log_type":"token"}', '2025-08-21 15:42:14.023918+00', ''),
	('00000000-0000-0000-0000-000000000000', '37731014-cacd-4b69-97eb-9af149a5c44b', '{"action":"token_refreshed","actor_id":"2474659f-003e-4faa-8c53-9969c33f20b2","actor_username":"bob.brown@authorsinfo.com","actor_via_sso":false,"log_type":"token"}', '2025-08-21 15:42:14.288956+00', ''),
	('00000000-0000-0000-0000-000000000000', 'a582c2f8-519b-4652-b7f6-0f1ba765e7be', '{"action":"token_refreshed","actor_id":"2474659f-003e-4faa-8c53-9969c33f20b2","actor_username":"bob.brown@authorsinfo.com","actor_via_sso":false,"log_type":"token"}', '2025-08-21 16:40:54.411958+00', ''),
	('00000000-0000-0000-0000-000000000000', '94d696b9-eab9-4512-84e6-8a26b7f2ec69', '{"action":"token_revoked","actor_id":"2474659f-003e-4faa-8c53-9969c33f20b2","actor_username":"bob.brown@authorsinfo.com","actor_via_sso":false,"log_type":"token"}', '2025-08-21 16:40:54.438721+00', ''),
	('00000000-0000-0000-0000-000000000000', '0106af45-08dc-4bcf-af8c-adacb825e719', '{"action":"token_refreshed","actor_id":"2474659f-003e-4faa-8c53-9969c33f20b2","actor_username":"bob.brown@authorsinfo.com","actor_via_sso":false,"log_type":"token"}', '2025-08-21 16:40:54.548743+00', ''),
	('00000000-0000-0000-0000-000000000000', '132273e7-b2ce-43fe-b877-e0e70408e047', '{"action":"token_refreshed","actor_id":"2474659f-003e-4faa-8c53-9969c33f20b2","actor_username":"bob.brown@authorsinfo.com","actor_via_sso":false,"log_type":"token"}', '2025-08-21 16:40:54.865021+00', ''),
	('00000000-0000-0000-0000-000000000000', 'cde770eb-38a1-4eed-aa50-125242db9c8b', '{"action":"token_refreshed","actor_id":"2474659f-003e-4faa-8c53-9969c33f20b2","actor_username":"bob.brown@authorsinfo.com","actor_via_sso":false,"log_type":"token"}', '2025-08-21 17:40:13.399262+00', ''),
	('00000000-0000-0000-0000-000000000000', 'b524d3eb-3daf-4526-8587-2c69cb8a536d', '{"action":"token_revoked","actor_id":"2474659f-003e-4faa-8c53-9969c33f20b2","actor_username":"bob.brown@authorsinfo.com","actor_via_sso":false,"log_type":"token"}', '2025-08-21 17:40:13.432458+00', ''),
	('00000000-0000-0000-0000-000000000000', 'acc9fe7d-0bf8-401f-8bd9-409ae7afb13a', '{"action":"token_refreshed","actor_id":"2474659f-003e-4faa-8c53-9969c33f20b2","actor_username":"bob.brown@authorsinfo.com","actor_via_sso":false,"log_type":"token"}', '2025-08-21 17:40:14.004343+00', ''),
	('00000000-0000-0000-0000-000000000000', '10cb3755-9b9d-4d3b-844b-304027375bec', '{"action":"token_refreshed","actor_id":"2474659f-003e-4faa-8c53-9969c33f20b2","actor_username":"bob.brown@authorsinfo.com","actor_via_sso":false,"log_type":"token"}', '2025-08-21 17:40:14.383666+00', ''),
	('00000000-0000-0000-0000-000000000000', '7ed4840c-c824-4667-92bb-6185c6f582f5', '{"action":"token_refreshed","actor_id":"2474659f-003e-4faa-8c53-9969c33f20b2","actor_username":"bob.brown@authorsinfo.com","actor_via_sso":false,"log_type":"token"}', '2025-08-21 18:39:13.368701+00', ''),
	('00000000-0000-0000-0000-000000000000', 'e9401003-1a27-4afe-b9de-e5efc58b2542', '{"action":"token_revoked","actor_id":"2474659f-003e-4faa-8c53-9969c33f20b2","actor_username":"bob.brown@authorsinfo.com","actor_via_sso":false,"log_type":"token"}', '2025-08-21 18:39:13.39693+00', ''),
	('00000000-0000-0000-0000-000000000000', '07b759e2-65fc-473e-a443-ef828206ae0c', '{"action":"token_refreshed","actor_id":"2474659f-003e-4faa-8c53-9969c33f20b2","actor_username":"bob.brown@authorsinfo.com","actor_via_sso":false,"log_type":"token"}', '2025-08-21 18:39:13.907489+00', ''),
	('00000000-0000-0000-0000-000000000000', 'e2e07aad-f917-494c-88d2-45e3e3e096c8', '{"action":"token_refreshed","actor_id":"2474659f-003e-4faa-8c53-9969c33f20b2","actor_username":"bob.brown@authorsinfo.com","actor_via_sso":false,"log_type":"token"}', '2025-08-21 18:39:14.249907+00', ''),
	('00000000-0000-0000-0000-000000000000', '509a1358-4520-47ca-9303-af5bc5add09b', '{"action":"token_refreshed","actor_id":"2474659f-003e-4faa-8c53-9969c33f20b2","actor_username":"bob.brown@authorsinfo.com","actor_via_sso":false,"log_type":"token"}', '2025-08-21 19:37:18.336047+00', ''),
	('00000000-0000-0000-0000-000000000000', 'b15caeaf-c4a5-465a-80de-79ed1de070c8', '{"action":"token_revoked","actor_id":"2474659f-003e-4faa-8c53-9969c33f20b2","actor_username":"bob.brown@authorsinfo.com","actor_via_sso":false,"log_type":"token"}', '2025-08-21 19:37:18.352263+00', ''),
	('00000000-0000-0000-0000-000000000000', '106192e9-1eea-4737-9286-d3e1b6b4c64c', '{"action":"token_refreshed","actor_id":"2474659f-003e-4faa-8c53-9969c33f20b2","actor_username":"bob.brown@authorsinfo.com","actor_via_sso":false,"log_type":"token"}', '2025-08-21 20:36:13.443134+00', ''),
	('00000000-0000-0000-0000-000000000000', '1112b7a8-0b7a-4f73-8fec-fc2b78309147', '{"action":"token_revoked","actor_id":"2474659f-003e-4faa-8c53-9969c33f20b2","actor_username":"bob.brown@authorsinfo.com","actor_via_sso":false,"log_type":"token"}', '2025-08-21 20:36:13.46464+00', ''),
	('00000000-0000-0000-0000-000000000000', 'eb70f4ec-fde4-4b58-a67e-2493fb6fdb07', '{"action":"token_refreshed","actor_id":"2474659f-003e-4faa-8c53-9969c33f20b2","actor_username":"bob.brown@authorsinfo.com","actor_via_sso":false,"log_type":"token"}', '2025-08-21 20:36:13.92006+00', ''),
	('00000000-0000-0000-0000-000000000000', 'ca3401e1-0d95-4a16-b139-7153da6043e7', '{"action":"token_refreshed","actor_id":"2474659f-003e-4faa-8c53-9969c33f20b2","actor_username":"bob.brown@authorsinfo.com","actor_via_sso":false,"log_type":"token"}', '2025-08-21 20:36:14.416842+00', ''),
	('00000000-0000-0000-0000-000000000000', '1c9f869e-d442-4f8c-9c6f-d5b355497345', '{"action":"token_refreshed","actor_id":"2474659f-003e-4faa-8c53-9969c33f20b2","actor_username":"bob.brown@authorsinfo.com","actor_via_sso":false,"log_type":"token"}', '2025-08-21 21:34:26.241315+00', ''),
	('00000000-0000-0000-0000-000000000000', 'ced4d507-b509-472b-a8ee-a8ae7b9377ee', '{"action":"token_revoked","actor_id":"2474659f-003e-4faa-8c53-9969c33f20b2","actor_username":"bob.brown@authorsinfo.com","actor_via_sso":false,"log_type":"token"}', '2025-08-21 21:34:26.267017+00', ''),
	('00000000-0000-0000-0000-000000000000', '5c249c28-07b5-4868-ada9-812c4a0f69e7', '{"action":"token_refreshed","actor_id":"2474659f-003e-4faa-8c53-9969c33f20b2","actor_username":"bob.brown@authorsinfo.com","actor_via_sso":false,"log_type":"token"}', '2025-08-21 22:32:56.357426+00', ''),
	('00000000-0000-0000-0000-000000000000', '73c1b346-0989-4f27-90be-3b1c8325a4df', '{"action":"token_revoked","actor_id":"2474659f-003e-4faa-8c53-9969c33f20b2","actor_username":"bob.brown@authorsinfo.com","actor_via_sso":false,"log_type":"token"}', '2025-08-21 22:32:56.38453+00', ''),
	('00000000-0000-0000-0000-000000000000', '9f230827-e2f1-4cb1-96f5-20ae7c386884', '{"action":"token_refreshed","actor_id":"2474659f-003e-4faa-8c53-9969c33f20b2","actor_username":"bob.brown@authorsinfo.com","actor_via_sso":false,"log_type":"token"}', '2025-08-21 23:31:26.469381+00', ''),
	('00000000-0000-0000-0000-000000000000', 'b50adfff-4b0d-41ed-a605-337bcfd21dc4', '{"action":"token_revoked","actor_id":"2474659f-003e-4faa-8c53-9969c33f20b2","actor_username":"bob.brown@authorsinfo.com","actor_via_sso":false,"log_type":"token"}', '2025-08-21 23:31:26.508921+00', ''),
	('00000000-0000-0000-0000-000000000000', '8cd4c7a7-b690-427f-9d73-ce5035da3bf5', '{"action":"token_refreshed","actor_id":"2474659f-003e-4faa-8c53-9969c33f20b2","actor_username":"bob.brown@authorsinfo.com","actor_via_sso":false,"log_type":"token"}', '2025-08-22 00:29:56.425228+00', ''),
	('00000000-0000-0000-0000-000000000000', '04835202-8d92-430a-b77a-163d2670ee66', '{"action":"token_revoked","actor_id":"2474659f-003e-4faa-8c53-9969c33f20b2","actor_username":"bob.brown@authorsinfo.com","actor_via_sso":false,"log_type":"token"}', '2025-08-22 00:29:56.449241+00', ''),
	('00000000-0000-0000-0000-000000000000', '00efb569-b521-49a9-a7fb-1d3edb2afbdf', '{"action":"token_refreshed","actor_id":"2474659f-003e-4faa-8c53-9969c33f20b2","actor_username":"bob.brown@authorsinfo.com","actor_via_sso":false,"log_type":"token"}', '2025-08-22 01:29:13.47748+00', ''),
	('00000000-0000-0000-0000-000000000000', '5e0bc932-eca1-4ee4-8d84-ca4ee8625e01', '{"action":"token_revoked","actor_id":"2474659f-003e-4faa-8c53-9969c33f20b2","actor_username":"bob.brown@authorsinfo.com","actor_via_sso":false,"log_type":"token"}', '2025-08-22 01:29:13.495197+00', ''),
	('00000000-0000-0000-0000-000000000000', '960f3e0a-1f9f-4fc0-b02f-ad2d91d22cdf', '{"action":"token_refreshed","actor_id":"2474659f-003e-4faa-8c53-9969c33f20b2","actor_username":"bob.brown@authorsinfo.com","actor_via_sso":false,"log_type":"token"}', '2025-08-22 01:29:13.821428+00', ''),
	('00000000-0000-0000-0000-000000000000', '22408232-3460-4cd2-9aec-410917611aca', '{"action":"token_refreshed","actor_id":"2474659f-003e-4faa-8c53-9969c33f20b2","actor_username":"bob.brown@authorsinfo.com","actor_via_sso":false,"log_type":"token"}', '2025-08-22 02:27:32.543892+00', ''),
	('00000000-0000-0000-0000-000000000000', 'c9c07fa9-75a6-4d6a-adc3-4a288dce09e8', '{"action":"token_revoked","actor_id":"2474659f-003e-4faa-8c53-9969c33f20b2","actor_username":"bob.brown@authorsinfo.com","actor_via_sso":false,"log_type":"token"}', '2025-08-22 02:27:32.561943+00', ''),
	('00000000-0000-0000-0000-000000000000', '3a10a68b-667f-479e-af9e-9a6edf3198f9', '{"action":"token_refreshed","actor_id":"2474659f-003e-4faa-8c53-9969c33f20b2","actor_username":"bob.brown@authorsinfo.com","actor_via_sso":false,"log_type":"token"}', '2025-08-22 03:25:32.572403+00', ''),
	('00000000-0000-0000-0000-000000000000', '82b5d177-9658-42c2-ad0d-4c53ecb99a04', '{"action":"token_revoked","actor_id":"2474659f-003e-4faa-8c53-9969c33f20b2","actor_username":"bob.brown@authorsinfo.com","actor_via_sso":false,"log_type":"token"}', '2025-08-22 03:25:32.600759+00', ''),
	('00000000-0000-0000-0000-000000000000', '8b203e15-3d2a-40fa-978f-0f2ae1446d73', '{"action":"token_refreshed","actor_id":"2474659f-003e-4faa-8c53-9969c33f20b2","actor_username":"bob.brown@authorsinfo.com","actor_via_sso":false,"log_type":"token"}', '2025-08-22 04:24:09.556171+00', ''),
	('00000000-0000-0000-0000-000000000000', '17a2e190-dc31-4946-b30a-dce5e34fbc18', '{"action":"token_revoked","actor_id":"2474659f-003e-4faa-8c53-9969c33f20b2","actor_username":"bob.brown@authorsinfo.com","actor_via_sso":false,"log_type":"token"}', '2025-08-22 04:24:09.583256+00', ''),
	('00000000-0000-0000-0000-000000000000', '49d59224-afe9-4c0a-b67b-9519d80bb7d3', '{"action":"token_refreshed","actor_id":"2474659f-003e-4faa-8c53-9969c33f20b2","actor_username":"bob.brown@authorsinfo.com","actor_via_sso":false,"log_type":"token"}', '2025-08-22 05:22:37.359828+00', ''),
	('00000000-0000-0000-0000-000000000000', '22d0b3ae-d6d7-4dfa-bce4-286121a20fe9', '{"action":"token_revoked","actor_id":"2474659f-003e-4faa-8c53-9969c33f20b2","actor_username":"bob.brown@authorsinfo.com","actor_via_sso":false,"log_type":"token"}', '2025-08-22 05:22:37.384033+00', ''),
	('00000000-0000-0000-0000-000000000000', 'd7c5f9ab-0667-4b04-b170-488385dd86ea', '{"action":"token_refreshed","actor_id":"2474659f-003e-4faa-8c53-9969c33f20b2","actor_username":"bob.brown@authorsinfo.com","actor_via_sso":false,"log_type":"token"}', '2025-08-22 06:21:13.85641+00', ''),
	('00000000-0000-0000-0000-000000000000', 'e11a6b05-4543-4e07-b664-f1b498e8fd88', '{"action":"token_revoked","actor_id":"2474659f-003e-4faa-8c53-9969c33f20b2","actor_username":"bob.brown@authorsinfo.com","actor_via_sso":false,"log_type":"token"}', '2025-08-22 06:21:13.878184+00', ''),
	('00000000-0000-0000-0000-000000000000', 'a507f5c0-a5d3-454c-b52f-789c6fdcdb22', '{"action":"token_refreshed","actor_id":"2474659f-003e-4faa-8c53-9969c33f20b2","actor_username":"bob.brown@authorsinfo.com","actor_via_sso":false,"log_type":"token"}', '2025-08-22 06:21:13.940627+00', ''),
	('00000000-0000-0000-0000-000000000000', '9ce13c96-ec23-4955-bde2-7e4360289529', '{"action":"token_refreshed","actor_id":"2474659f-003e-4faa-8c53-9969c33f20b2","actor_username":"bob.brown@authorsinfo.com","actor_via_sso":false,"log_type":"token"}', '2025-08-22 07:19:45.601903+00', ''),
	('00000000-0000-0000-0000-000000000000', '80fc7179-b9a0-4038-a03a-3ef809673424', '{"action":"token_revoked","actor_id":"2474659f-003e-4faa-8c53-9969c33f20b2","actor_username":"bob.brown@authorsinfo.com","actor_via_sso":false,"log_type":"token"}', '2025-08-22 07:19:45.621723+00', ''),
	('00000000-0000-0000-0000-000000000000', '3986e4c2-6bb7-46b3-bd9e-4d36359da057', '{"action":"token_refreshed","actor_id":"2474659f-003e-4faa-8c53-9969c33f20b2","actor_username":"bob.brown@authorsinfo.com","actor_via_sso":false,"log_type":"token"}', '2025-08-22 08:19:13.662622+00', ''),
	('00000000-0000-0000-0000-000000000000', '1bbb3bec-4c7c-498c-8727-8cc6b08f5ca1', '{"action":"token_revoked","actor_id":"2474659f-003e-4faa-8c53-9969c33f20b2","actor_username":"bob.brown@authorsinfo.com","actor_via_sso":false,"log_type":"token"}', '2025-08-22 08:19:13.682953+00', ''),
	('00000000-0000-0000-0000-000000000000', '2d0a1550-ef58-4b99-b5c6-f6b52ed30c75', '{"action":"token_refreshed","actor_id":"2474659f-003e-4faa-8c53-9969c33f20b2","actor_username":"bob.brown@authorsinfo.com","actor_via_sso":false,"log_type":"token"}', '2025-08-22 08:19:13.751219+00', ''),
	('00000000-0000-0000-0000-000000000000', 'c83da0d8-eb29-46df-8145-a91c7a9f1f41', '{"action":"token_refreshed","actor_id":"2474659f-003e-4faa-8c53-9969c33f20b2","actor_username":"bob.brown@authorsinfo.com","actor_via_sso":false,"log_type":"token"}', '2025-08-22 09:18:13.676834+00', ''),
	('00000000-0000-0000-0000-000000000000', '005e8deb-1098-49c4-87a2-676eb12320cb', '{"action":"token_revoked","actor_id":"2474659f-003e-4faa-8c53-9969c33f20b2","actor_username":"bob.brown@authorsinfo.com","actor_via_sso":false,"log_type":"token"}', '2025-08-22 09:18:13.700133+00', ''),
	('00000000-0000-0000-0000-000000000000', '794cd242-a0f1-424f-96be-986de54387c9', '{"action":"token_refreshed","actor_id":"2474659f-003e-4faa-8c53-9969c33f20b2","actor_username":"bob.brown@authorsinfo.com","actor_via_sso":false,"log_type":"token"}', '2025-08-22 09:18:13.787148+00', ''),
	('00000000-0000-0000-0000-000000000000', 'adb50509-ab28-420a-8bd9-2cd83b89a480', '{"action":"token_refreshed","actor_id":"2474659f-003e-4faa-8c53-9969c33f20b2","actor_username":"bob.brown@authorsinfo.com","actor_via_sso":false,"log_type":"token"}', '2025-08-22 10:17:13.728373+00', ''),
	('00000000-0000-0000-0000-000000000000', 'a630c6b2-9723-4713-9f59-870a69bb628d', '{"action":"token_revoked","actor_id":"2474659f-003e-4faa-8c53-9969c33f20b2","actor_username":"bob.brown@authorsinfo.com","actor_via_sso":false,"log_type":"token"}', '2025-08-22 10:17:13.75265+00', ''),
	('00000000-0000-0000-0000-000000000000', 'fb3c1a99-a555-4f53-a545-e9b1e4d10a6e', '{"action":"token_refreshed","actor_id":"2474659f-003e-4faa-8c53-9969c33f20b2","actor_username":"bob.brown@authorsinfo.com","actor_via_sso":false,"log_type":"token"}', '2025-08-22 10:17:13.831362+00', ''),
	('00000000-0000-0000-0000-000000000000', 'c665b178-0971-4148-8d71-60bad302d56b', '{"action":"token_refreshed","actor_id":"2474659f-003e-4faa-8c53-9969c33f20b2","actor_username":"bob.brown@authorsinfo.com","actor_via_sso":false,"log_type":"token"}', '2025-08-22 11:16:13.732299+00', ''),
	('00000000-0000-0000-0000-000000000000', '2035b8c3-0d8f-4980-a2b0-efba76a69108', '{"action":"token_revoked","actor_id":"2474659f-003e-4faa-8c53-9969c33f20b2","actor_username":"bob.brown@authorsinfo.com","actor_via_sso":false,"log_type":"token"}', '2025-08-22 11:16:13.753817+00', ''),
	('00000000-0000-0000-0000-000000000000', '51666383-c083-4e14-b440-3e114982b610', '{"action":"token_refreshed","actor_id":"2474659f-003e-4faa-8c53-9969c33f20b2","actor_username":"bob.brown@authorsinfo.com","actor_via_sso":false,"log_type":"token"}', '2025-08-22 11:16:13.823013+00', ''),
	('00000000-0000-0000-0000-000000000000', '0fd75eb1-aa4b-4c9a-966a-8889eaa3cf0e', '{"action":"token_refreshed","actor_id":"2474659f-003e-4faa-8c53-9969c33f20b2","actor_username":"bob.brown@authorsinfo.com","actor_via_sso":false,"log_type":"token"}', '2025-08-22 18:51:14.592016+00', ''),
	('00000000-0000-0000-0000-000000000000', 'e02ff874-f9b4-4aee-9151-c2d7c46c521b', '{"action":"token_revoked","actor_id":"2474659f-003e-4faa-8c53-9969c33f20b2","actor_username":"bob.brown@authorsinfo.com","actor_via_sso":false,"log_type":"token"}', '2025-08-22 18:51:14.619268+00', ''),
	('00000000-0000-0000-0000-000000000000', 'eada4a9a-7121-4f74-a58d-1372a0b51a53', '{"action":"token_refreshed","actor_id":"2474659f-003e-4faa-8c53-9969c33f20b2","actor_username":"bob.brown@authorsinfo.com","actor_via_sso":false,"log_type":"token"}', '2025-08-22 19:49:50.892757+00', ''),
	('00000000-0000-0000-0000-000000000000', '82eab239-8cf8-4eb1-b22d-9aca1efc1fa3', '{"action":"token_revoked","actor_id":"2474659f-003e-4faa-8c53-9969c33f20b2","actor_username":"bob.brown@authorsinfo.com","actor_via_sso":false,"log_type":"token"}', '2025-08-22 19:49:50.906656+00', ''),
	('00000000-0000-0000-0000-000000000000', 'c940a60c-ed2c-4ef2-aaf5-b46889a37135', '{"action":"token_refreshed","actor_id":"2474659f-003e-4faa-8c53-9969c33f20b2","actor_username":"bob.brown@authorsinfo.com","actor_via_sso":false,"log_type":"token"}', '2025-08-22 21:38:05.239549+00', ''),
	('00000000-0000-0000-0000-000000000000', 'd147ef71-3129-4aa8-af2b-0d1b99e79900', '{"action":"token_revoked","actor_id":"2474659f-003e-4faa-8c53-9969c33f20b2","actor_username":"bob.brown@authorsinfo.com","actor_via_sso":false,"log_type":"token"}', '2025-08-22 21:38:05.259436+00', '');


--
-- Data for Name: flow_state; Type: TABLE DATA; Schema: auth; Owner: supabase_auth_admin
--



--
-- Data for Name: users; Type: TABLE DATA; Schema: auth; Owner: supabase_auth_admin
--

INSERT INTO "auth"."users" ("instance_id", "id", "aud", "role", "email", "encrypted_password", "email_confirmed_at", "invited_at", "confirmation_token", "confirmation_sent_at", "recovery_token", "recovery_sent_at", "email_change_token_new", "email_change", "email_change_sent_at", "last_sign_in_at", "raw_app_meta_data", "raw_user_meta_data", "is_super_admin", "created_at", "updated_at", "phone", "phone_confirmed_at", "phone_change", "phone_change_token", "phone_change_sent_at", "email_change_token_current", "email_change_confirm_status", "banned_until", "reauthentication_token", "reauthentication_sent_at", "is_sso_user", "deleted_at", "is_anonymous") VALUES
	('00000000-0000-0000-0000-000000000000', '355dd8d6-7ef5-46cf-9bad-67fd863cbc88', 'authenticated', 'authenticated', 'eve.evans@authorsinfo.com', '$2a$06$0JPE9qXB5raKkVLu5oXiYObTx0CfWDMaQQY45RdHpqTzqpDN5Agmq', '2025-07-03 09:08:57.268783+00', '2025-07-03 09:08:57.268783+00', '', '2025-07-03 09:08:57.268783+00', '', NULL, '', '', NULL, '2025-07-03 09:08:57.268783+00', '{"provider": "email", "providers": ["email"]}', '{"name": "Eve Evans"}', false, '2025-07-03 09:08:57.268783+00', '2025-07-03 09:08:57.268783+00', NULL, NULL, '', '', NULL, '', 0, NULL, '', NULL, false, NULL, false),
	('00000000-0000-0000-0000-000000000000', '62be2226-e3d4-4b10-951d-13c3972145b1', 'authenticated', 'authenticated', 'frank.fisher@authorsinfo.com', '$2a$06$akp.YJW5cfrOZ8tt86.jNOEbHFbUnx0Quh2xlXAn0m/r.GOqFA6Ca', '2025-07-03 09:08:57.268783+00', '2025-07-03 09:08:57.268783+00', '', '2025-07-03 09:08:57.268783+00', '', NULL, '', '', NULL, '2025-07-03 09:08:57.268783+00', '{"provider": "email", "providers": ["email"]}', '{"name": "Frank Fisher"}', false, '2025-07-03 09:08:57.268783+00', '2025-07-03 09:08:57.268783+00', NULL, NULL, '', '', NULL, '', 0, NULL, '', NULL, false, NULL, false),
	('00000000-0000-0000-0000-000000000000', '0d1f32d3-18b4-4aa8-b858-141b139aacd8', 'authenticated', 'authenticated', 'henry.harris@authorsinfo.com', '$2a$06$w7g6FSwJnyKjiudBsXdkN.QusCW9nUHBb.1tU462RRac6p4GJua7m', '2025-07-03 09:08:57.268783+00', '2025-07-03 09:08:57.268783+00', '', '2025-07-03 09:08:57.268783+00', '', NULL, '', '', NULL, '2025-07-03 09:08:57.268783+00', '{"provider": "email", "providers": ["email"]}', '{"name": "Henry Harris"}', false, '2025-07-03 09:08:57.268783+00', '2025-07-03 09:08:57.268783+00', NULL, NULL, '', '', NULL, '', 0, NULL, '', NULL, false, NULL, false),
	('00000000-0000-0000-0000-000000000000', 'e8f2a30e-de7f-40a4-9772-06fca7419908', 'authenticated', 'authenticated', 'ivy.ivanov@authorsinfo.com', '$2a$06$MoClFJsEMdEGgoHdttSYkO76VTScGPqGlyBGfoNvRtYId/4Pi0clq', '2025-07-03 09:08:57.268783+00', '2025-07-03 09:08:57.268783+00', '', '2025-07-03 09:08:57.268783+00', '', NULL, '', '', NULL, '2025-07-03 09:08:57.268783+00', '{"provider": "email", "providers": ["email"]}', '{"name": "Ivy Ivanov"}', false, '2025-07-03 09:08:57.268783+00', '2025-07-03 09:08:57.268783+00', NULL, NULL, '', '', NULL, '', 0, NULL, '', NULL, false, NULL, false),
	('00000000-0000-0000-0000-000000000000', 'b3bd5d6b-e22a-4d61-a4a7-eee77a7063ce', 'authenticated', 'authenticated', 'jack.johnson@authorsinfo.com', '$2a$06$b56Pph8ty/yNWl1nx05XE.LKDkL/tt7rUUb9rEDJHLOGDLSDgkWOi', '2025-07-03 09:08:57.268783+00', '2025-07-03 09:08:57.268783+00', '', '2025-07-03 09:08:57.268783+00', '', NULL, '', '', NULL, '2025-07-03 09:08:57.268783+00', '{"provider": "email", "providers": ["email"]}', '{"name": "Jack Johnson"}', false, '2025-07-03 09:08:57.268783+00', '2025-07-03 09:08:57.268783+00', NULL, NULL, '', '', NULL, '', 0, NULL, '', NULL, false, NULL, false),
	('00000000-0000-0000-0000-000000000000', '04d0c415-9de4-43dc-99fd-bcc8f980cefc', 'authenticated', 'authenticated', 'kate.king@authorsinfo.com', '$2a$06$b9Se91zU9kLhOyC9FCMrUuVFu09OMgbjveimChCec8EssLRdDHGWC', '2025-07-03 09:08:57.268783+00', '2025-07-03 09:08:57.268783+00', '', '2025-07-03 09:08:57.268783+00', '', NULL, '', '', NULL, '2025-07-03 09:08:57.268783+00', '{"provider": "email", "providers": ["email"]}', '{"name": "Kate King"}', false, '2025-07-03 09:08:57.268783+00', '2025-07-03 09:08:57.268783+00', NULL, NULL, '', '', NULL, '', 0, NULL, '', NULL, false, NULL, false),
	('00000000-0000-0000-0000-000000000000', 'da99da90-51c9-46b6-9b1a-5b28603a2aa7', 'authenticated', 'authenticated', 'liam.lee@authorsinfo.com', '$2a$06$PQpdVFtd5HCC5RCAPa3SsuLfT6pby4BpVDTJy/WGkFRx0q1ntpWq6', '2025-07-03 09:08:57.268783+00', '2025-07-03 09:08:57.268783+00', '', '2025-07-03 09:08:57.268783+00', '', NULL, '', '', NULL, '2025-07-03 09:08:57.268783+00', '{"provider": "email", "providers": ["email"]}', '{"name": "Liam Lee"}', false, '2025-07-03 09:08:57.268783+00', '2025-07-03 09:08:57.268783+00', NULL, NULL, '', '', NULL, '', 0, NULL, '', NULL, false, NULL, false),
	('00000000-0000-0000-0000-000000000000', 'fdcbe6e9-108d-4939-b10f-77b422731a18', 'authenticated', 'authenticated', 'maya.miller@authorsinfo.com', '$2a$06$e5gP2QR36p3FwGonFDmEY.yM2jAuIxZlbhn.hqlIUAMTxA9X2W8bW', '2025-07-03 09:08:57.268783+00', '2025-07-03 09:08:57.268783+00', '', '2025-07-03 09:08:57.268783+00', '', NULL, '', '', NULL, '2025-07-03 09:08:57.268783+00', '{"provider": "email", "providers": ["email"]}', '{"name": "Maya Miller"}', false, '2025-07-03 09:08:57.268783+00', '2025-07-03 09:08:57.268783+00', NULL, NULL, '', '', NULL, '', 0, NULL, '', NULL, false, NULL, false),
	('00000000-0000-0000-0000-000000000000', 'deca955d-e8c5-4c28-b190-f3ab7b382748', 'authenticated', 'authenticated', 'noah.nelson@authorsinfo.com', '$2a$06$04O7dE9XFPqTj0Qu8Sok2OhKPghLFRwM4d666ag3TD8JySIzY.yni', '2025-07-03 09:08:57.268783+00', '2025-07-03 09:08:57.268783+00', '', '2025-07-03 09:08:57.268783+00', '', NULL, '', '', NULL, '2025-07-03 09:08:57.268783+00', '{"provider": "email", "providers": ["email"]}', '{"name": "Noah Nelson"}', false, '2025-07-03 09:08:57.268783+00', '2025-07-03 09:08:57.268783+00', NULL, NULL, '', '', NULL, '', 0, NULL, '', NULL, false, NULL, false),
	('00000000-0000-0000-0000-000000000000', '97f1407e-dcab-4143-a59e-873634654503', 'authenticated', 'authenticated', 'olivia.o''connor@authorsinfo.com', '$2a$06$qjck1fL144bjXsBpvV0IbeMmmJACJ3yWcRAIRqmxhLMMT5Tm5DuTq', '2025-07-03 09:08:57.268783+00', '2025-07-03 09:08:57.268783+00', '', '2025-07-03 09:08:57.268783+00', '', NULL, '', '', NULL, '2025-07-03 09:08:57.268783+00', '{"provider": "email", "providers": ["email"]}', '{"name": "Olivia O''Connor"}', false, '2025-07-03 09:08:57.268783+00', '2025-07-03 09:08:57.268783+00', NULL, NULL, '', '', NULL, '', 0, NULL, '', NULL, false, NULL, false),
	('00000000-0000-0000-0000-000000000000', '05b4dc59-ae8e-47a1-8409-936b159c2c22', 'authenticated', 'authenticated', 'paul.parker@authorsinfo.com', '$2a$06$6enBqQupSu94LhKBpbyv7OKHHkMqmN9Hw0B4UEAW8qrM0vzrmGRJ2', '2025-07-03 09:08:57.268783+00', '2025-07-03 09:08:57.268783+00', '', '2025-07-03 09:08:57.268783+00', '', NULL, '', '', NULL, '2025-07-03 09:08:57.268783+00', '{"provider": "email", "providers": ["email"]}', '{"name": "Paul Parker"}', false, '2025-07-03 09:08:57.268783+00', '2025-07-03 09:08:57.268783+00', NULL, NULL, '', '', NULL, '', 0, NULL, '', NULL, false, NULL, false),
	('00000000-0000-0000-0000-000000000000', '5969c24a-1dd6-47ec-9e19-e22a0d5ebf40', 'authenticated', 'authenticated', 'ruby.roberts@authorsinfo.com', '$2a$06$kW4NWGWfFEON392/DHQJCuCnO0D7x.EMXNd1UhD7A.TPwmDqX28JK', '2025-07-03 09:08:57.268783+00', '2025-07-03 09:08:57.268783+00', '', '2025-07-03 09:08:57.268783+00', '', NULL, '', '', NULL, '2025-07-03 09:08:57.268783+00', '{"provider": "email", "providers": ["email"]}', '{"name": "Ruby Roberts"}', false, '2025-07-03 09:08:57.268783+00', '2025-07-03 09:08:57.268783+00', NULL, NULL, '', '', NULL, '', 0, NULL, '', NULL, false, NULL, false),
	('00000000-0000-0000-0000-000000000000', '4ca9b634-8557-427f-9b7f-1d8679b7f332', 'authenticated', 'authenticated', 'sam.smith@authorsinfo.com', '$2a$06$aQk0T3NBYJpq.nTUAIAvzu8mg5LLd3TDKtGxDLbIoAnCnPa9w4ue2', '2025-07-03 09:08:57.268783+00', '2025-07-03 09:08:57.268783+00', '', '2025-07-03 09:08:57.268783+00', '', NULL, '', '', NULL, '2025-07-03 09:08:57.268783+00', '{"provider": "email", "providers": ["email"]}', '{"name": "Sam Smith"}', false, '2025-07-03 09:08:57.268783+00', '2025-07-03 09:08:57.268783+00', NULL, NULL, '', '', NULL, '', 0, NULL, '', NULL, false, NULL, false),
	('00000000-0000-0000-0000-000000000000', '2f4e5e3b-9aa3-45cf-9edf-86815d76f735', 'authenticated', 'authenticated', 'tara.taylor@authorsinfo.com', '$2a$06$mkGQ3LhNke2g0NuNbRymIOg5ieCiqVqyG/BfnEl1.cGUZN2jYkZ9q', '2025-07-03 09:08:57.268783+00', '2025-07-03 09:08:57.268783+00', '', '2025-07-03 09:08:57.268783+00', '', NULL, '', '', NULL, '2025-07-03 09:08:57.268783+00', '{"provider": "email", "providers": ["email"]}', '{"name": "Tara Taylor"}', false, '2025-07-03 09:08:57.268783+00', '2025-07-03 09:08:57.268783+00', NULL, NULL, '', '', NULL, '', 0, NULL, '', NULL, false, NULL, false),
	('00000000-0000-0000-0000-000000000000', '78b8de0c-9469-4b38-96bb-c97bbf3d8607', 'authenticated', 'authenticated', 'uma.upton@authorsinfo.com', '$2a$06$VK4fuYhP/5e04pkDu4guReVK8MTkrMJ26dkv4qmx4Tm1k8Ay/YHaG', '2025-07-03 09:08:57.268783+00', '2025-07-03 09:08:57.268783+00', '', '2025-07-03 09:08:57.268783+00', '', NULL, '', '', NULL, '2025-07-03 09:08:57.268783+00', '{"provider": "email", "providers": ["email"]}', '{"name": "Uma Upton"}', false, '2025-07-03 09:08:57.268783+00', '2025-07-03 09:08:57.268783+00', NULL, NULL, '', '', NULL, '', 0, NULL, '', NULL, false, NULL, false),
	('00000000-0000-0000-0000-000000000000', 'e81a2715-e3dd-4133-ad2a-e400a74e24ad', 'authenticated', 'authenticated', 'victor.vargas@authorsinfo.com', '$2a$06$WRHcASWAV2X8Fq5rY.JPj.LMlVVcBysPEXM5nRbAYkv7aLczK22mG', '2025-07-03 09:08:57.268783+00', '2025-07-03 09:08:57.268783+00', '', '2025-07-03 09:08:57.268783+00', '', NULL, '', '', NULL, '2025-07-03 09:08:57.268783+00', '{"provider": "email", "providers": ["email"]}', '{"name": "Victor Vargas"}', false, '2025-07-03 09:08:57.268783+00', '2025-07-03 09:08:57.268783+00', NULL, NULL, '', '', NULL, '', 0, NULL, '', NULL, false, NULL, false),
	('00000000-0000-0000-0000-000000000000', 'c954586e-f506-48b3-ba5d-c6b0d3d561c8', 'authenticated', 'authenticated', 'wendy.wilson@authorsinfo.com', '$2a$06$hem.Jw11X6k4J67W.bwc4OSoL7wbVpeYuUOCz8I7dcXSmijxex/rq', '2025-07-03 09:08:57.268783+00', '2025-07-03 09:08:57.268783+00', '', '2025-07-03 09:08:57.268783+00', '', NULL, '', '', NULL, '2025-07-03 09:08:57.268783+00', '{"provider": "email", "providers": ["email"]}', '{"name": "Wendy Wilson"}', false, '2025-07-03 09:08:57.268783+00', '2025-07-03 09:08:57.268783+00', NULL, NULL, '', '', NULL, '', 0, NULL, '', NULL, false, NULL, false),
	('00000000-0000-0000-0000-000000000000', '8dd18808-4777-4877-bde1-b54b1d3ffa81', 'authenticated', 'authenticated', 'grace.garcia@authorsinfo.com', '$2a$06$aR.K7tBBcjqr1dOcijGlceT0cl2vxP96KD.o7HNuNLztGhZ3T6nOe', '2025-07-03 09:08:57.268783+00', '2025-07-03 09:08:57.268783+00', '', '2025-07-03 09:08:57.268783+00', '', NULL, '', '', NULL, '2025-07-31 19:40:59.74628+00', '{"provider": "email", "providers": ["email"]}', '{"name": "Grace Garcia"}', false, '2025-07-03 09:08:57.268783+00', '2025-08-01 04:01:08.877353+00', NULL, NULL, '', '', NULL, '', 0, NULL, '', NULL, false, NULL, false),
	('00000000-0000-0000-0000-000000000000', '45f98998-ba1d-4439-b2ee-1d403fee0e7c', 'authenticated', 'authenticated', 'charlie.clark@authorsinfo.com', '$2a$06$MromcojVE95DDcpA3hkpt.0zJsJ9Yf86rQoG87uTzgpwDQzU8CtaG', '2025-07-03 09:08:57.268783+00', '2025-07-03 09:08:57.268783+00', '', '2025-07-03 09:08:57.268783+00', '', NULL, '', '', NULL, '2025-07-31 15:27:28.500089+00', '{"provider": "email", "providers": ["email"]}', '{"name": "Charlie Clark"}', false, '2025-07-03 09:08:57.268783+00', '2025-07-31 16:43:19.569874+00', NULL, NULL, '', '', NULL, '', 0, NULL, '', NULL, false, NULL, false),
	('00000000-0000-0000-0000-000000000000', '6bea7109-b400-4124-839e-3fe6466f3ae8', 'authenticated', 'authenticated', 'quinn.quinn@authorsinfo.com', '$2a$06$0XbFU5Fk3.GK5b.Sxa367O/oRQpBBbGd9ZTCRarLebnR8q17R8Rda', '2025-07-03 09:08:57.268783+00', '2025-07-03 09:08:57.268783+00', '', '2025-07-03 09:08:57.268783+00', '', NULL, '', '', NULL, '2025-08-03 03:12:44.846357+00', '{"provider": "email", "providers": ["email"]}', '{"name": "Quinn Quinn"}', false, '2025-07-03 09:08:57.268783+00', '2025-08-03 03:12:44.897099+00', NULL, NULL, '', '', NULL, '', 0, NULL, '', NULL, false, NULL, false),
	('00000000-0000-0000-0000-000000000000', 'c5b68ab4-e8bc-4291-a646-7f8ab4b99528', 'authenticated', 'authenticated', 'diana.davis@authorsinfo.com', '$2a$06$wSvX1r4eMRKNDJV2q0FPzu4ppDrW3JQqH5Ey68Vww.bgyyizRpMZq', '2025-07-03 09:08:57.268783+00', '2025-07-03 09:08:57.268783+00', '', '2025-07-03 09:08:57.268783+00', '', NULL, '', '', NULL, '2025-08-01 04:11:51.769087+00', '{"provider": "email", "providers": ["email"]}', '{"name": "Diana Davis"}', false, '2025-07-03 09:08:57.268783+00', '2025-08-03 00:44:09.670519+00', NULL, NULL, '', '', NULL, '', 0, NULL, '', NULL, false, NULL, false),
	('00000000-0000-0000-0000-000000000000', 'fcc9099b-5297-418b-b164-adf93af0e0fa', 'authenticated', 'authenticated', 'xander.xavier@authorsinfo.com', '$2a$06$0GW0.fEV4E7nAYHb0wmHyuKPqOH3YtNG99JD8kkBoIAdyJNLLDS0y', '2025-07-03 09:08:57.268783+00', '2025-07-03 09:08:57.268783+00', '', '2025-07-03 09:08:57.268783+00', '', NULL, '', '', NULL, '2025-07-03 09:08:57.268783+00', '{"provider": "email", "providers": ["email"]}', '{"name": "Xander Xavier"}', false, '2025-07-03 09:08:57.268783+00', '2025-07-03 09:08:57.268783+00', NULL, NULL, '', '', NULL, '', 0, NULL, '', NULL, false, NULL, false),
	('00000000-0000-0000-0000-000000000000', 'eb6c0fb9-6baf-4a90-870d-06d87849efa5', 'authenticated', 'authenticated', 'yara.young@authorsinfo.com', '$2a$06$IsUEfU28u4JNb2xtqCrqyOZK6AntodYpLJdVjxxv7PfWRwCCLtDRC', '2025-07-03 09:08:57.268783+00', '2025-07-03 09:08:57.268783+00', '', '2025-07-03 09:08:57.268783+00', '', NULL, '', '', NULL, '2025-07-03 09:08:57.268783+00', '{"provider": "email", "providers": ["email"]}', '{"name": "Yara Young"}', false, '2025-07-03 09:08:57.268783+00', '2025-07-03 09:08:57.268783+00', NULL, NULL, '', '', NULL, '', 0, NULL, '', NULL, false, NULL, false),
	('00000000-0000-0000-0000-000000000000', 'a213628a-3e5a-4471-8b72-001ae4683c31', 'authenticated', 'authenticated', 'zoe.zimmerman@authorsinfo.com', '$2a$06$bgiBL9SVVLb1r5qb6JyQD.eRZobUeQ1sPNJvCltHcZd9mrXzJWf0C', '2025-07-03 09:08:57.268783+00', '2025-07-03 09:08:57.268783+00', '', '2025-07-03 09:08:57.268783+00', '', NULL, '', '', NULL, '2025-07-03 09:08:57.268783+00', '{"provider": "email", "providers": ["email"]}', '{"name": "Zoe Zimmerman"}', false, '2025-07-03 09:08:57.268783+00', '2025-07-03 09:08:57.268783+00', NULL, NULL, '', '', NULL, '', 0, NULL, '', NULL, false, NULL, false),
	('00000000-0000-0000-0000-000000000000', '719afc5a-0063-4fa4-9d8d-f91e8bfacb47', 'authenticated', 'authenticated', 'alex.adams@authorsinfo.com', '$2a$06$nLGrDGLwi6CebjY6sjMxWupp3d16bY0ZUjjmEtOn61mAlLkNH/e/S', '2025-07-03 09:08:57.268783+00', '2025-07-03 09:08:57.268783+00', '', '2025-07-03 09:08:57.268783+00', '', NULL, '', '', NULL, '2025-07-03 09:08:57.268783+00', '{"provider": "email", "providers": ["email"]}', '{"name": "Alex Adams"}', false, '2025-07-03 09:08:57.268783+00', '2025-07-03 09:08:57.268783+00', NULL, NULL, '', '', NULL, '', 0, NULL, '', NULL, false, NULL, false),
	('00000000-0000-0000-0000-000000000000', 'dedfeba8-312b-4c56-91a9-9bf0ffe7d0c6', 'authenticated', 'authenticated', 'blake.baker@authorsinfo.com', '$2a$06$hixbzEJvJMn8gvK2vau6Q.r8ODiGAa9YjTi51gSbKFAPCpevt/ovW', '2025-07-03 09:08:57.268783+00', '2025-07-03 09:08:57.268783+00', '', '2025-07-03 09:08:57.268783+00', '', NULL, '', '', NULL, '2025-07-03 09:08:57.268783+00', '{"provider": "email", "providers": ["email"]}', '{"name": "Blake Baker"}', false, '2025-07-03 09:08:57.268783+00', '2025-07-03 09:08:57.268783+00', NULL, NULL, '', '', NULL, '', 0, NULL, '', NULL, false, NULL, false),
	('00000000-0000-0000-0000-000000000000', 'b529a24a-4840-4771-919c-baf2142f91a2', 'authenticated', 'authenticated', 'casey.cooper@authorsinfo.com', '$2a$06$//w6xZRsoSQZtRwU2H.M9eeZ8Rg..t.T8caLmQylK2ggjmCwtrqk.', '2025-07-03 09:08:57.268783+00', '2025-07-03 09:08:57.268783+00', '', '2025-07-03 09:08:57.268783+00', '', NULL, '', '', NULL, '2025-07-03 09:08:57.268783+00', '{"provider": "email", "providers": ["email"]}', '{"name": "Casey Cooper"}', false, '2025-07-03 09:08:57.268783+00', '2025-07-03 09:08:57.268783+00', NULL, NULL, '', '', NULL, '', 0, NULL, '', NULL, false, NULL, false),
	('00000000-0000-0000-0000-000000000000', 'b474d5f5-cbf2-49af-8d03-2ca4aea11081', 'authenticated', 'authenticated', 'drew.dixon@authorsinfo.com', '$2a$06$n8GOTnrvfOU8OFz2e.MaG.1ZRZ2r0XS4VH4Ueq4XkE3TFebdYbuJW', '2025-07-03 09:08:57.268783+00', '2025-07-03 09:08:57.268783+00', '', '2025-07-03 09:08:57.268783+00', '', NULL, '', '', NULL, '2025-07-03 09:08:57.268783+00', '{"provider": "email", "providers": ["email"]}', '{"name": "Drew Dixon"}', false, '2025-07-03 09:08:57.268783+00', '2025-07-03 09:08:57.268783+00', NULL, NULL, '', '', NULL, '', 0, NULL, '', NULL, false, NULL, false),
	('00000000-0000-0000-0000-000000000000', '1cd12917-899d-4676-a2bc-cad281a68c36', 'authenticated', 'authenticated', 'testuser@authorsinfo.com', '$2a$10$1aW9JIsS7ZOFfyn6nNJz1OR75Qf/OiXdggDK2oTDSgv6.JLTTFtjm', '2025-07-03 09:15:12.899846+00', NULL, '', NULL, '', NULL, '', '', NULL, NULL, '{"provider": "email", "providers": ["email"]}', '{"name": "Test User", "full_name": "Test User", "email_verified": true}', NULL, '2025-07-03 09:15:12.866403+00', '2025-07-03 09:15:12.905046+00', NULL, NULL, '', '', NULL, '', 0, NULL, '', NULL, false, NULL, false),
	('00000000-0000-0000-0000-000000000000', 'e06cdf85-b449-4dcb-b943-068aaad8cfa3', 'authenticated', 'authenticated', 'alice.anderson@authorsinfo.com', '$2a$06$9bmNBfzOACK1RchAsGSIzenD2nID6n/aIfd.W62t0.R.Hb8GWO.Um', '2025-07-03 09:08:57.268783+00', '2025-07-03 09:08:57.268783+00', '', '2025-07-03 09:08:57.268783+00', '', NULL, '', '', NULL, '2025-08-03 03:16:57.560282+00', '{"provider": "email", "providers": ["email"]}', '{"name": "Alice Anderson"}', true, '2025-07-03 09:08:57.268783+00', '2025-08-13 14:45:41.182893+00', NULL, NULL, '', '', NULL, '', 0, NULL, '', NULL, false, NULL, false),
	('00000000-0000-0000-0000-000000000000', '2474659f-003e-4faa-8c53-9969c33f20b2', 'authenticated', 'authenticated', 'bob.brown@authorsinfo.com', '$2a$06$5RCq5dmZPcl3OZhYMaoqdOhv2Ex54DFm7leXR4SNrRIqhLNw1oLaq', '2025-07-03 09:08:57.268783+00', '2025-07-03 09:08:57.268783+00', '', '2025-07-03 09:08:57.268783+00', '', NULL, '', '', NULL, '2025-08-13 14:54:57.25712+00', '{"provider": "email", "providers": ["email"]}', '{"name": "Bob Brown"}', false, '2025-07-03 09:08:57.268783+00', '2025-08-22 21:38:05.280501+00', NULL, NULL, '', '', NULL, '', 0, NULL, '', NULL, false, NULL, false);


--
-- Data for Name: identities; Type: TABLE DATA; Schema: auth; Owner: supabase_auth_admin
--

INSERT INTO "auth"."identities" ("provider_id", "user_id", "identity_data", "provider", "last_sign_in_at", "created_at", "updated_at", "id") VALUES
	('1cd12917-899d-4676-a2bc-cad281a68c36', '1cd12917-899d-4676-a2bc-cad281a68c36', '{"sub": "1cd12917-899d-4676-a2bc-cad281a68c36", "email": "testuser@authorsinfo.com", "email_verified": false, "phone_verified": false}', 'email', '2025-07-03 09:15:12.881005+00', '2025-07-03 09:15:12.881083+00', '2025-07-03 09:15:12.881083+00', 'b0fafbe9-4f3b-4bde-b217-11b4f7618da3');


--
-- Data for Name: instances; Type: TABLE DATA; Schema: auth; Owner: supabase_auth_admin
--



--
-- Data for Name: sessions; Type: TABLE DATA; Schema: auth; Owner: supabase_auth_admin
--

INSERT INTO "auth"."sessions" ("id", "user_id", "created_at", "updated_at", "factor_id", "aal", "not_after", "refreshed_at", "user_agent", "ip", "tag") VALUES
	('f9a7b06e-688d-41f5-87f8-98ae8411c60d', '2474659f-003e-4faa-8c53-9969c33f20b2', '2025-08-13 14:54:57.258446+00', '2025-08-22 21:38:05.288764+00', NULL, 'aal1', NULL, '2025-08-22 21:38:05.28869', 'Mozilla/5.0 (Windows NT 10.0; Win64; x64) AppleWebKit/537.36 (KHTML, like Gecko) Chrome/139.0.0.0 Safari/537.36', '45.144.115.194', NULL),
	('6ec08223-0e0b-4c33-8444-0ad71e053edf', '2474659f-003e-4faa-8c53-9969c33f20b2', '2025-07-31 02:41:22.400142+00', '2025-07-31 08:04:28.694582+00', NULL, 'aal1', NULL, '2025-07-31 08:04:28.694505', 'Mozilla/5.0 (Windows NT 10.0; Win64; x64) AppleWebKit/537.36 (KHTML, like Gecko) Chrome/138.0.0.0 Safari/537.36', '45.136.154.251', NULL);


--
-- Data for Name: mfa_amr_claims; Type: TABLE DATA; Schema: auth; Owner: supabase_auth_admin
--

INSERT INTO "auth"."mfa_amr_claims" ("session_id", "created_at", "updated_at", "authentication_method", "id") VALUES
	('6ec08223-0e0b-4c33-8444-0ad71e053edf', '2025-07-31 02:41:22.492642+00', '2025-07-31 02:41:22.492642+00', 'password', 'eff3dfe1-afdb-4524-829b-4c588010e470'),
	('f9a7b06e-688d-41f5-87f8-98ae8411c60d', '2025-08-13 14:54:57.304016+00', '2025-08-13 14:54:57.304016+00', 'password', '9cd41f6e-5b2a-44a5-ab02-2c6fd411f2dd');


--
-- Data for Name: mfa_factors; Type: TABLE DATA; Schema: auth; Owner: supabase_auth_admin
--



--
-- Data for Name: mfa_challenges; Type: TABLE DATA; Schema: auth; Owner: supabase_auth_admin
--



--
-- Data for Name: one_time_tokens; Type: TABLE DATA; Schema: auth; Owner: supabase_auth_admin
--



--
-- Data for Name: refresh_tokens; Type: TABLE DATA; Schema: auth; Owner: supabase_auth_admin
--

INSERT INTO "auth"."refresh_tokens" ("instance_id", "id", "token", "user_id", "revoked", "created_at", "updated_at", "parent", "session_id") VALUES
	('00000000-0000-0000-0000-000000000000', 543, 'vichtd6l44uy', '2474659f-003e-4faa-8c53-9969c33f20b2', true, '2025-08-13 15:53:32.018857+00', '2025-08-13 18:57:50.393976+00', 'mdukholqezs5', 'f9a7b06e-688d-41f5-87f8-98ae8411c60d'),
	('00000000-0000-0000-0000-000000000000', 605, 'rxt3t7kicnzt', '2474659f-003e-4faa-8c53-9969c33f20b2', true, '2025-08-18 03:15:46.397158+00', '2025-08-18 04:53:40.219969+00', 'h5qntoayoyao', 'f9a7b06e-688d-41f5-87f8-98ae8411c60d'),
	('00000000-0000-0000-0000-000000000000', 545, 'ynn7kmoguaiq', '2474659f-003e-4faa-8c53-9969c33f20b2', true, '2025-08-13 19:56:25.462355+00', '2025-08-13 20:55:16.802481+00', 'g7jyu2q5kend', 'f9a7b06e-688d-41f5-87f8-98ae8411c60d'),
	('00000000-0000-0000-0000-000000000000', 547, 'h76qepnplvkx', '2474659f-003e-4faa-8c53-9969c33f20b2', true, '2025-08-13 21:54:16.826749+00', '2025-08-13 22:53:16.779412+00', 'lcbckax7ilup', 'f9a7b06e-688d-41f5-87f8-98ae8411c60d'),
	('00000000-0000-0000-0000-000000000000', 607, 'ro4ovwjmcjjn', '2474659f-003e-4faa-8c53-9969c33f20b2', true, '2025-08-18 11:32:42.634187+00', '2025-08-18 12:58:26.22603+00', 'hnpcaisywg23', 'f9a7b06e-688d-41f5-87f8-98ae8411c60d'),
	('00000000-0000-0000-0000-000000000000', 549, 'ege6czicjrf4', '2474659f-003e-4faa-8c53-9969c33f20b2', true, '2025-08-14 00:04:44.909275+00', '2025-08-14 01:03:17.052474+00', 'j3zdigli5hq4', 'f9a7b06e-688d-41f5-87f8-98ae8411c60d'),
	('00000000-0000-0000-0000-000000000000', 551, 'remyfojlboen', '2474659f-003e-4faa-8c53-9969c33f20b2', true, '2025-08-14 12:30:36.227486+00', '2025-08-14 13:58:07.854371+00', 'oe7d3ptzt7eo', 'f9a7b06e-688d-41f5-87f8-98ae8411c60d'),
	('00000000-0000-0000-0000-000000000000', 609, 'kt3n32yc76mh', '2474659f-003e-4faa-8c53-9969c33f20b2', true, '2025-08-18 13:57:26.332461+00', '2025-08-18 14:56:15.814821+00', 'he5twicenlzz', 'f9a7b06e-688d-41f5-87f8-98ae8411c60d'),
	('00000000-0000-0000-0000-000000000000', 553, 'jxsp7t7q3lwi', '2474659f-003e-4faa-8c53-9969c33f20b2', true, '2025-08-14 15:16:06.518015+00', '2025-08-14 16:15:12.655367+00', 'ogpm6eqv5fm4', 'f9a7b06e-688d-41f5-87f8-98ae8411c60d'),
	('00000000-0000-0000-0000-000000000000', 555, 'g4bartevc4yu', '2474659f-003e-4faa-8c53-9969c33f20b2', true, '2025-08-14 17:13:53.668375+00', '2025-08-14 18:13:08.8784+00', 'upksfscsrycx', 'f9a7b06e-688d-41f5-87f8-98ae8411c60d'),
	('00000000-0000-0000-0000-000000000000', 611, 'j6dulua2e25d', '2474659f-003e-4faa-8c53-9969c33f20b2', true, '2025-08-18 15:55:26.49886+00', '2025-08-18 16:54:02.315833+00', 'lcuxk3rndwgi', 'f9a7b06e-688d-41f5-87f8-98ae8411c60d'),
	('00000000-0000-0000-0000-000000000000', 557, '2xfa3rxbrskw', '2474659f-003e-4faa-8c53-9969c33f20b2', true, '2025-08-14 19:12:12.658409+00', '2025-08-14 20:10:48.956247+00', '2ernmsfhehpz', 'f9a7b06e-688d-41f5-87f8-98ae8411c60d'),
	('00000000-0000-0000-0000-000000000000', 559, 'bxaumpwe3va7', '2474659f-003e-4faa-8c53-9969c33f20b2', true, '2025-08-14 21:09:23.8052+00', '2025-08-14 22:08:12.763143+00', 'ogsjwtr7gadg', 'f9a7b06e-688d-41f5-87f8-98ae8411c60d'),
	('00000000-0000-0000-0000-000000000000', 613, 'lniplnz525b5', '2474659f-003e-4faa-8c53-9969c33f20b2', true, '2025-08-18 17:53:26.675986+00', '2025-08-18 18:52:26.927397+00', 'wqzrh2d7vft6', 'f9a7b06e-688d-41f5-87f8-98ae8411c60d'),
	('00000000-0000-0000-0000-000000000000', 561, 'eatjaadoiq4x', '2474659f-003e-4faa-8c53-9969c33f20b2', true, '2025-08-14 23:06:44.841696+00', '2025-08-15 00:06:12.896952+00', 'dgibarteat4k', 'f9a7b06e-688d-41f5-87f8-98ae8411c60d'),
	('00000000-0000-0000-0000-000000000000', 563, '2btp4vjbyptw', '2474659f-003e-4faa-8c53-9969c33f20b2', true, '2025-08-15 01:04:42.857006+00', '2025-08-15 02:03:12.969231+00', 'zka6osr3tgmc', 'f9a7b06e-688d-41f5-87f8-98ae8411c60d'),
	('00000000-0000-0000-0000-000000000000', 615, 'lvikf3kmfylx', '2474659f-003e-4faa-8c53-9969c33f20b2', true, '2025-08-18 19:51:12.428782+00', '2025-08-18 20:50:26.627885+00', 'cw3yl6o7beyx', 'f9a7b06e-688d-41f5-87f8-98ae8411c60d'),
	('00000000-0000-0000-0000-000000000000', 565, 'a2cmtsrjfyrx', '2474659f-003e-4faa-8c53-9969c33f20b2', true, '2025-08-15 04:01:08.154986+00', '2025-08-15 05:00:12.933746+00', 'fy7mot76t55v', 'f9a7b06e-688d-41f5-87f8-98ae8411c60d'),
	('00000000-0000-0000-0000-000000000000', 567, 'cv5lqsxdkvk7', '2474659f-003e-4faa-8c53-9969c33f20b2', true, '2025-08-15 05:58:45.929683+00', '2025-08-15 06:58:08.952204+00', 'ldrqth7ryl6o', 'f9a7b06e-688d-41f5-87f8-98ae8411c60d'),
	('00000000-0000-0000-0000-000000000000', 617, 'r6osghydk3cw', '2474659f-003e-4faa-8c53-9969c33f20b2', true, '2025-08-18 21:49:26.599879+00', '2025-08-18 22:48:05.938706+00', 'jrn25ogko47m', 'f9a7b06e-688d-41f5-87f8-98ae8411c60d'),
	('00000000-0000-0000-0000-000000000000', 569, 'nyazlrnhai65', '2474659f-003e-4faa-8c53-9969c33f20b2', true, '2025-08-15 07:56:59.007802+00', '2025-08-15 08:56:13.045439+00', 'dfljuv2yby5c', 'f9a7b06e-688d-41f5-87f8-98ae8411c60d'),
	('00000000-0000-0000-0000-000000000000', 571, 'zv5i2sy747vv', '2474659f-003e-4faa-8c53-9969c33f20b2', true, '2025-08-15 13:34:16.716052+00', '2025-08-15 14:33:30.609464+00', '3s4z2g443mo6', 'f9a7b06e-688d-41f5-87f8-98ae8411c60d'),
	('00000000-0000-0000-0000-000000000000', 619, 'skhmbvixbxoz', '2474659f-003e-4faa-8c53-9969c33f20b2', true, '2025-08-18 23:55:41.608399+00', '2025-08-19 00:54:19.469395+00', 'go6hoorhe2qz', 'f9a7b06e-688d-41f5-87f8-98ae8411c60d'),
	('00000000-0000-0000-0000-000000000000', 573, 'zryez4z3iacl', '2474659f-003e-4faa-8c53-9969c33f20b2', true, '2025-08-15 15:32:06.708239+00', '2025-08-15 16:30:26.56374+00', 'opld7jpd3jv7', 'f9a7b06e-688d-41f5-87f8-98ae8411c60d'),
	('00000000-0000-0000-0000-000000000000', 578, 'awvmsjhqxonh', '2474659f-003e-4faa-8c53-9969c33f20b2', true, '2025-08-15 20:23:51.771347+00', '2025-08-15 22:01:53.778001+00', '5cjnduz32qhu', 'f9a7b06e-688d-41f5-87f8-98ae8411c60d'),
	('00000000-0000-0000-0000-000000000000', 621, '36yk2tpqixh6', '2474659f-003e-4faa-8c53-9969c33f20b2', true, '2025-08-19 02:22:01.510083+00', '2025-08-19 03:20:37.618988+00', 'cm7blqcuszpa', 'f9a7b06e-688d-41f5-87f8-98ae8411c60d'),
	('00000000-0000-0000-0000-000000000000', 580, 'fjdui4u6rmrp', '2474659f-003e-4faa-8c53-9969c33f20b2', true, '2025-08-15 23:00:31.055044+00', '2025-08-15 23:59:16.352938+00', 'f2kz4wpymkte', 'f9a7b06e-688d-41f5-87f8-98ae8411c60d'),
	('00000000-0000-0000-0000-000000000000', 583, 'suw4vptt2mnh', '2474659f-003e-4faa-8c53-9969c33f20b2', true, '2025-08-16 01:55:51.882766+00', '2025-08-16 12:43:04.72007+00', '5cm3xvaorcot', 'f9a7b06e-688d-41f5-87f8-98ae8411c60d'),
	('00000000-0000-0000-0000-000000000000', 624, 'uktjlpg2rl6l', '2474659f-003e-4faa-8c53-9969c33f20b2', true, '2025-08-19 12:09:54.146898+00', '2025-08-19 13:08:12.771056+00', 'g5xcsoiw4cq2', 'f9a7b06e-688d-41f5-87f8-98ae8411c60d'),
	('00000000-0000-0000-0000-000000000000', 585, 'fkhtk6lllt6s', '2474659f-003e-4faa-8c53-9969c33f20b2', true, '2025-08-16 13:42:25.579127+00', '2025-08-16 17:05:03.373824+00', '27rlpqdpepeq', 'f9a7b06e-688d-41f5-87f8-98ae8411c60d'),
	('00000000-0000-0000-0000-000000000000', 587, '2qe4mszz7ui4', '2474659f-003e-4faa-8c53-9969c33f20b2', true, '2025-08-16 18:03:58.761498+00', '2025-08-16 23:53:30.364954+00', 'rd7gbrjwkcwv', 'f9a7b06e-688d-41f5-87f8-98ae8411c60d'),
	('00000000-0000-0000-0000-000000000000', 626, 'eovklndwweer', '2474659f-003e-4faa-8c53-9969c33f20b2', true, '2025-08-19 14:07:22.647935+00', '2025-08-19 15:06:18.94074+00', 'jidzqzm6w2ei', 'f9a7b06e-688d-41f5-87f8-98ae8411c60d'),
	('00000000-0000-0000-0000-000000000000', 589, 'l4ak3ec4lrdj', '2474659f-003e-4faa-8c53-9969c33f20b2', true, '2025-08-17 00:52:11.723524+00', '2025-08-17 01:51:01.712436+00', '4mvqdoik6j5t', 'f9a7b06e-688d-41f5-87f8-98ae8411c60d'),
	('00000000-0000-0000-0000-000000000000', 591, 'ceriijxho3qf', '2474659f-003e-4faa-8c53-9969c33f20b2', true, '2025-08-17 04:10:02.777486+00', '2025-08-17 05:09:25.781132+00', 't3iwithlnbkr', 'f9a7b06e-688d-41f5-87f8-98ae8411c60d'),
	('00000000-0000-0000-0000-000000000000', 628, 'l4z3zwemgkdz', '2474659f-003e-4faa-8c53-9969c33f20b2', true, '2025-08-19 16:05:08.961735+00', '2025-08-19 17:03:43.966232+00', 'nwxby2ytcqlm', 'f9a7b06e-688d-41f5-87f8-98ae8411c60d'),
	('00000000-0000-0000-0000-000000000000', 593, 'qvehajzmyrji', '2474659f-003e-4faa-8c53-9969c33f20b2', true, '2025-08-17 06:08:25.818138+00', '2025-08-17 07:07:25.888477+00', '2etjnij6ais6', 'f9a7b06e-688d-41f5-87f8-98ae8411c60d'),
	('00000000-0000-0000-0000-000000000000', 595, 'x2m4jttbysc2', '2474659f-003e-4faa-8c53-9969c33f20b2', true, '2025-08-17 08:06:25.880433+00', '2025-08-17 09:05:25.947345+00', 'h4njtatwvoia', 'f9a7b06e-688d-41f5-87f8-98ae8411c60d'),
	('00000000-0000-0000-0000-000000000000', 629, 'yrghrhaa6m72', '2474659f-003e-4faa-8c53-9969c33f20b2', true, '2025-08-19 17:03:43.985685+00', '2025-08-19 20:08:14.878081+00', 'l4z3zwemgkdz', 'f9a7b06e-688d-41f5-87f8-98ae8411c60d'),
	('00000000-0000-0000-0000-000000000000', 597, 'bo4mxmofycwy', '2474659f-003e-4faa-8c53-9969c33f20b2', true, '2025-08-17 10:04:25.890862+00', '2025-08-17 11:03:26.007221+00', 'gtbg2vutfjfr', 'f9a7b06e-688d-41f5-87f8-98ae8411c60d'),
	('00000000-0000-0000-0000-000000000000', 599, 'agjwamgrw3fm', '2474659f-003e-4faa-8c53-9969c33f20b2', true, '2025-08-17 16:12:26.656387+00', '2025-08-17 19:55:10.910221+00', 'cpwoszm5hzpl', 'f9a7b06e-688d-41f5-87f8-98ae8411c60d'),
	('00000000-0000-0000-0000-000000000000', 630, 'ushffztnaoib', '2474659f-003e-4faa-8c53-9969c33f20b2', true, '2025-08-19 20:08:14.907407+00', '2025-08-19 21:07:14.758203+00', 'yrghrhaa6m72', 'f9a7b06e-688d-41f5-87f8-98ae8411c60d'),
	('00000000-0000-0000-0000-000000000000', 601, 'al24v4msjnar', '2474659f-003e-4faa-8c53-9969c33f20b2', true, '2025-08-17 20:54:22.224504+00', '2025-08-17 21:53:25.933402+00', 'ykftsiricx5p', 'f9a7b06e-688d-41f5-87f8-98ae8411c60d'),
	('00000000-0000-0000-0000-000000000000', 603, 'aihrhfh477zj', '2474659f-003e-4faa-8c53-9969c33f20b2', true, '2025-08-17 23:28:59.596382+00', '2025-08-18 00:28:21.925661+00', 'jjkkwqnr6em5', 'f9a7b06e-688d-41f5-87f8-98ae8411c60d'),
	('00000000-0000-0000-0000-000000000000', 631, '7wccwa42gitk', '2474659f-003e-4faa-8c53-9969c33f20b2', true, '2025-08-19 21:07:14.780652+00', '2025-08-19 22:06:04.635431+00', 'ushffztnaoib', 'f9a7b06e-688d-41f5-87f8-98ae8411c60d'),
	('00000000-0000-0000-0000-000000000000', 632, '566wcbbnakqv', '2474659f-003e-4faa-8c53-9969c33f20b2', true, '2025-08-19 22:06:04.668055+00', '2025-08-20 01:26:05.239673+00', '7wccwa42gitk', 'f9a7b06e-688d-41f5-87f8-98ae8411c60d'),
	('00000000-0000-0000-0000-000000000000', 633, 'fvormddm4rsy', '2474659f-003e-4faa-8c53-9969c33f20b2', true, '2025-08-20 01:26:05.26544+00', '2025-08-20 02:24:42.012738+00', '566wcbbnakqv', 'f9a7b06e-688d-41f5-87f8-98ae8411c60d'),
	('00000000-0000-0000-0000-000000000000', 634, 'joaa5hzetye4', '2474659f-003e-4faa-8c53-9969c33f20b2', true, '2025-08-20 02:24:42.038115+00', '2025-08-20 03:23:18.813376+00', 'fvormddm4rsy', 'f9a7b06e-688d-41f5-87f8-98ae8411c60d'),
	('00000000-0000-0000-0000-000000000000', 635, 'wnmvqjhkupyo', '2474659f-003e-4faa-8c53-9969c33f20b2', true, '2025-08-20 03:23:18.842691+00', '2025-08-20 04:22:14.872692+00', 'joaa5hzetye4', 'f9a7b06e-688d-41f5-87f8-98ae8411c60d'),
	('00000000-0000-0000-0000-000000000000', 636, 'p3ljbntdmh7r', '2474659f-003e-4faa-8c53-9969c33f20b2', true, '2025-08-20 04:22:14.88997+00', '2025-08-20 05:21:18.570675+00', 'wnmvqjhkupyo', 'f9a7b06e-688d-41f5-87f8-98ae8411c60d'),
	('00000000-0000-0000-0000-000000000000', 637, 'hy3q7lfp7o2u', '2474659f-003e-4faa-8c53-9969c33f20b2', true, '2025-08-20 05:21:18.579596+00', '2025-08-20 15:07:22.104176+00', 'p3ljbntdmh7r', 'f9a7b06e-688d-41f5-87f8-98ae8411c60d'),
	('00000000-0000-0000-0000-000000000000', 542, 'mdukholqezs5', '2474659f-003e-4faa-8c53-9969c33f20b2', true, '2025-08-13 14:54:57.266184+00', '2025-08-13 15:53:31.998089+00', NULL, 'f9a7b06e-688d-41f5-87f8-98ae8411c60d'),
	('00000000-0000-0000-0000-000000000000', 604, 'h5qntoayoyao', '2474659f-003e-4faa-8c53-9969c33f20b2', true, '2025-08-18 00:28:21.94141+00', '2025-08-18 03:15:46.37336+00', 'aihrhfh477zj', 'f9a7b06e-688d-41f5-87f8-98ae8411c60d'),
	('00000000-0000-0000-0000-000000000000', 544, 'g7jyu2q5kend', '2474659f-003e-4faa-8c53-9969c33f20b2', true, '2025-08-13 18:57:50.417148+00', '2025-08-13 19:56:25.442746+00', 'vichtd6l44uy', 'f9a7b06e-688d-41f5-87f8-98ae8411c60d'),
	('00000000-0000-0000-0000-000000000000', 679, 'j2ohqdkx6bf4', '2474659f-003e-4faa-8c53-9969c33f20b2', true, '2025-08-22 07:19:45.638154+00', '2025-08-22 08:19:13.688419+00', 'xb6ke4zjovgo', 'f9a7b06e-688d-41f5-87f8-98ae8411c60d'),
	('00000000-0000-0000-0000-000000000000', 546, 'lcbckax7ilup', '2474659f-003e-4faa-8c53-9969c33f20b2', true, '2025-08-13 20:55:16.822156+00', '2025-08-13 21:54:16.810113+00', 'ynn7kmoguaiq', 'f9a7b06e-688d-41f5-87f8-98ae8411c60d'),
	('00000000-0000-0000-0000-000000000000', 606, 'hnpcaisywg23', '2474659f-003e-4faa-8c53-9969c33f20b2', true, '2025-08-18 04:53:40.240655+00', '2025-08-18 11:32:42.615635+00', 'rxt3t7kicnzt', 'f9a7b06e-688d-41f5-87f8-98ae8411c60d'),
	('00000000-0000-0000-0000-000000000000', 548, 'j3zdigli5hq4', '2474659f-003e-4faa-8c53-9969c33f20b2', true, '2025-08-13 22:53:16.792821+00', '2025-08-14 00:04:44.88674+00', 'h76qepnplvkx', 'f9a7b06e-688d-41f5-87f8-98ae8411c60d'),
	('00000000-0000-0000-0000-000000000000', 550, 'oe7d3ptzt7eo', '2474659f-003e-4faa-8c53-9969c33f20b2', true, '2025-08-14 01:03:17.064555+00', '2025-08-14 12:30:36.204693+00', 'ege6czicjrf4', 'f9a7b06e-688d-41f5-87f8-98ae8411c60d'),
	('00000000-0000-0000-0000-000000000000', 608, 'he5twicenlzz', '2474659f-003e-4faa-8c53-9969c33f20b2', true, '2025-08-18 12:58:26.243598+00', '2025-08-18 13:57:26.314434+00', 'ro4ovwjmcjjn', 'f9a7b06e-688d-41f5-87f8-98ae8411c60d'),
	('00000000-0000-0000-0000-000000000000', 552, 'ogpm6eqv5fm4', '2474659f-003e-4faa-8c53-9969c33f20b2', true, '2025-08-14 13:58:07.876394+00', '2025-08-14 15:16:06.499296+00', 'remyfojlboen', 'f9a7b06e-688d-41f5-87f8-98ae8411c60d'),
	('00000000-0000-0000-0000-000000000000', 554, 'upksfscsrycx', '2474659f-003e-4faa-8c53-9969c33f20b2', true, '2025-08-14 16:15:12.679462+00', '2025-08-14 17:13:53.650086+00', 'jxsp7t7q3lwi', 'f9a7b06e-688d-41f5-87f8-98ae8411c60d'),
	('00000000-0000-0000-0000-000000000000', 610, 'lcuxk3rndwgi', '2474659f-003e-4faa-8c53-9969c33f20b2', true, '2025-08-18 14:56:15.832636+00', '2025-08-18 15:55:26.472652+00', 'kt3n32yc76mh', 'f9a7b06e-688d-41f5-87f8-98ae8411c60d'),
	('00000000-0000-0000-0000-000000000000', 556, '2ernmsfhehpz', '2474659f-003e-4faa-8c53-9969c33f20b2', true, '2025-08-14 18:13:08.900011+00', '2025-08-14 19:12:12.640398+00', 'g4bartevc4yu', 'f9a7b06e-688d-41f5-87f8-98ae8411c60d'),
	('00000000-0000-0000-0000-000000000000', 558, 'ogsjwtr7gadg', '2474659f-003e-4faa-8c53-9969c33f20b2', true, '2025-08-14 20:10:48.975474+00', '2025-08-14 21:09:23.780914+00', '2xfa3rxbrskw', 'f9a7b06e-688d-41f5-87f8-98ae8411c60d'),
	('00000000-0000-0000-0000-000000000000', 612, 'wqzrh2d7vft6', '2474659f-003e-4faa-8c53-9969c33f20b2', true, '2025-08-18 16:54:02.341336+00', '2025-08-18 17:53:26.660245+00', 'j6dulua2e25d', 'f9a7b06e-688d-41f5-87f8-98ae8411c60d'),
	('00000000-0000-0000-0000-000000000000', 560, 'dgibarteat4k', '2474659f-003e-4faa-8c53-9969c33f20b2', true, '2025-08-14 22:08:12.777088+00', '2025-08-14 23:06:44.82815+00', 'bxaumpwe3va7', 'f9a7b06e-688d-41f5-87f8-98ae8411c60d'),
	('00000000-0000-0000-0000-000000000000', 562, 'zka6osr3tgmc', '2474659f-003e-4faa-8c53-9969c33f20b2', true, '2025-08-15 00:06:12.913599+00', '2025-08-15 01:04:42.844022+00', 'eatjaadoiq4x', 'f9a7b06e-688d-41f5-87f8-98ae8411c60d'),
	('00000000-0000-0000-0000-000000000000', 614, 'cw3yl6o7beyx', '2474659f-003e-4faa-8c53-9969c33f20b2', true, '2025-08-18 18:52:26.967261+00', '2025-08-18 19:51:12.403955+00', 'lniplnz525b5', 'f9a7b06e-688d-41f5-87f8-98ae8411c60d'),
	('00000000-0000-0000-0000-000000000000', 564, 'fy7mot76t55v', '2474659f-003e-4faa-8c53-9969c33f20b2', true, '2025-08-15 02:03:12.983885+00', '2025-08-15 04:01:08.128179+00', '2btp4vjbyptw', 'f9a7b06e-688d-41f5-87f8-98ae8411c60d'),
	('00000000-0000-0000-0000-000000000000', 566, 'ldrqth7ryl6o', '2474659f-003e-4faa-8c53-9969c33f20b2', true, '2025-08-15 05:00:12.945105+00', '2025-08-15 05:58:45.908235+00', 'a2cmtsrjfyrx', 'f9a7b06e-688d-41f5-87f8-98ae8411c60d'),
	('00000000-0000-0000-0000-000000000000', 616, 'jrn25ogko47m', '2474659f-003e-4faa-8c53-9969c33f20b2', true, '2025-08-18 20:50:26.648477+00', '2025-08-18 21:49:26.570607+00', 'lvikf3kmfylx', 'f9a7b06e-688d-41f5-87f8-98ae8411c60d'),
	('00000000-0000-0000-0000-000000000000', 568, 'dfljuv2yby5c', '2474659f-003e-4faa-8c53-9969c33f20b2', true, '2025-08-15 06:58:08.976699+00', '2025-08-15 07:56:58.98915+00', 'cv5lqsxdkvk7', 'f9a7b06e-688d-41f5-87f8-98ae8411c60d'),
	('00000000-0000-0000-0000-000000000000', 570, '3s4z2g443mo6', '2474659f-003e-4faa-8c53-9969c33f20b2', true, '2025-08-15 08:56:13.06612+00', '2025-08-15 13:34:16.697748+00', 'nyazlrnhai65', 'f9a7b06e-688d-41f5-87f8-98ae8411c60d'),
	('00000000-0000-0000-0000-000000000000', 618, 'go6hoorhe2qz', '2474659f-003e-4faa-8c53-9969c33f20b2', true, '2025-08-18 22:48:05.968939+00', '2025-08-18 23:55:41.587279+00', 'r6osghydk3cw', 'f9a7b06e-688d-41f5-87f8-98ae8411c60d'),
	('00000000-0000-0000-0000-000000000000', 449, 'ewgvn5mztaux', '2474659f-003e-4faa-8c53-9969c33f20b2', true, '2025-07-31 02:41:22.424701+00', '2025-07-31 05:09:51.051505+00', NULL, '6ec08223-0e0b-4c33-8444-0ad71e053edf'),
	('00000000-0000-0000-0000-000000000000', 572, 'opld7jpd3jv7', '2474659f-003e-4faa-8c53-9969c33f20b2', true, '2025-08-15 14:33:30.623848+00', '2025-08-15 15:32:06.692813+00', 'zv5i2sy747vv', 'f9a7b06e-688d-41f5-87f8-98ae8411c60d'),
	('00000000-0000-0000-0000-000000000000', 451, '7awx4oey5dba', '2474659f-003e-4faa-8c53-9969c33f20b2', true, '2025-07-31 05:09:51.052505+00', '2025-07-31 06:21:56.008795+00', 'ewgvn5mztaux', '6ec08223-0e0b-4c33-8444-0ad71e053edf'),
	('00000000-0000-0000-0000-000000000000', 574, 'btj4dlajmpdy', '2474659f-003e-4faa-8c53-9969c33f20b2', true, '2025-08-15 16:30:26.59177+00', '2025-08-15 17:28:31.227381+00', 'zryez4z3iacl', 'f9a7b06e-688d-41f5-87f8-98ae8411c60d'),
	('00000000-0000-0000-0000-000000000000', 620, 'cm7blqcuszpa', '2474659f-003e-4faa-8c53-9969c33f20b2', true, '2025-08-19 00:54:19.485317+00', '2025-08-19 02:22:01.490764+00', 'skhmbvixbxoz', 'f9a7b06e-688d-41f5-87f8-98ae8411c60d'),
	('00000000-0000-0000-0000-000000000000', 452, '4yofdymrmt4c', '2474659f-003e-4faa-8c53-9969c33f20b2', true, '2025-07-31 06:21:56.029044+00', '2025-07-31 08:04:28.675167+00', '7awx4oey5dba', '6ec08223-0e0b-4c33-8444-0ad71e053edf'),
	('00000000-0000-0000-0000-000000000000', 454, 'ls7i4iu3ulwu', '2474659f-003e-4faa-8c53-9969c33f20b2', false, '2025-07-31 08:04:28.684339+00', '2025-07-31 08:04:28.684339+00', '4yofdymrmt4c', '6ec08223-0e0b-4c33-8444-0ad71e053edf'),
	('00000000-0000-0000-0000-000000000000', 575, 'gps2sdscceji', '2474659f-003e-4faa-8c53-9969c33f20b2', true, '2025-08-15 17:28:31.246063+00', '2025-08-15 18:27:01.315147+00', 'btj4dlajmpdy', 'f9a7b06e-688d-41f5-87f8-98ae8411c60d'),
	('00000000-0000-0000-0000-000000000000', 576, 'ejyi4tefapbk', '2474659f-003e-4faa-8c53-9969c33f20b2', true, '2025-08-15 18:27:01.335994+00', '2025-08-15 19:25:07.266265+00', 'gps2sdscceji', 'f9a7b06e-688d-41f5-87f8-98ae8411c60d'),
	('00000000-0000-0000-0000-000000000000', 622, 'nzk5h6mmafrx', '2474659f-003e-4faa-8c53-9969c33f20b2', true, '2025-08-19 03:20:37.662204+00', '2025-08-19 04:19:12.576658+00', '36yk2tpqixh6', 'f9a7b06e-688d-41f5-87f8-98ae8411c60d'),
	('00000000-0000-0000-0000-000000000000', 577, '5cjnduz32qhu', '2474659f-003e-4faa-8c53-9969c33f20b2', true, '2025-08-15 19:25:07.288063+00', '2025-08-15 20:23:51.761734+00', 'ejyi4tefapbk', 'f9a7b06e-688d-41f5-87f8-98ae8411c60d'),
	('00000000-0000-0000-0000-000000000000', 579, 'f2kz4wpymkte', '2474659f-003e-4faa-8c53-9969c33f20b2', true, '2025-08-15 22:01:53.801715+00', '2025-08-15 23:00:31.037022+00', 'awvmsjhqxonh', 'f9a7b06e-688d-41f5-87f8-98ae8411c60d'),
	('00000000-0000-0000-0000-000000000000', 623, 'g5xcsoiw4cq2', '2474659f-003e-4faa-8c53-9969c33f20b2', true, '2025-08-19 04:19:12.598378+00', '2025-08-19 12:09:54.129021+00', 'nzk5h6mmafrx', 'f9a7b06e-688d-41f5-87f8-98ae8411c60d'),
	('00000000-0000-0000-0000-000000000000', 581, 'jn53rfskar6b', '2474659f-003e-4faa-8c53-9969c33f20b2', true, '2025-08-15 23:59:16.38248+00', '2025-08-16 00:57:27.292769+00', 'fjdui4u6rmrp', 'f9a7b06e-688d-41f5-87f8-98ae8411c60d'),
	('00000000-0000-0000-0000-000000000000', 582, '5cm3xvaorcot', '2474659f-003e-4faa-8c53-9969c33f20b2', true, '2025-08-16 00:57:27.31596+00', '2025-08-16 01:55:51.848614+00', 'jn53rfskar6b', 'f9a7b06e-688d-41f5-87f8-98ae8411c60d'),
	('00000000-0000-0000-0000-000000000000', 625, 'jidzqzm6w2ei', '2474659f-003e-4faa-8c53-9969c33f20b2', true, '2025-08-19 13:08:12.799535+00', '2025-08-19 14:07:22.632424+00', 'uktjlpg2rl6l', 'f9a7b06e-688d-41f5-87f8-98ae8411c60d'),
	('00000000-0000-0000-0000-000000000000', 584, '27rlpqdpepeq', '2474659f-003e-4faa-8c53-9969c33f20b2', true, '2025-08-16 12:43:04.741097+00', '2025-08-16 13:42:25.567914+00', 'suw4vptt2mnh', 'f9a7b06e-688d-41f5-87f8-98ae8411c60d'),
	('00000000-0000-0000-0000-000000000000', 586, 'rd7gbrjwkcwv', '2474659f-003e-4faa-8c53-9969c33f20b2', true, '2025-08-16 17:05:03.397023+00', '2025-08-16 18:03:58.743664+00', 'fkhtk6lllt6s', 'f9a7b06e-688d-41f5-87f8-98ae8411c60d'),
	('00000000-0000-0000-0000-000000000000', 627, 'nwxby2ytcqlm', '2474659f-003e-4faa-8c53-9969c33f20b2', true, '2025-08-19 15:06:18.969152+00', '2025-08-19 16:05:08.937977+00', 'eovklndwweer', 'f9a7b06e-688d-41f5-87f8-98ae8411c60d'),
	('00000000-0000-0000-0000-000000000000', 588, '4mvqdoik6j5t', '2474659f-003e-4faa-8c53-9969c33f20b2', true, '2025-08-16 23:53:30.38939+00', '2025-08-17 00:52:11.712711+00', '2qe4mszz7ui4', 'f9a7b06e-688d-41f5-87f8-98ae8411c60d'),
	('00000000-0000-0000-0000-000000000000', 590, 't3iwithlnbkr', '2474659f-003e-4faa-8c53-9969c33f20b2', true, '2025-08-17 01:51:01.73501+00', '2025-08-17 04:10:02.747839+00', 'l4ak3ec4lrdj', 'f9a7b06e-688d-41f5-87f8-98ae8411c60d'),
	('00000000-0000-0000-0000-000000000000', 592, '2etjnij6ais6', '2474659f-003e-4faa-8c53-9969c33f20b2', true, '2025-08-17 05:09:25.801722+00', '2025-08-17 06:08:25.802245+00', 'ceriijxho3qf', 'f9a7b06e-688d-41f5-87f8-98ae8411c60d'),
	('00000000-0000-0000-0000-000000000000', 594, 'h4njtatwvoia', '2474659f-003e-4faa-8c53-9969c33f20b2', true, '2025-08-17 07:07:25.911051+00', '2025-08-17 08:06:25.853725+00', 'qvehajzmyrji', 'f9a7b06e-688d-41f5-87f8-98ae8411c60d'),
	('00000000-0000-0000-0000-000000000000', 596, 'gtbg2vutfjfr', '2474659f-003e-4faa-8c53-9969c33f20b2', true, '2025-08-17 09:05:25.961154+00', '2025-08-17 10:04:25.869008+00', 'x2m4jttbysc2', 'f9a7b06e-688d-41f5-87f8-98ae8411c60d'),
	('00000000-0000-0000-0000-000000000000', 598, 'cpwoszm5hzpl', '2474659f-003e-4faa-8c53-9969c33f20b2', true, '2025-08-17 11:03:26.022617+00', '2025-08-17 16:12:26.632197+00', 'bo4mxmofycwy', 'f9a7b06e-688d-41f5-87f8-98ae8411c60d'),
	('00000000-0000-0000-0000-000000000000', 600, 'ykftsiricx5p', '2474659f-003e-4faa-8c53-9969c33f20b2', true, '2025-08-17 19:55:10.937876+00', '2025-08-17 20:54:22.207337+00', 'agjwamgrw3fm', 'f9a7b06e-688d-41f5-87f8-98ae8411c60d'),
	('00000000-0000-0000-0000-000000000000', 602, 'jjkkwqnr6em5', '2474659f-003e-4faa-8c53-9969c33f20b2', true, '2025-08-17 21:53:25.947286+00', '2025-08-17 23:28:59.566368+00', 'al24v4msjnar', 'f9a7b06e-688d-41f5-87f8-98ae8411c60d'),
	('00000000-0000-0000-0000-000000000000', 678, 'xb6ke4zjovgo', '2474659f-003e-4faa-8c53-9969c33f20b2', true, '2025-08-22 06:21:13.900696+00', '2025-08-22 07:19:45.622355+00', '6m6i4ye67lhk', 'f9a7b06e-688d-41f5-87f8-98ae8411c60d'),
	('00000000-0000-0000-0000-000000000000', 638, 'grj3mjaok6iw', '2474659f-003e-4faa-8c53-9969c33f20b2', true, '2025-08-20 15:07:22.134042+00', '2025-08-20 16:05:42.316732+00', 'hy3q7lfp7o2u', 'f9a7b06e-688d-41f5-87f8-98ae8411c60d'),
	('00000000-0000-0000-0000-000000000000', 639, '4evyatwsodlf', '2474659f-003e-4faa-8c53-9969c33f20b2', true, '2025-08-20 16:05:42.325875+00', '2025-08-20 17:04:18.687453+00', 'grj3mjaok6iw', 'f9a7b06e-688d-41f5-87f8-98ae8411c60d'),
	('00000000-0000-0000-0000-000000000000', 680, 'de2axag2kj3p', '2474659f-003e-4faa-8c53-9969c33f20b2', true, '2025-08-22 08:19:13.713152+00', '2025-08-22 09:18:13.70211+00', 'j2ohqdkx6bf4', 'f9a7b06e-688d-41f5-87f8-98ae8411c60d'),
	('00000000-0000-0000-0000-000000000000', 640, 'hz6oovps5wzz', '2474659f-003e-4faa-8c53-9969c33f20b2', true, '2025-08-20 17:04:18.708526+00', '2025-08-20 18:03:18.757579+00', '4evyatwsodlf', 'f9a7b06e-688d-41f5-87f8-98ae8411c60d'),
	('00000000-0000-0000-0000-000000000000', 681, 'bxxahzpmibiq', '2474659f-003e-4faa-8c53-9969c33f20b2', true, '2025-08-22 09:18:13.726272+00', '2025-08-22 10:17:13.753858+00', 'de2axag2kj3p', 'f9a7b06e-688d-41f5-87f8-98ae8411c60d'),
	('00000000-0000-0000-0000-000000000000', 641, 'lc3b5w5hccoe', '2474659f-003e-4faa-8c53-9969c33f20b2', true, '2025-08-20 18:03:18.771827+00', '2025-08-20 19:02:18.91464+00', 'hz6oovps5wzz', 'f9a7b06e-688d-41f5-87f8-98ae8411c60d'),
	('00000000-0000-0000-0000-000000000000', 642, 'xw45ypwlamhd', '2474659f-003e-4faa-8c53-9969c33f20b2', true, '2025-08-20 19:02:18.930847+00', '2025-08-20 20:01:18.721479+00', 'lc3b5w5hccoe', 'f9a7b06e-688d-41f5-87f8-98ae8411c60d'),
	('00000000-0000-0000-0000-000000000000', 682, 'kerz6zfsmwjc', '2474659f-003e-4faa-8c53-9969c33f20b2', true, '2025-08-22 10:17:13.780104+00', '2025-08-22 11:16:13.755792+00', 'bxxahzpmibiq', 'f9a7b06e-688d-41f5-87f8-98ae8411c60d'),
	('00000000-0000-0000-0000-000000000000', 643, 'h6nfjkbq2wzn', '2474659f-003e-4faa-8c53-9969c33f20b2', true, '2025-08-20 20:01:18.75651+00', '2025-08-20 21:06:06.009734+00', 'xw45ypwlamhd', 'f9a7b06e-688d-41f5-87f8-98ae8411c60d'),
	('00000000-0000-0000-0000-000000000000', 683, 'qtvhudanjyjc', '2474659f-003e-4faa-8c53-9969c33f20b2', true, '2025-08-22 11:16:13.773754+00', '2025-08-22 18:51:14.625511+00', 'kerz6zfsmwjc', 'f9a7b06e-688d-41f5-87f8-98ae8411c60d'),
	('00000000-0000-0000-0000-000000000000', 644, 'x4zwe2nca7zw', '2474659f-003e-4faa-8c53-9969c33f20b2', true, '2025-08-20 21:06:06.022364+00', '2025-08-20 22:04:43.085573+00', 'h6nfjkbq2wzn', 'f9a7b06e-688d-41f5-87f8-98ae8411c60d'),
	('00000000-0000-0000-0000-000000000000', 645, 'ogya44p2fmjf', '2474659f-003e-4faa-8c53-9969c33f20b2', true, '2025-08-20 22:04:43.112968+00', '2025-08-20 23:04:03.195427+00', 'x4zwe2nca7zw', 'f9a7b06e-688d-41f5-87f8-98ae8411c60d'),
	('00000000-0000-0000-0000-000000000000', 684, 'vtbtzkxavgvo', '2474659f-003e-4faa-8c53-9969c33f20b2', true, '2025-08-22 18:51:14.66193+00', '2025-08-22 19:49:50.912952+00', 'qtvhudanjyjc', 'f9a7b06e-688d-41f5-87f8-98ae8411c60d'),
	('00000000-0000-0000-0000-000000000000', 646, '65n7pttxhtw7', '2474659f-003e-4faa-8c53-9969c33f20b2', true, '2025-08-20 23:04:03.219741+00', '2025-08-21 00:02:30.053121+00', 'ogya44p2fmjf', 'f9a7b06e-688d-41f5-87f8-98ae8411c60d'),
	('00000000-0000-0000-0000-000000000000', 647, '4jd4l2lsz7fb', '2474659f-003e-4faa-8c53-9969c33f20b2', true, '2025-08-21 00:02:30.067286+00', '2025-08-21 01:01:03.131131+00', '65n7pttxhtw7', 'f9a7b06e-688d-41f5-87f8-98ae8411c60d'),
	('00000000-0000-0000-0000-000000000000', 685, 'qf4dmqi3ursa', '2474659f-003e-4faa-8c53-9969c33f20b2', true, '2025-08-22 19:49:50.924295+00', '2025-08-22 21:38:05.261912+00', 'vtbtzkxavgvo', 'f9a7b06e-688d-41f5-87f8-98ae8411c60d'),
	('00000000-0000-0000-0000-000000000000', 648, 'kofli7mzhemq', '2474659f-003e-4faa-8c53-9969c33f20b2', true, '2025-08-21 01:01:03.161383+00', '2025-08-21 01:59:06.024454+00', '4jd4l2lsz7fb', 'f9a7b06e-688d-41f5-87f8-98ae8411c60d'),
	('00000000-0000-0000-0000-000000000000', 686, 'xctjasgurdas', '2474659f-003e-4faa-8c53-9969c33f20b2', false, '2025-08-22 21:38:05.271442+00', '2025-08-22 21:38:05.271442+00', 'qf4dmqi3ursa', 'f9a7b06e-688d-41f5-87f8-98ae8411c60d'),
	('00000000-0000-0000-0000-000000000000', 649, 'pmtoillt4ghd', '2474659f-003e-4faa-8c53-9969c33f20b2', true, '2025-08-21 01:59:06.054017+00', '2025-08-21 02:57:26.135594+00', 'kofli7mzhemq', 'f9a7b06e-688d-41f5-87f8-98ae8411c60d'),
	('00000000-0000-0000-0000-000000000000', 650, 'wdsbbukl2xdo', '2474659f-003e-4faa-8c53-9969c33f20b2', true, '2025-08-21 02:57:26.16038+00', '2025-08-21 03:55:26.343637+00', 'pmtoillt4ghd', 'f9a7b06e-688d-41f5-87f8-98ae8411c60d'),
	('00000000-0000-0000-0000-000000000000', 651, 'nqu2i7kflkvv', '2474659f-003e-4faa-8c53-9969c33f20b2', true, '2025-08-21 03:55:26.364002+00', '2025-08-21 04:53:49.850916+00', 'wdsbbukl2xdo', 'f9a7b06e-688d-41f5-87f8-98ae8411c60d'),
	('00000000-0000-0000-0000-000000000000', 652, '5mk3erdop3f2', '2474659f-003e-4faa-8c53-9969c33f20b2', true, '2025-08-21 04:53:49.87264+00', '2025-08-21 05:53:07.253179+00', 'nqu2i7kflkvv', 'f9a7b06e-688d-41f5-87f8-98ae8411c60d'),
	('00000000-0000-0000-0000-000000000000', 653, 'pgobrxg6xwgf', '2474659f-003e-4faa-8c53-9969c33f20b2', true, '2025-08-21 05:53:07.285547+00', '2025-08-21 06:52:07.157235+00', '5mk3erdop3f2', 'f9a7b06e-688d-41f5-87f8-98ae8411c60d'),
	('00000000-0000-0000-0000-000000000000', 654, 'nmp7fql5f65r', '2474659f-003e-4faa-8c53-9969c33f20b2', true, '2025-08-21 06:52:07.179781+00', '2025-08-21 07:51:07.35326+00', 'pgobrxg6xwgf', 'f9a7b06e-688d-41f5-87f8-98ae8411c60d'),
	('00000000-0000-0000-0000-000000000000', 655, '7skxij7wcvrz', '2474659f-003e-4faa-8c53-9969c33f20b2', true, '2025-08-21 07:51:07.384106+00', '2025-08-21 08:49:43.180566+00', 'nmp7fql5f65r', 'f9a7b06e-688d-41f5-87f8-98ae8411c60d'),
	('00000000-0000-0000-0000-000000000000', 656, 'xoekkeeinr6i', '2474659f-003e-4faa-8c53-9969c33f20b2', true, '2025-08-21 08:49:43.206607+00', '2025-08-21 09:48:18.132526+00', '7skxij7wcvrz', 'f9a7b06e-688d-41f5-87f8-98ae8411c60d'),
	('00000000-0000-0000-0000-000000000000', 657, '6hvnzpplxfqh', '2474659f-003e-4faa-8c53-9969c33f20b2', true, '2025-08-21 09:48:18.160849+00', '2025-08-21 10:47:07.174195+00', 'xoekkeeinr6i', 'f9a7b06e-688d-41f5-87f8-98ae8411c60d'),
	('00000000-0000-0000-0000-000000000000', 658, 'age5is2h7oet', '2474659f-003e-4faa-8c53-9969c33f20b2', true, '2025-08-21 10:47:07.201552+00', '2025-08-21 11:46:03.173267+00', '6hvnzpplxfqh', 'f9a7b06e-688d-41f5-87f8-98ae8411c60d'),
	('00000000-0000-0000-0000-000000000000', 659, 'yunppwsgtvst', '2474659f-003e-4faa-8c53-9969c33f20b2', true, '2025-08-21 11:46:03.197259+00', '2025-08-21 12:44:53.265789+00', 'age5is2h7oet', 'f9a7b06e-688d-41f5-87f8-98ae8411c60d'),
	('00000000-0000-0000-0000-000000000000', 660, 'rhn2vftpuguw', '2474659f-003e-4faa-8c53-9969c33f20b2', true, '2025-08-21 12:44:53.308522+00', '2025-08-21 13:44:13.675327+00', 'yunppwsgtvst', 'f9a7b06e-688d-41f5-87f8-98ae8411c60d'),
	('00000000-0000-0000-0000-000000000000', 661, 'm27mrgb5xj4f', '2474659f-003e-4faa-8c53-9969c33f20b2', true, '2025-08-21 13:44:13.704905+00', '2025-08-21 14:43:13.419669+00', 'rhn2vftpuguw', 'f9a7b06e-688d-41f5-87f8-98ae8411c60d'),
	('00000000-0000-0000-0000-000000000000', 662, 'f3l2xgafatqr', '2474659f-003e-4faa-8c53-9969c33f20b2', true, '2025-08-21 14:43:13.439115+00', '2025-08-21 15:42:13.510615+00', 'm27mrgb5xj4f', 'f9a7b06e-688d-41f5-87f8-98ae8411c60d'),
	('00000000-0000-0000-0000-000000000000', 663, 'qip2upxngxsx', '2474659f-003e-4faa-8c53-9969c33f20b2', true, '2025-08-21 15:42:13.528391+00', '2025-08-21 16:40:54.441002+00', 'f3l2xgafatqr', 'f9a7b06e-688d-41f5-87f8-98ae8411c60d'),
	('00000000-0000-0000-0000-000000000000', 664, 'buytyx4n6s5p', '2474659f-003e-4faa-8c53-9969c33f20b2', true, '2025-08-21 16:40:54.477604+00', '2025-08-21 17:40:13.433106+00', 'qip2upxngxsx', 'f9a7b06e-688d-41f5-87f8-98ae8411c60d'),
	('00000000-0000-0000-0000-000000000000', 665, 'pw5yiatyn2k5', '2474659f-003e-4faa-8c53-9969c33f20b2', true, '2025-08-21 17:40:13.469709+00', '2025-08-21 18:39:13.399519+00', 'buytyx4n6s5p', 'f9a7b06e-688d-41f5-87f8-98ae8411c60d'),
	('00000000-0000-0000-0000-000000000000', 666, '6jww5gapmdnj', '2474659f-003e-4faa-8c53-9969c33f20b2', true, '2025-08-21 18:39:13.423753+00', '2025-08-21 19:37:18.355934+00', 'pw5yiatyn2k5', 'f9a7b06e-688d-41f5-87f8-98ae8411c60d'),
	('00000000-0000-0000-0000-000000000000', 667, 'qwawgcykixoa', '2474659f-003e-4faa-8c53-9969c33f20b2', true, '2025-08-21 19:37:18.375481+00', '2025-08-21 20:36:13.465333+00', '6jww5gapmdnj', 'f9a7b06e-688d-41f5-87f8-98ae8411c60d'),
	('00000000-0000-0000-0000-000000000000', 668, '2kvae2ia7oxj', '2474659f-003e-4faa-8c53-9969c33f20b2', true, '2025-08-21 20:36:13.493288+00', '2025-08-21 21:34:26.270916+00', 'qwawgcykixoa', 'f9a7b06e-688d-41f5-87f8-98ae8411c60d'),
	('00000000-0000-0000-0000-000000000000', 669, 'd7wlf5vit3ad', '2474659f-003e-4faa-8c53-9969c33f20b2', true, '2025-08-21 21:34:26.294608+00', '2025-08-21 22:32:56.388263+00', '2kvae2ia7oxj', 'f9a7b06e-688d-41f5-87f8-98ae8411c60d'),
	('00000000-0000-0000-0000-000000000000', 670, 'c4cm6xpgvyqm', '2474659f-003e-4faa-8c53-9969c33f20b2', true, '2025-08-21 22:32:56.411212+00', '2025-08-21 23:31:26.509663+00', 'd7wlf5vit3ad', 'f9a7b06e-688d-41f5-87f8-98ae8411c60d'),
	('00000000-0000-0000-0000-000000000000', 671, '4rsxtjsrhuaq', '2474659f-003e-4faa-8c53-9969c33f20b2', true, '2025-08-21 23:31:26.536366+00', '2025-08-22 00:29:56.451762+00', 'c4cm6xpgvyqm', 'f9a7b06e-688d-41f5-87f8-98ae8411c60d'),
	('00000000-0000-0000-0000-000000000000', 672, '4ubtwckhmtj4', '2474659f-003e-4faa-8c53-9969c33f20b2', true, '2025-08-22 00:29:56.472302+00', '2025-08-22 01:29:13.49846+00', '4rsxtjsrhuaq', 'f9a7b06e-688d-41f5-87f8-98ae8411c60d'),
	('00000000-0000-0000-0000-000000000000', 673, 'u2svlf2veuym', '2474659f-003e-4faa-8c53-9969c33f20b2', true, '2025-08-22 01:29:13.516314+00', '2025-08-22 02:27:32.565605+00', '4ubtwckhmtj4', 'f9a7b06e-688d-41f5-87f8-98ae8411c60d'),
	('00000000-0000-0000-0000-000000000000', 674, '3j5khsqa27if', '2474659f-003e-4faa-8c53-9969c33f20b2', true, '2025-08-22 02:27:32.585526+00', '2025-08-22 03:25:32.60406+00', 'u2svlf2veuym', 'f9a7b06e-688d-41f5-87f8-98ae8411c60d'),
	('00000000-0000-0000-0000-000000000000', 675, 'vqgxmzq56bos', '2474659f-003e-4faa-8c53-9969c33f20b2', true, '2025-08-22 03:25:32.630677+00', '2025-08-22 04:24:09.585143+00', '3j5khsqa27if', 'f9a7b06e-688d-41f5-87f8-98ae8411c60d'),
	('00000000-0000-0000-0000-000000000000', 676, 'wl43lyneotkm', '2474659f-003e-4faa-8c53-9969c33f20b2', true, '2025-08-22 04:24:09.6047+00', '2025-08-22 05:22:37.38551+00', 'vqgxmzq56bos', 'f9a7b06e-688d-41f5-87f8-98ae8411c60d'),
	('00000000-0000-0000-0000-000000000000', 677, '6m6i4ye67lhk', '2474659f-003e-4faa-8c53-9969c33f20b2', true, '2025-08-22 05:22:37.410361+00', '2025-08-22 06:21:13.879477+00', 'wl43lyneotkm', 'f9a7b06e-688d-41f5-87f8-98ae8411c60d');


--
-- Data for Name: sso_providers; Type: TABLE DATA; Schema: auth; Owner: supabase_auth_admin
--



--
-- Data for Name: saml_providers; Type: TABLE DATA; Schema: auth; Owner: supabase_auth_admin
--



--
-- Data for Name: saml_relay_states; Type: TABLE DATA; Schema: auth; Owner: supabase_auth_admin
--



--
-- Data for Name: sso_domains; Type: TABLE DATA; Schema: auth; Owner: supabase_auth_admin
--



--
-- Data for Name: entity_types; Type: TABLE DATA; Schema: public; Owner: postgres
--

INSERT INTO "public"."entity_types" ("id", "name", "description", "created_at", "updated_at", "entity_category") VALUES
	('f21817f5-d069-404d-bda8-fef9e3485de1', 'User Profile', 'User profile photos and avatars', '2025-07-07 02:49:07.871282+00', '2025-07-07 02:49:07.871282+00', 'user'),
	('2486ee24-09a1-47f8-a66e-17c136e1d87f', 'User Album', 'User photo albums and galleries', '2025-07-07 02:49:07.871282+00', '2025-07-07 02:49:07.871282+00', 'user'),
	('4712c048-7cad-4993-b164-298571775c42', 'User Avatar', 'User avatar and profile pictures', '2025-07-07 02:49:07.871282+00', '2025-07-07 02:49:07.871282+00', 'user'),
	('bf873cdb-3753-478c-8a08-0e25c2ed100b', 'User Cover', 'User profile cover images', '2025-07-07 02:49:07.871282+00', '2025-07-07 02:49:07.871282+00', 'user'),
	('b622526d-1c37-47e3-ab48-ffd5d9a715bc', 'Publisher Logo', 'Publisher company logos and branding', '2025-07-07 02:49:07.871282+00', '2025-07-07 02:49:07.871282+00', 'publisher'),
	('cc7fa641-0a36-4e0f-b0c4-e6374bad28f1', 'Publisher Gallery', 'Publisher photo galleries and content', '2025-07-07 02:49:07.871282+00', '2025-07-07 02:49:07.871282+00', 'publisher'),
	('e6ae3c7b-373a-463e-a945-a8d9af9a22d8', 'Publisher Cover', 'Publisher cover images and banners', '2025-07-07 02:49:07.871282+00', '2025-07-07 02:49:07.871282+00', 'publisher'),
	('2861adeb-3b2a-4544-85ed-4fa691ea4e4d', 'Author Portrait', 'Author profile photos and portraits', '2025-07-07 02:49:07.871282+00', '2025-07-07 02:49:07.871282+00', 'author'),
	('0228ffac-6109-4067-8d63-7899c335cb08', 'Author Gallery', 'Author photo galleries and content', '2025-07-07 02:49:07.871282+00', '2025-07-07 02:49:07.871282+00', 'author'),
	('50d9dcae-44b7-4a42-89d0-130797161763', 'Author Cover', 'Author cover images and banners', '2025-07-07 02:49:07.871282+00', '2025-07-07 02:49:07.871282+00', 'author'),
	('777b8367-16c1-476f-bf47-86e11d55fe5f', 'Group Cover', 'Group cover images and banners', '2025-07-07 02:49:07.871282+00', '2025-07-07 02:49:07.871282+00', 'group'),
	('ddc819c1-2b0d-4c75-ab36-86772ec57ae6', 'Group Gallery', 'Group photo galleries and content', '2025-07-07 02:49:07.871282+00', '2025-07-07 02:49:07.871282+00', 'group'),
	('f09a7a34-bcbb-4bcc-a37e-4e5546564e6b', 'Group Logo', 'Group logos and branding', '2025-07-07 02:49:07.871282+00', '2025-07-07 02:49:07.871282+00', 'group'),
	('9d91008f-4f24-4501-b18a-922e2cfd6d34', 'Book Cover', 'Book cover images and artwork', '2025-07-07 02:49:07.871282+00', '2025-07-07 02:49:07.871282+00', 'book'),
	('19ffdb06-fc80-4e91-bf26-ca6837bbe28e', 'Book Gallery', 'Book photo galleries and content', '2025-07-07 02:49:07.871282+00', '2025-07-07 02:49:07.871282+00', 'book'),
	('0512d524-0f40-463d-ab13-0727facd260f', 'Book Preview', 'Book preview images and samples', '2025-07-07 02:49:07.871282+00', '2025-07-07 02:49:07.871282+00', 'book'),
	('8252e265-a1ec-4455-930a-c8cdc39cd095', 'Event Banner', 'Event promotional banners and images', '2025-07-07 02:49:07.871282+00', '2025-07-07 02:49:07.871282+00', 'event'),
	('1010c723-036b-4680-a62f-cea21c4b6c34', 'Event Gallery', 'Event photo galleries and content', '2025-07-07 02:49:07.871282+00', '2025-07-07 02:49:07.871282+00', 'event'),
	('c26b7dad-a31f-43bf-b2fd-aa759e4087fe', 'Event Logo', 'Event logos and branding', '2025-07-07 02:49:07.871282+00', '2025-07-07 02:49:07.871282+00', 'event'),
	('1f279528-5266-41ba-a6cf-c961ce2373e1', 'Event Cover', 'Event cover images and banners', '2025-07-07 02:49:07.871282+00', '2025-07-07 02:49:07.871282+00', 'event'),
	('d883d093-c891-42ae-8b65-d9e15f3e8fd0', 'Review Image', 'Review-related images and content', '2025-07-07 02:49:07.871282+00', '2025-07-07 02:49:07.871282+00', 'review'),
	('f4c33944-d22b-4256-b70a-d90472622682', 'Review Gallery', 'Review photo galleries', '2025-07-07 02:49:07.871282+00', '2025-07-07 02:49:07.871282+00', 'review'),
	('c1acc492-a93c-4d32-bf61-c624f180b9be', 'Video Thumbnail', 'Video thumbnail images', '2025-07-07 02:49:07.871282+00', '2025-07-07 02:49:07.871282+00', 'video'),
	('f4745028-1dc6-40ef-99f8-879ca75f1b32', 'Video Cover', 'Video cover images', '2025-07-07 02:49:07.871282+00', '2025-07-07 02:49:07.871282+00', 'video'),
	('cbf821e8-cd86-42b0-a296-b8333d49740d', 'Video Gallery', 'Video-related galleries', '2025-07-07 02:49:07.871282+00', '2025-07-07 02:49:07.871282+00', 'video'),
	('35783e61-f79b-4ce8-8686-db0a0fc2dc5c', 'Tag Icon', 'Tag icons and symbols', '2025-07-07 02:49:07.871282+00', '2025-07-07 02:49:07.871282+00', 'tag'),
	('b85351c4-66a0-4194-a526-0a07ae19c102', 'Tag Image', 'Tag-related images', '2025-07-07 02:49:07.871282+00', '2025-07-07 02:49:07.871282+00', 'tag'),
	('cd49e490-8b08-4376-9e4d-07a9d54320d6', 'Content Image', 'General content images and media', '2025-07-07 02:49:07.871282+00', '2025-07-07 02:49:07.871282+00', 'content'),
	('1c61913a-e4fb-47d3-a507-10416b8b1677', 'Content Cover', 'Content cover images', '2025-07-07 02:49:07.871282+00', '2025-07-07 02:49:07.871282+00', 'content'),
	('3a8ed4b9-1a94-445d-b276-6d4eb90a3fc5', 'Content Gallery', 'Content photo galleries', '2025-07-07 02:49:07.871282+00', '2025-07-07 02:49:07.871282+00', 'content'),
	('70ded568-d7fa-4978-a6f6-9a8f5862555a', 'Entity Header Cover', 'Entity header cover images', '2025-07-07 02:49:07.871282+00', '2025-07-07 02:49:07.871282+00', 'entity_header_cover'),
	('d7cb8ca8-73da-433a-9403-a17dcb107fd6', 'System Image', 'System and administrative images', '2025-07-07 02:49:07.871282+00', '2025-07-07 02:49:07.871282+00', 'system'),
	('f70c7330-e42d-441e-804a-4212472ff830', 'Temporary Image', 'Temporary and processing images', '2025-07-07 02:49:07.871282+00', '2025-07-07 02:49:07.871282+00', 'temporary'),
	('8ad193fd-c476-46c6-8159-bcf42d27a24c', 'Photo Gallery', 'General photo galleries and collections', '2025-07-29 00:34:49.681688+00', '2025-07-29 00:34:49.681688+00', 'content'),
	('843bc528-95da-404a-8d8d-aa693bd7bae4', 'Premium Content', 'Premium and monetized photo content', '2025-07-29 00:34:49.681688+00', '2025-07-29 00:34:49.681688+00', 'content'),
	('4a20e97a-8d35-45f8-bbbc-51ea4b64f6bb', 'Community Album', 'Community-driven photo albums', '2025-07-29 00:34:49.681688+00', '2025-07-29 00:34:49.681688+00', 'community');


--
-- Data for Name: roles; Type: TABLE DATA; Schema: public; Owner: postgres
--

INSERT INTO "public"."roles" ("id", "name", "created_at", "updated_at") VALUES
	('61ae42f3-cb06-4661-bf02-7f6160be7357', 'super-admin', '2025-07-03 09:08:57.268783+00', '2025-07-03 09:08:57.268783+00'),
	('df8b11d2-214b-4e42-a2c6-bb0acce95cf7', 'admin', '2025-07-03 09:08:57.268783+00', '2025-07-03 09:08:57.268783+00'),
	('9f2d9d7b-1851-41e1-bab3-cb5aded6a9a5', 'user', '2025-07-03 09:08:57.268783+00', '2025-07-03 09:08:57.268783+00');


--
-- Data for Name: users; Type: TABLE DATA; Schema: public; Owner: postgres
--

INSERT INTO "public"."users" ("id", "email", "name", "created_at", "updated_at", "role_id", "permalink", "location", "website") VALUES
	('b474d5f5-cbf2-49af-8d03-2ca4aea11081', 'drew.dixon@authorsinfo.com', 'Drew Dixon', '2025-07-03 09:08:57.268783+00', '2025-08-03 00:43:40.728+00', '9f2d9d7b-1851-41e1-bab3-cb5aded6a9a5', 'drew-dixon', NULL, NULL),
	('e06cdf85-b449-4dcb-b943-068aaad8cfa3', 'alice.anderson@authorsinfo.com', 'Alice Anderson', '2025-07-03 09:08:57.268783+00', '2025-08-03 00:49:28.294+00', '61ae42f3-cb06-4661-bf02-7f6160be7357', 'alice.anderson', NULL, NULL),
	('2474659f-003e-4faa-8c53-9969c33f20b2', 'bob.brown@authorsinfo.com', 'Bob Brown', '2025-07-03 09:08:57.268783+00', '2025-08-03 00:49:28.65+00', 'df8b11d2-214b-4e42-a2c6-bb0acce95cf7', 'bob.brown', NULL, NULL),
	('45f98998-ba1d-4439-b2ee-1d403fee0e7c', 'charlie.clark@authorsinfo.com', 'Charlie Clark', '2025-07-03 09:08:57.268783+00', '2025-08-03 00:49:28.892+00', '9f2d9d7b-1851-41e1-bab3-cb5aded6a9a5', 'charlie.clark', NULL, NULL),
	('c5b68ab4-e8bc-4291-a646-7f8ab4b99528', 'diana.davis@authorsinfo.com', 'Diana Davis', '2025-07-03 09:08:57.268783+00', '2025-08-03 00:49:29.106+00', '9f2d9d7b-1851-41e1-bab3-cb5aded6a9a5', 'diana.davis', NULL, NULL),
	('355dd8d6-7ef5-46cf-9bad-67fd863cbc88', 'eve.evans@authorsinfo.com', 'Eve Evans', '2025-07-03 09:08:57.268783+00', '2025-08-03 00:49:29.36+00', '9f2d9d7b-1851-41e1-bab3-cb5aded6a9a5', 'eve.evans', NULL, NULL),
	('62be2226-e3d4-4b10-951d-13c3972145b1', 'frank.fisher@authorsinfo.com', 'Frank Fisher', '2025-07-03 09:08:57.268783+00', '2025-08-03 00:49:29.559+00', '9f2d9d7b-1851-41e1-bab3-cb5aded6a9a5', 'frank.fisher', NULL, NULL),
	('8dd18808-4777-4877-bde1-b54b1d3ffa81', 'grace.garcia@authorsinfo.com', 'Grace Garcia', '2025-07-03 09:08:57.268783+00', '2025-08-03 00:49:29.808+00', '9f2d9d7b-1851-41e1-bab3-cb5aded6a9a5', 'grace.garcia', NULL, NULL),
	('0d1f32d3-18b4-4aa8-b858-141b139aacd8', 'henry.harris@authorsinfo.com', 'Henry Harris', '2025-07-03 09:08:57.268783+00', '2025-08-03 00:49:30.025+00', '9f2d9d7b-1851-41e1-bab3-cb5aded6a9a5', 'henry.harris', NULL, NULL),
	('e8f2a30e-de7f-40a4-9772-06fca7419908', 'ivy.ivanov@authorsinfo.com', 'Ivy Ivanov', '2025-07-03 09:08:57.268783+00', '2025-08-03 00:49:30.214+00', '9f2d9d7b-1851-41e1-bab3-cb5aded6a9a5', 'ivy.ivanov', NULL, NULL),
	('b3bd5d6b-e22a-4d61-a4a7-eee77a7063ce', 'jack.johnson@authorsinfo.com', 'Jack Johnson', '2025-07-03 09:08:57.268783+00', '2025-08-03 00:49:30.384+00', '9f2d9d7b-1851-41e1-bab3-cb5aded6a9a5', 'jack.johnson', NULL, NULL),
	('04d0c415-9de4-43dc-99fd-bcc8f980cefc', 'kate.king@authorsinfo.com', 'Kate King', '2025-07-03 09:08:57.268783+00', '2025-08-03 00:49:30.645+00', '9f2d9d7b-1851-41e1-bab3-cb5aded6a9a5', 'kate.king', NULL, NULL),
	('da99da90-51c9-46b6-9b1a-5b28603a2aa7', 'liam.lee@authorsinfo.com', 'Liam Lee', '2025-07-03 09:08:57.268783+00', '2025-08-03 00:49:30.856+00', '9f2d9d7b-1851-41e1-bab3-cb5aded6a9a5', 'liam.lee', NULL, NULL),
	('fdcbe6e9-108d-4939-b10f-77b422731a18', 'maya.miller@authorsinfo.com', 'Maya Miller', '2025-07-03 09:08:57.268783+00', '2025-08-03 00:49:31.046+00', '9f2d9d7b-1851-41e1-bab3-cb5aded6a9a5', 'maya.miller', NULL, NULL),
	('deca955d-e8c5-4c28-b190-f3ab7b382748', 'noah.nelson@authorsinfo.com', 'Noah Nelson', '2025-07-03 09:08:57.268783+00', '2025-08-03 00:49:31.288+00', '9f2d9d7b-1851-41e1-bab3-cb5aded6a9a5', 'noah.nelson', NULL, NULL),
	('97f1407e-dcab-4143-a59e-873634654503', 'olivia.o''connor@authorsinfo.com', 'Olivia O''Connor', '2025-07-03 09:08:57.268783+00', '2025-08-03 00:49:31.465+00', '9f2d9d7b-1851-41e1-bab3-cb5aded6a9a5', 'olivia.oconnor', NULL, NULL),
	('05b4dc59-ae8e-47a1-8409-936b159c2c22', 'paul.parker@authorsinfo.com', 'Paul Parker', '2025-07-03 09:08:57.268783+00', '2025-08-03 00:49:31.673+00', '9f2d9d7b-1851-41e1-bab3-cb5aded6a9a5', 'paul.parker', NULL, NULL),
	('6bea7109-b400-4124-839e-3fe6466f3ae8', 'quinn.quinn@authorsinfo.com', 'Quinn Quinn', '2025-07-03 09:08:57.268783+00', '2025-08-03 00:49:31.827+00', '9f2d9d7b-1851-41e1-bab3-cb5aded6a9a5', 'quinn.quinn', NULL, NULL),
	('5969c24a-1dd6-47ec-9e19-e22a0d5ebf40', 'ruby.roberts@authorsinfo.com', 'Ruby Roberts', '2025-07-03 09:08:57.268783+00', '2025-08-03 00:49:31.976+00', '9f2d9d7b-1851-41e1-bab3-cb5aded6a9a5', 'ruby.roberts', NULL, NULL),
	('4ca9b634-8557-427f-9b7f-1d8679b7f332', 'sam.smith@authorsinfo.com', 'Sam Smith', '2025-07-03 09:08:57.268783+00', '2025-08-03 00:49:32.125+00', '9f2d9d7b-1851-41e1-bab3-cb5aded6a9a5', 'sam.smith', NULL, NULL),
	('2f4e5e3b-9aa3-45cf-9edf-86815d76f735', 'tara.taylor@authorsinfo.com', 'Tara Taylor', '2025-07-03 09:08:57.268783+00', '2025-08-03 00:49:32.314+00', '9f2d9d7b-1851-41e1-bab3-cb5aded6a9a5', 'tara.taylor', NULL, NULL),
	('78b8de0c-9469-4b38-96bb-c97bbf3d8607', 'uma.upton@authorsinfo.com', 'Uma Upton', '2025-07-03 09:08:57.268783+00', '2025-08-03 00:49:32.477+00', '9f2d9d7b-1851-41e1-bab3-cb5aded6a9a5', 'uma.upton', NULL, NULL),
	('e81a2715-e3dd-4133-ad2a-e400a74e24ad', 'victor.vargas@authorsinfo.com', 'Victor Vargas', '2025-07-03 09:08:57.268783+00', '2025-08-03 00:49:32.624+00', '9f2d9d7b-1851-41e1-bab3-cb5aded6a9a5', 'victor.vargas', NULL, NULL),
	('c954586e-f506-48b3-ba5d-c6b0d3d561c8', 'wendy.wilson@authorsinfo.com', 'Wendy Wilson', '2025-07-03 09:08:57.268783+00', '2025-08-03 00:49:32.787+00', '9f2d9d7b-1851-41e1-bab3-cb5aded6a9a5', 'wendy.wilson', NULL, NULL),
	('fcc9099b-5297-418b-b164-adf93af0e0fa', 'xander.xavier@authorsinfo.com', 'Xander Xavier', '2025-07-03 09:08:57.268783+00', '2025-08-03 00:49:32.942+00', '9f2d9d7b-1851-41e1-bab3-cb5aded6a9a5', 'xander.xavier', NULL, NULL),
	('eb6c0fb9-6baf-4a90-870d-06d87849efa5', 'yara.young@authorsinfo.com', 'Yara Young', '2025-07-03 09:08:57.268783+00', '2025-08-03 00:49:33.105+00', '9f2d9d7b-1851-41e1-bab3-cb5aded6a9a5', 'yara.young', NULL, NULL),
	('a213628a-3e5a-4471-8b72-001ae4683c31', 'zoe.zimmerman@authorsinfo.com', 'Zoe Zimmerman', '2025-07-03 09:08:57.268783+00', '2025-08-03 00:49:33.305+00', '9f2d9d7b-1851-41e1-bab3-cb5aded6a9a5', 'zoe.zimmerman', NULL, NULL),
	('719afc5a-0063-4fa4-9d8d-f91e8bfacb47', 'alex.adams@authorsinfo.com', 'Alex Adams', '2025-07-03 09:08:57.268783+00', '2025-08-03 00:49:33.453+00', '9f2d9d7b-1851-41e1-bab3-cb5aded6a9a5', 'alex.adams', NULL, NULL),
	('dedfeba8-312b-4c56-91a9-9bf0ffe7d0c6', 'blake.baker@authorsinfo.com', 'Blake Baker', '2025-07-03 09:08:57.268783+00', '2025-08-03 00:49:33.666+00', '9f2d9d7b-1851-41e1-bab3-cb5aded6a9a5', 'blake.baker', NULL, NULL),
	('b529a24a-4840-4771-919c-baf2142f91a2', 'casey.cooper@authorsinfo.com', 'Casey Cooper', '2025-07-03 09:08:57.268783+00', '2025-08-03 00:49:33.829+00', '9f2d9d7b-1851-41e1-bab3-cb5aded6a9a5', 'casey.cooper', NULL, NULL);


--
-- Data for Name: images; Type: TABLE DATA; Schema: public; Owner: postgres
--

INSERT INTO "public"."images" ("id", "url", "alt_text", "created_at", "updated_at", "thumbnail_url", "medium_url", "large_url", "original_filename", "file_size", "width", "height", "format", "mime_type", "caption", "metadata", "storage_path", "storage_provider", "is_processed", "processing_status", "deleted_at", "entity_type_id", "description", "tags", "location", "camera_info", "edit_history", "quality_score", "content_rating", "upload_source", "ip_address", "user_agent", "download_count", "view_count", "like_count", "comment_count", "share_count", "revenue_generated", "is_monetized", "is_featured", "is_nsfw", "is_ai_generated", "copyright_status", "license_type", "watermark_applied", "uploader_id", "uploader_type") VALUES
	('69495364-9a73-4ca3-b310-41cf28c39f5e', 'https://res.cloudinary.com/dj8yugwyp/image/upload/v1755223169/authorsinfo/post_photos/nd1hbcgerogd6xpy1dse.webp', 'Post photo by User', '2025-08-15 01:59:29.641971+00', '2025-08-15 01:59:29.641971+00', NULL, NULL, NULL, 'rnfajfd8tpniemdayzen.webp', 81668, NULL, NULL, NULL, 'image/webp', NULL, '{"entity_id": "2474659f-003e-4faa-8c53-9969c33f20b2", "file_size": 81668, "entity_type": "user", "content_type": "image/webp", "original_name": "rnfajfd8tpniemdayzen.webp", "upload_timestamp": "2025-08-15T01:59:29.514Z", "cloudinary_public_id": "authorsinfo/post_photos/nd1hbcgerogd6xpy1dse"}', 'authorsinfo/post_photos', 'cloudinary', true, 'completed', NULL, NULL, NULL, NULL, NULL, NULL, NULL, 0.00, 'safe', NULL, NULL, NULL, 0, 0, 0, 0, 0, 0.00, false, false, false, false, 'original', NULL, false, '2474659f-003e-4faa-8c53-9969c33f20b2', 'user'),
	('7b164d86-ae0d-41f3-b6ab-c5d6a3f7e9ed', 'https://res.cloudinary.com/dj8yugwyp/image/upload/v1753751024/authorsinfo/user_photos/vpby2faybre9o38lqvsm.webp', 'zofoggs4jsgant1nasrk.avif', '2025-07-29 01:03:45.206076+00', '2025-07-29 01:03:45.206076+00', NULL, NULL, NULL, 'zofoggs4jsgant1nasrk.avif', 33106, NULL, NULL, NULL, 'image/avif', NULL, NULL, 'authorsinfo/user_photos', 'cloudinary', true, 'completed', NULL, NULL, NULL, NULL, NULL, NULL, NULL, 0.00, 'safe', NULL, NULL, NULL, 0, 0, 0, 0, 0, 0.00, false, false, false, false, 'original', NULL, false, NULL, NULL),
	('74e6b36a-c202-4241-a985-d67388bd88d9', 'https://res.cloudinary.com/dj8yugwyp/image/upload/v1753854511/user_album_album_a3231fc2-9374-47bb-9787-5cfa7a0c9890/q2opwdpwwa3ptxvhxmre.webp', 'album image 1 for user album a3231fc2-9374-47bb-9787-5cfa7a0c9890', '2025-07-30 05:48:32.826936+00', '2025-07-30 05:48:32.826936+00', NULL, NULL, NULL, NULL, 31276, 777, 1200, 'webp', 'image/webp', NULL, '{"cloudinary_public_id": "user_album_album_a3231fc2-9374-47bb-9787-5cfa7a0c9890/q2opwdpwwa3ptxvhxmre"}', 'user_album_album_a3231fc2-9374-47bb-9787-5cfa7a0c9890', 'cloudinary', false, NULL, NULL, NULL, NULL, NULL, NULL, NULL, NULL, 0.00, 'safe', NULL, NULL, NULL, 0, 0, 0, 0, 0, 0.00, false, false, false, false, 'original', NULL, false, NULL, NULL),
	('03332e08-3745-48e9-b133-76949e1dc7bc', 'https://res.cloudinary.com/dj8yugwyp/image/upload/v1753854513/user_album_album_a3231fc2-9374-47bb-9787-5cfa7a0c9890/szj8ygceooef62wiwuas.webp', 'album image 2 for user album a3231fc2-9374-47bb-9787-5cfa7a0c9890', '2025-07-30 05:48:34.528328+00', '2025-07-30 05:48:34.528328+00', NULL, NULL, NULL, NULL, 54614, 777, 1200, 'webp', 'image/webp', NULL, '{"cloudinary_public_id": "user_album_album_a3231fc2-9374-47bb-9787-5cfa7a0c9890/szj8ygceooef62wiwuas"}', 'user_album_album_a3231fc2-9374-47bb-9787-5cfa7a0c9890', 'cloudinary', false, NULL, NULL, NULL, NULL, NULL, NULL, NULL, NULL, 0.00, 'safe', NULL, NULL, NULL, 0, 0, 0, 0, 0, 0.00, false, false, false, false, 'original', NULL, false, NULL, NULL),
	('a6930ebe-aedc-43a3-a95a-63d388eb28d8', 'https://res.cloudinary.com/dj8yugwyp/image/upload/v1751836928/authorsinfo/user_photos/ourfrn2hhavfwt8smdev.webp', 'man-4333898_640.jpg', '2025-07-06 21:22:09.66121+00', '2025-07-06 21:22:09.66121+00', NULL, NULL, NULL, 'man-4333898_640.jpg', 96067, NULL, NULL, NULL, 'image/jpeg', NULL, NULL, 'authorsinfo/user_photos', 'cloudinary', true, 'completed', NULL, NULL, NULL, NULL, NULL, NULL, NULL, 0.00, 'safe', NULL, NULL, NULL, 0, 0, 0, 0, 0, 0.00, false, false, false, false, 'original', NULL, false, NULL, NULL),
	('85de2205-2033-435f-9d2f-e8ab265cf702', 'https://res.cloudinary.com/dj8yugwyp/image/upload/v1753975124/authorsinfo/book_entity_header_cover/jknrcvzcitkpe2tthgh7.webp', 'Entity header cover for book Touch', '2025-07-31 15:18:46.35346+00', '2025-07-31 15:18:46.35346+00', NULL, NULL, NULL, 'cropped-cover.jpg', 127239, NULL, NULL, NULL, 'image/jpeg', NULL, NULL, 'authorsinfo/book_entity_header_cover', 'cloudinary', true, 'completed', NULL, NULL, NULL, NULL, NULL, NULL, NULL, 0.00, 'safe', NULL, NULL, NULL, 0, 0, 0, 0, 0, 0.00, false, false, false, false, 'original', NULL, false, NULL, NULL),
	('468af887-d111-4258-9a23-d37eedcc667d', 'https://res.cloudinary.com/dj8yugwyp/image/upload/v1755130424/authorsinfo/post_photos/r6bn6ixodrttxm5lb4q6.webp', 'Post photo by User', '2025-08-14 00:13:45.695144+00', '2025-08-14 00:13:45.695144+00', NULL, NULL, NULL, '275604581_3279942738900588_160135012164989122_n.jpg', 73628, NULL, NULL, NULL, 'image/jpeg', NULL, '{"entity_id": "e06cdf85-b449-4dcb-b943-068aaad8cfa3", "file_size": 73628, "entity_type": "user", "content_type": "image/jpeg", "original_name": "275604581_3279942738900588_160135012164989122_n.jpg", "upload_timestamp": "2025-08-14T00:13:45.265Z", "cloudinary_public_id": "authorsinfo/post_photos/r6bn6ixodrttxm5lb4q6"}', 'authorsinfo/post_photos', 'cloudinary', true, 'completed', NULL, NULL, NULL, NULL, NULL, NULL, NULL, 0.00, 'safe', NULL, NULL, NULL, 0, 0, 0, 0, 0, 0.00, false, false, false, false, 'original', NULL, false, '2474659f-003e-4faa-8c53-9969c33f20b2', 'user'),
	('9dbf224d-4f49-4193-a54a-0202f409d8f1', 'https://res.cloudinary.com/dj8yugwyp/image/upload/v1755199748/authorsinfo/post_photos/uuqgqw9l461tzxkibp0r.webp', 'Post photo by User', '2025-08-14 19:29:09.643808+00', '2025-08-14 19:29:09.643808+00', NULL, NULL, NULL, 'wuckmc2rhxvl7l0qypfj.webp', 51874, NULL, NULL, NULL, 'image/webp', NULL, '{"entity_id": "2474659f-003e-4faa-8c53-9969c33f20b2", "file_size": 51874, "entity_type": "user", "content_type": "image/webp", "original_name": "wuckmc2rhxvl7l0qypfj.webp", "upload_timestamp": "2025-08-14T19:29:09.624Z", "cloudinary_public_id": "authorsinfo/post_photos/uuqgqw9l461tzxkibp0r"}', 'authorsinfo/post_photos', 'cloudinary', true, 'completed', NULL, NULL, NULL, NULL, NULL, NULL, NULL, 0.00, 'safe', NULL, NULL, NULL, 0, 0, 0, 0, 0, 0.00, false, false, false, false, 'original', NULL, false, '2474659f-003e-4faa-8c53-9969c33f20b2', 'user'),
	('f8940eb8-4709-40c4-8f26-257146b85ae8', 'https://res.cloudinary.com/dj8yugwyp/image/upload/v1755199754/authorsinfo/post_photos/y6yrs43og7cxgebedkve.webp', 'Post photo by User', '2025-08-14 19:29:15.056074+00', '2025-08-14 19:29:15.056074+00', NULL, NULL, NULL, 'zofoggs4jsgant1nasrk.avif', 33106, NULL, NULL, NULL, 'image/avif', NULL, '{"entity_id": "2474659f-003e-4faa-8c53-9969c33f20b2", "file_size": 33106, "entity_type": "user", "content_type": "image/avif", "original_name": "zofoggs4jsgant1nasrk.avif", "upload_timestamp": "2025-08-14T19:29:15.150Z", "cloudinary_public_id": "authorsinfo/post_photos/y6yrs43og7cxgebedkve"}', 'authorsinfo/post_photos', 'cloudinary', true, 'completed', NULL, NULL, NULL, NULL, NULL, NULL, NULL, 0.00, 'safe', NULL, NULL, NULL, 0, 0, 0, 0, 0, 0.00, false, false, false, false, 'original', NULL, false, '2474659f-003e-4faa-8c53-9969c33f20b2', 'user'),
	('cd492fe6-0948-4eb0-9aec-b42c8be269e8', 'https://res.cloudinary.com/dj8yugwyp/image/upload/v1755213256/authorsinfo/post_photos/iutgkrd7iskf6lgjgdfv.webp', 'Post photo by User', '2025-08-14 23:14:17.139583+00', '2025-08-14 23:14:17.139583+00', NULL, NULL, NULL, 'rnfajfd8tpniemdayzen.webp', 81668, NULL, NULL, NULL, 'image/webp', NULL, '{"entity_id": "2474659f-003e-4faa-8c53-9969c33f20b2", "file_size": 81668, "entity_type": "user", "content_type": "image/webp", "original_name": "rnfajfd8tpniemdayzen.webp", "upload_timestamp": "2025-08-14T23:14:17.055Z", "cloudinary_public_id": "authorsinfo/post_photos/iutgkrd7iskf6lgjgdfv"}', 'authorsinfo/post_photos', 'cloudinary', true, 'completed', NULL, NULL, NULL, NULL, NULL, NULL, NULL, 0.00, 'safe', NULL, NULL, NULL, 0, 0, 0, 0, 0, 0.00, false, false, false, false, 'original', NULL, false, '2474659f-003e-4faa-8c53-9969c33f20b2', 'user'),
	('a5907541-be2e-4b23-8423-0b9a953b6feb', 'https://res.cloudinary.com/dj8yugwyp/image/upload/v1755213310/authorsinfo/post_photos/agxaljgpur0sh1aubmcb.webp', 'Post photo by User', '2025-08-14 23:15:11.491654+00', '2025-08-14 23:15:11.491654+00', NULL, NULL, NULL, '275604581_3279942738900588_160135012164989122_n.jpg', 73628, NULL, NULL, NULL, 'image/jpeg', NULL, '{"entity_id": "2474659f-003e-4faa-8c53-9969c33f20b2", "file_size": 73628, "entity_type": "user", "content_type": "image/jpeg", "original_name": "275604581_3279942738900588_160135012164989122_n.jpg", "upload_timestamp": "2025-08-14T23:15:11.380Z", "cloudinary_public_id": "authorsinfo/post_photos/agxaljgpur0sh1aubmcb"}', 'authorsinfo/post_photos', 'cloudinary', true, 'completed', NULL, NULL, NULL, NULL, NULL, NULL, NULL, 0.00, 'safe', NULL, NULL, NULL, 0, 0, 0, 0, 0, 0.00, false, false, false, false, 'original', NULL, false, '2474659f-003e-4faa-8c53-9969c33f20b2', 'user'),
	('210f9939-ae18-4bcc-8e98-d4d019768fb1', 'https://res.cloudinary.com/dj8yugwyp/image/upload/v1755654877/authorsinfo/book_entity_header_cover/rdtzttzs9fhfg83mp4xc.webp', 'Entity header cover for book Touch', '2025-08-20 01:54:39.64022+00', '2025-08-20 01:54:39.64022+00', NULL, NULL, NULL, 'cropped-cover.jpg', 128380, NULL, NULL, NULL, 'image/jpeg', NULL, NULL, 'authorsinfo/book_entity_header_cover', 'cloudinary', true, 'completed', NULL, NULL, NULL, NULL, NULL, NULL, NULL, 0.00, 'safe', NULL, NULL, NULL, 0, 0, 0, 0, 0, 0.00, false, false, false, false, 'original', NULL, false, NULL, 'user'),
	('67f452c8-497c-40c1-90f3-fcccf01acdcd', 'https://res.cloudinary.com/dj8yugwyp/image/upload/v1755221121/authorsinfo/post_photos/k28uy9fnrglftemeaml5.webp', 'Post photo by User', '2025-08-15 01:25:22.685489+00', '2025-08-15 01:25:22.685489+00', NULL, NULL, NULL, 'Backup-Site-Restoration-Script-v-9-2-5-07-17-2025_11_24_AM.png', 208550, NULL, NULL, NULL, 'image/png', NULL, '{"entity_id": "2474659f-003e-4faa-8c53-9969c33f20b2", "file_size": 208550, "entity_type": "user", "content_type": "image/png", "original_name": "Backup-Site-Restoration-Script-v-9-2-5-07-17-2025_11_24_AM.png", "upload_timestamp": "2025-08-15T01:25:22.655Z", "cloudinary_public_id": "authorsinfo/post_photos/k28uy9fnrglftemeaml5"}', 'authorsinfo/post_photos', 'cloudinary', true, 'completed', NULL, NULL, NULL, NULL, NULL, NULL, NULL, 0.00, 'safe', NULL, NULL, NULL, 0, 0, 0, 0, 0, 0.00, false, false, false, false, 'original', NULL, false, '2474659f-003e-4faa-8c53-9969c33f20b2', 'user'),
	('6d01c41f-1f92-47bc-84f5-5ee1ca67029c', 'https://res.cloudinary.com/dj8yugwyp/image/upload/v1755662191/authorsinfo/book_entity_header_cover/t6y3t9eq7icj6bdqbe9v.webp', 'Entity header cover for book Touch', '2025-08-20 03:56:33.025609+00', '2025-08-20 03:56:33.025609+00', NULL, NULL, NULL, 'cropped-cover.jpg', 83582, NULL, NULL, NULL, 'image/jpeg', NULL, NULL, 'authorsinfo/book_entity_header_cover', 'cloudinary', true, 'completed', NULL, NULL, NULL, NULL, NULL, NULL, NULL, 0.00, 'safe', NULL, NULL, NULL, 0, 0, 0, 0, 0, 0.00, false, false, false, false, 'original', NULL, false, NULL, 'user'),
	('34d8a83d-6f49-46e5-8691-42a75429539d', 'https://res.cloudinary.com/dj8yugwyp/image/upload/v1751922073/authorsinfo/book_entity_header_cover/nhkuwm8fucu37zx4uh3l.webp', 'Entity header cover for book AMANTE TENTADORA (Spanish Edition)', '2025-07-07 21:01:15.065606+00', '2025-07-07 21:01:15.065606+00', NULL, NULL, NULL, 'cropped-cover.jpg', 127453, NULL, NULL, NULL, 'image/jpeg', NULL, NULL, 'authorsinfo/book_entity_header_cover', 'cloudinary', true, 'completed', NULL, NULL, NULL, NULL, NULL, NULL, NULL, 0.00, 'safe', NULL, NULL, NULL, 0, 0, 0, 0, 0, 0.00, false, false, false, false, 'original', NULL, false, NULL, NULL),
	('57fbc74f-1371-4481-bd60-a647b84793e8', 'https://res.cloudinary.com/dj8yugwyp/image/upload/v1752390795/authorsinfo/bookcovers/amosackeg6n5rnftp7ab.webp', 'High Rollers', '2025-07-13 07:13:15.648404+00', '2025-07-13 07:13:15.648404+00', NULL, NULL, NULL, NULL, NULL, NULL, NULL, NULL, NULL, NULL, '{"entity_id": null, "entity_type": "book"}', NULL, 'supabase', false, NULL, NULL, '9d91008f-4f24-4501-b18a-922e2cfd6d34', NULL, NULL, NULL, NULL, NULL, 0.00, 'safe', NULL, NULL, NULL, 0, 0, 0, 0, 0, 0.00, false, false, false, false, 'original', NULL, false, NULL, NULL),
	('22e97769-c2df-4220-bed8-e9261ace71a6', 'https://res.cloudinary.com/dj8yugwyp/image/upload/v1751934325/authorsinfo/book_entity_header_cover/cpa9jjsshxwm7xzz8h3m.webp', 'Entity header cover for book Start with Amen: How I Learned to Surrender by Keeping the End in Mind', '2025-07-08 00:25:26.626261+00', '2025-07-08 00:25:26.626261+00', NULL, NULL, NULL, 'cropped-cover.jpg', 66229, NULL, NULL, NULL, 'image/jpeg', NULL, NULL, 'authorsinfo/book_entity_header_cover', 'cloudinary', true, 'completed', NULL, NULL, NULL, NULL, NULL, NULL, NULL, 0.00, 'safe', NULL, NULL, NULL, 0, 0, 0, 0, 0, 0.00, false, false, false, false, 'original', NULL, false, NULL, NULL),
	('107a9e86-6578-4bb7-98f5-9c1a8d944b3c', 'https://res.cloudinary.com/dj8yugwyp/image/upload/v1752390799/authorsinfo/bookcovers/j70n2byiegc3kqmpcvbk.webp', 'Jaded', '2025-07-13 07:13:20.252136+00', '2025-07-13 07:13:20.252136+00', NULL, NULL, NULL, NULL, NULL, NULL, NULL, NULL, NULL, NULL, '{"entity_id": null, "entity_type": "book"}', NULL, 'supabase', false, NULL, NULL, '9d91008f-4f24-4501-b18a-922e2cfd6d34', NULL, NULL, NULL, NULL, NULL, 0.00, 'safe', NULL, NULL, NULL, 0, 0, 0, 0, 0, 0.00, false, false, false, false, 'original', NULL, false, NULL, NULL),
	('a981cacd-a652-4c6f-96cd-37b0571f3b04', 'https://res.cloudinary.com/dj8yugwyp/image/upload/v1752390979/authorsinfo/book_entity_header_cover/sagxz6dhi1meutxr4wiu.webp', 'Entity header cover for book Touch', '2025-07-13 07:16:20.900151+00', '2025-07-13 07:16:20.900151+00', NULL, NULL, NULL, 'cropped-cover.jpg', 127253, NULL, NULL, NULL, 'image/jpeg', NULL, NULL, 'authorsinfo/book_entity_header_cover', 'cloudinary', true, 'completed', NULL, NULL, NULL, NULL, NULL, NULL, NULL, 0.00, 'safe', NULL, NULL, NULL, 0, 0, 0, 0, 0, 0.00, false, false, false, false, 'original', NULL, false, NULL, NULL),
	('53e282d0-8c0d-4f74-9d3b-f21fb692552e', 'https://res.cloudinary.com/dj8yugwyp/image/upload/v1755131813/authorsinfo/post_photos/l7k1g4q33y2b6lniawu3.webp', 'Post photo by User', '2025-08-14 00:36:54.700071+00', '2025-08-14 00:36:54.700071+00', NULL, NULL, NULL, '275604581_3279942738900588_160135012164989122_n.jpg', 73628, NULL, NULL, NULL, 'image/jpeg', NULL, '{"entity_id": "2474659f-003e-4faa-8c53-9969c33f20b2", "file_size": 73628, "entity_type": "user", "content_type": "image/jpeg", "original_name": "275604581_3279942738900588_160135012164989122_n.jpg", "upload_timestamp": "2025-08-14T00:36:54.267Z", "cloudinary_public_id": "authorsinfo/post_photos/l7k1g4q33y2b6lniawu3"}', 'authorsinfo/post_photos', 'cloudinary', true, 'completed', NULL, NULL, NULL, NULL, NULL, NULL, NULL, 0.00, 'safe', NULL, NULL, NULL, 0, 0, 0, 0, 0, 0.00, false, false, false, false, 'original', NULL, false, '2474659f-003e-4faa-8c53-9969c33f20b2', 'user'),
	('dd3f484d-fd7b-405b-afbe-8014232c5882', 'https://res.cloudinary.com/dj8yugwyp/image/upload/v1755199750/authorsinfo/post_photos/a3vj0rnmvu06fauvuzvv.webp', 'Post photo by User', '2025-08-14 19:29:10.727461+00', '2025-08-14 19:29:10.727461+00', NULL, NULL, NULL, 'tsyp6ahmfl5m0eq1p25y.webp', 88800, NULL, NULL, NULL, 'image/webp', NULL, '{"entity_id": "2474659f-003e-4faa-8c53-9969c33f20b2", "file_size": 88800, "entity_type": "user", "content_type": "image/webp", "original_name": "tsyp6ahmfl5m0eq1p25y.webp", "upload_timestamp": "2025-08-14T19:29:10.781Z", "cloudinary_public_id": "authorsinfo/post_photos/a3vj0rnmvu06fauvuzvv"}', 'authorsinfo/post_photos', 'cloudinary', true, 'completed', NULL, NULL, NULL, NULL, NULL, NULL, NULL, 0.00, 'safe', NULL, NULL, NULL, 0, 0, 0, 0, 0, 0.00, false, false, false, false, 'original', NULL, false, '2474659f-003e-4faa-8c53-9969c33f20b2', 'user'),
	('085e140f-48bc-4072-8b8d-dd4a1285f2b1', 'https://res.cloudinary.com/dj8yugwyp/image/upload/v1755199755/authorsinfo/post_photos/sa7rotorrez627lfvvss.webp', 'Post photo by User', '2025-08-14 19:29:16.834465+00', '2025-08-14 19:29:16.834465+00', NULL, NULL, NULL, 'Backup-Site-Restoration-Script-v-9-2-5-07-17-2025_11_24_AM.png', 208550, NULL, NULL, NULL, 'image/png', NULL, '{"entity_id": "2474659f-003e-4faa-8c53-9969c33f20b2", "file_size": 208550, "entity_type": "user", "content_type": "image/png", "original_name": "Backup-Site-Restoration-Script-v-9-2-5-07-17-2025_11_24_AM.png", "upload_timestamp": "2025-08-14T19:29:16.927Z", "cloudinary_public_id": "authorsinfo/post_photos/sa7rotorrez627lfvvss"}', 'authorsinfo/post_photos', 'cloudinary', true, 'completed', NULL, NULL, NULL, NULL, NULL, NULL, NULL, 0.00, 'safe', NULL, NULL, NULL, 0, 0, 0, 0, 0, 0.00, false, false, false, false, 'original', NULL, false, '2474659f-003e-4faa-8c53-9969c33f20b2', 'user'),
	('3486759e-ec74-44e4-8e38-47923b234545', 'https://res.cloudinary.com/dj8yugwyp/image/upload/v1755654973/authorsinfo/book_entity_header_cover/ijbn1db3oblg2wcily0y.webp', 'Entity header cover for book Touch', '2025-08-20 01:56:14.285683+00', '2025-08-20 01:56:14.285683+00', NULL, NULL, NULL, 'cropped-cover.jpg', 127084, NULL, NULL, NULL, 'image/jpeg', NULL, NULL, 'authorsinfo/book_entity_header_cover', 'cloudinary', true, 'completed', NULL, NULL, NULL, NULL, NULL, NULL, NULL, 0.00, 'safe', NULL, NULL, NULL, 0, 0, 0, 0, 0, 0.00, false, false, false, false, 'original', NULL, false, NULL, 'user'),
	('06c876e3-78d4-40bf-b9ce-105f57354e6e', 'https://res.cloudinary.com/dj8yugwyp/image/upload/v1755663258/authorsinfo/book_entity_header_cover/tfaw7irffk5q1fau7mug.webp', 'Entity header cover for book Touch', '2025-08-20 04:14:19.934767+00', '2025-08-20 04:14:19.934767+00', NULL, NULL, NULL, 'cropped-cover.jpg', 117056, NULL, NULL, NULL, 'image/jpeg', NULL, NULL, 'authorsinfo/book_entity_header_cover', 'cloudinary', true, 'completed', NULL, NULL, NULL, NULL, NULL, NULL, NULL, 0.00, 'safe', NULL, NULL, NULL, 0, 0, 0, 0, 0, 0.00, false, false, false, false, 'original', NULL, false, NULL, 'user'),
	('4d456319-e51a-424e-9a55-57f309a49cc5', 'https://res.cloudinary.com/dj8yugwyp/image/upload/v1755664554/authorsinfo/book_entity_header_cover/giupzfmtzwh9blkx0eah.webp', 'Entity header cover for book Touch', '2025-08-20 04:35:55.464017+00', '2025-08-20 04:35:55.464017+00', NULL, NULL, NULL, 'cropped-cover.jpg', 127793, NULL, NULL, NULL, 'image/jpeg', NULL, NULL, 'authorsinfo/book_entity_header_cover', 'cloudinary', true, 'completed', NULL, NULL, NULL, NULL, NULL, NULL, NULL, 0.00, 'safe', NULL, NULL, NULL, 0, 0, 0, 0, 0, 0.00, false, false, false, false, 'original', NULL, false, NULL, 'user'),
	('30efc3b4-32e0-4259-86db-8c64d75f30ad', 'https://res.cloudinary.com/dj8yugwyp/image/upload/v1755665435/authorsinfo/book_entity_header_cover/tzlrlzfemf3f4gssif7d.webp', 'Entity header cover for book Touch', '2025-08-20 04:50:36.897529+00', '2025-08-20 04:50:36.897529+00', NULL, NULL, NULL, 'cropped-cover.jpg', 73486, NULL, NULL, NULL, 'image/jpeg', NULL, NULL, 'authorsinfo/book_entity_header_cover', 'cloudinary', true, 'completed', NULL, NULL, NULL, NULL, NULL, NULL, NULL, 0.00, 'safe', NULL, NULL, NULL, 0, 0, 0, 0, 0, 0.00, false, false, false, false, 'original', NULL, false, NULL, 'user'),
	('6180fc3f-2fc6-473a-9b4c-04768fe57037', 'https://res.cloudinary.com/dj8yugwyp/image/upload/v1755666061/authorsinfo/book_entity_header_cover/nlqg7jjewiwgppd0ee0z.webp', 'Entity header cover for book Touch', '2025-08-20 05:01:02.73766+00', '2025-08-20 05:01:02.73766+00', NULL, NULL, NULL, 'cropped-cover.jpg', 110501, NULL, NULL, NULL, 'image/jpeg', NULL, NULL, 'authorsinfo/book_entity_header_cover', 'cloudinary', true, 'completed', NULL, NULL, NULL, NULL, NULL, NULL, NULL, 0.00, 'safe', NULL, NULL, NULL, 0, 0, 0, 0, 0, 0.00, false, false, false, false, 'original', NULL, false, NULL, 'user'),
	('f3bcda8d-409e-4041-9a1a-262bd46842d7', 'https://res.cloudinary.com/dj8yugwyp/image/upload/v1755668280/authorsinfo/book_entity_header_cover/yrppbamy1fzftuocsmzh.webp', 'Entity header cover for book Touch', '2025-08-20 05:38:02.12017+00', '2025-08-20 05:38:02.12017+00', NULL, NULL, NULL, 'cropped-cover.jpg', 92847, NULL, NULL, NULL, 'image/jpeg', NULL, NULL, 'authorsinfo/book_entity_header_cover', 'cloudinary', true, 'completed', NULL, NULL, NULL, NULL, NULL, NULL, NULL, 0.00, 'safe', NULL, NULL, NULL, 0, 0, 0, 0, 0, 0.00, false, false, false, false, 'original', NULL, false, NULL, 'user'),
	('f36df17b-2b8a-487d-b15b-4f0df8e359c9', 'https://res.cloudinary.com/dj8yugwyp/image/upload/v1755668537/authorsinfo/book_entity_header_cover/auu5tnvsltmobvj9jqyt.webp', 'Entity header cover for book Touch', '2025-08-20 05:42:19.638528+00', '2025-08-20 05:42:19.638528+00', NULL, NULL, NULL, 'cropped-cover.jpg', 113618, NULL, NULL, NULL, 'image/jpeg', NULL, NULL, 'authorsinfo/book_entity_header_cover', 'cloudinary', true, 'completed', NULL, NULL, NULL, NULL, NULL, NULL, NULL, 0.00, 'safe', NULL, NULL, NULL, 0, 0, 0, 0, 0, 0.00, false, false, false, false, 'original', NULL, false, NULL, 'user'),
	('307d916c-e573-40d0-ade1-91772787ce57', 'https://res.cloudinary.com/dj8yugwyp/image/upload/v1755668884/authorsinfo/book_entity_header_cover/hwl1z0gv5e6bwtjg3eti.webp', 'Entity header cover for book Touch', '2025-08-20 05:48:06.878527+00', '2025-08-20 05:48:06.878527+00', NULL, NULL, NULL, 'cropped-cover.jpg', 101649, NULL, NULL, NULL, 'image/jpeg', NULL, NULL, 'authorsinfo/book_entity_header_cover', 'cloudinary', true, 'completed', NULL, NULL, NULL, NULL, NULL, NULL, NULL, 0.00, 'safe', NULL, NULL, NULL, 0, 0, 0, 0, 0, 0.00, false, false, false, false, 'original', NULL, false, NULL, 'user'),
	('3ed1019b-3cc4-47bd-804d-d88f8b078a86', 'https://res.cloudinary.com/dj8yugwyp/image/upload/v1755702904/authorsinfo/book_entity_header_cover/syxpx8powfvtjquo3gox.webp', 'Entity header cover for book Jaded', '2025-08-20 15:15:05.678551+00', '2025-08-20 15:15:05.678551+00', NULL, NULL, NULL, 'cropped-cover.jpg', 120945, NULL, NULL, NULL, 'image/jpeg', NULL, NULL, 'authorsinfo/book_entity_header_cover', 'cloudinary', true, 'completed', NULL, NULL, NULL, NULL, NULL, NULL, NULL, 0.00, 'safe', NULL, NULL, NULL, 0, 0, 0, 0, 0, 0.00, false, false, false, false, 'original', NULL, false, NULL, 'user'),
	('08ec9fcc-cf52-4ccc-9470-49cb10c4ef69', 'https://res.cloudinary.com/dj8yugwyp/image/upload/v1755703303/authorsinfo/book_entity_header_cover/c77sopsgd5msvss9kgub.webp', 'Entity header cover for book Jaded', '2025-08-20 15:21:44.568615+00', '2025-08-20 15:21:44.568615+00', NULL, NULL, NULL, 'cropped-cover.jpg', 123395, NULL, NULL, NULL, 'image/jpeg', NULL, NULL, 'authorsinfo/book_entity_header_cover', 'cloudinary', true, 'completed', NULL, NULL, NULL, NULL, NULL, NULL, NULL, 0.00, 'safe', NULL, NULL, NULL, 0, 0, 0, 0, 0, 0.00, false, false, false, false, 'original', NULL, false, NULL, 'user'),
	('935af901-1d25-44d5-95bb-c924941f16c2', 'https://res.cloudinary.com/dj8yugwyp/image/upload/v1751934362/authorsinfo/book_entity_header_avatar/ygwwcdcotylmwk7nr6px.webp', 'Entity header avatar for book Start with Amen: How I Learned to Surrender by Keeping the End in Mind', '2025-07-08 00:26:03.62454+00', '2025-07-08 00:26:03.62454+00', NULL, NULL, NULL, 'cropped-avatar.jpg', 37575, NULL, NULL, NULL, 'image/jpeg', NULL, NULL, 'authorsinfo/book_entity_header_avatar', 'cloudinary', true, 'completed', NULL, NULL, NULL, NULL, NULL, NULL, NULL, 0.00, 'safe', NULL, NULL, NULL, 0, 0, 0, 0, 0, 0.00, false, false, false, false, 'original', NULL, false, NULL, NULL),
	('bfe506c2-2b40-42e7-9abf-c640ea336464', 'https://res.cloudinary.com/dj8yugwyp/image/upload/v1751939823/authorsinfo/book_entity_header_avatar/s0mmiknzs6khsixa96pw.webp', 'Entity header avatar for book Start with Amen: How I Learned to Surrender by Keeping the End in Mind', '2025-07-08 01:57:06.751372+00', '2025-07-08 01:57:06.751372+00', NULL, NULL, NULL, 'cropped-avatar.jpg', 37267, NULL, NULL, NULL, 'image/jpeg', NULL, NULL, 'authorsinfo/book_entity_header_avatar', 'cloudinary', true, 'completed', NULL, NULL, NULL, NULL, NULL, NULL, NULL, 0.00, 'safe', NULL, NULL, NULL, 0, 0, 0, 0, 0, 0.00, false, false, false, false, 'original', NULL, false, NULL, NULL),
	('642cfd82-6a4c-459d-a2d9-8cf8501e57f7', 'https://res.cloudinary.com/dj8yugwyp/image/upload/v1751968183/authorsinfo/bookcovers/vjxifjdlzrc1h5p28h5q.webp', 'Super Simple Mission Kit Featuring Tales of the Not Forgotten: A Fully-resources Missions Curriculum (Kids Serving Kids)', '2025-07-08 09:49:44.56571+00', '2025-07-08 09:49:44.56571+00', NULL, NULL, NULL, NULL, NULL, NULL, NULL, NULL, NULL, NULL, '{"entity_id": null, "entity_type": "book"}', NULL, 'supabase', false, NULL, NULL, '9d91008f-4f24-4501-b18a-922e2cfd6d34', NULL, NULL, NULL, NULL, NULL, 0.00, 'safe', NULL, NULL, NULL, 0, 0, 0, 0, 0, 0.00, false, false, false, false, 'original', NULL, false, NULL, NULL),
	('03e2ac67-8c1a-4923-ac8d-702e775a3886', 'https://res.cloudinary.com/dj8yugwyp/image/upload/v1752390797/authorsinfo/bookcovers/zofoggs4jsgant1nasrk.webp', 'Touch', '2025-07-13 07:13:18.300464+00', '2025-07-13 07:13:18.300464+00', NULL, NULL, NULL, NULL, NULL, NULL, NULL, NULL, NULL, NULL, '{"entity_id": null, "entity_type": "book"}', NULL, 'supabase', false, NULL, NULL, '9d91008f-4f24-4501-b18a-922e2cfd6d34', NULL, NULL, NULL, NULL, NULL, 0.00, 'safe', NULL, NULL, NULL, 0, 0, 0, 0, 0, 0.00, false, false, false, false, 'original', NULL, false, NULL, NULL),
	('55a9e8a0-c5a4-41aa-9e02-dce5afb7eeb7', 'https://res.cloudinary.com/dj8yugwyp/image/upload/v1753854515/user_album_album_a3231fc2-9374-47bb-9787-5cfa7a0c9890/notkek6momlqhflrtryy.webp', 'album image 3 for user album a3231fc2-9374-47bb-9787-5cfa7a0c9890', '2025-07-30 05:48:36.437697+00', '2025-07-30 05:48:36.437697+00', NULL, NULL, NULL, NULL, 49836, 777, 1200, 'webp', 'image/webp', NULL, '{"cloudinary_public_id": "user_album_album_a3231fc2-9374-47bb-9787-5cfa7a0c9890/notkek6momlqhflrtryy"}', 'user_album_album_a3231fc2-9374-47bb-9787-5cfa7a0c9890', 'cloudinary', false, NULL, NULL, NULL, NULL, NULL, NULL, NULL, NULL, 0.00, 'safe', NULL, NULL, NULL, 0, 0, 0, 0, 0, 0.00, false, false, false, false, 'original', NULL, false, NULL, NULL),
	('a97a0609-228b-412b-b8e0-c8d8aa88e14a', 'https://res.cloudinary.com/dj8yugwyp/image/upload/v1755132207/authorsinfo/post_photos/zhvuznnuhydafommmhbo.webp', 'Post photo by User', '2025-08-14 00:43:28.579017+00', '2025-08-14 00:43:28.579017+00', NULL, NULL, NULL, '275604581_3279942738900588_160135012164989122_n.jpg', 73628, NULL, NULL, NULL, 'image/jpeg', NULL, '{"entity_id": "2474659f-003e-4faa-8c53-9969c33f20b2", "file_size": 73628, "entity_type": "user", "content_type": "image/jpeg", "original_name": "275604581_3279942738900588_160135012164989122_n.jpg", "upload_timestamp": "2025-08-14T00:43:28.168Z", "cloudinary_public_id": "authorsinfo/post_photos/zhvuznnuhydafommmhbo"}', 'authorsinfo/post_photos', 'cloudinary', true, 'completed', NULL, NULL, NULL, NULL, NULL, NULL, NULL, 0.00, 'safe', NULL, NULL, NULL, 0, 0, 0, 0, 0, 0.00, false, false, false, false, 'original', NULL, false, '2474659f-003e-4faa-8c53-9969c33f20b2', 'user'),
	('e9417178-de37-4565-a986-a37b9cad7ca5', 'https://res.cloudinary.com/dj8yugwyp/image/upload/v1755199751/authorsinfo/post_photos/aqnv2xjt8j3amdw4milz.webp', 'Post photo by User', '2025-08-14 19:29:12.048886+00', '2025-08-14 19:29:12.048886+00', NULL, NULL, NULL, 'rnfajfd8tpniemdayzen.webp', 81668, NULL, NULL, NULL, 'image/webp', NULL, '{"entity_id": "2474659f-003e-4faa-8c53-9969c33f20b2", "file_size": 81668, "entity_type": "user", "content_type": "image/webp", "original_name": "rnfajfd8tpniemdayzen.webp", "upload_timestamp": "2025-08-14T19:29:12.132Z", "cloudinary_public_id": "authorsinfo/post_photos/aqnv2xjt8j3amdw4milz"}', 'authorsinfo/post_photos', 'cloudinary', true, 'completed', NULL, NULL, NULL, NULL, NULL, NULL, NULL, 0.00, 'safe', NULL, NULL, NULL, 0, 0, 0, 0, 0, 0.00, false, false, false, false, 'original', NULL, false, '2474659f-003e-4faa-8c53-9969c33f20b2', 'user'),
	('c84a720b-b30d-4647-9219-a976419ea255', 'https://res.cloudinary.com/dj8yugwyp/image/upload/v1751943341/authorsinfo/book_entity_header_avatar/d9ktzmugoymyeimumofd.webp', 'Entity header avatar for book Start with Amen: How I Learned to Surrender by Keeping the End in Mind', '2025-07-08 02:55:42.923991+00', '2025-07-08 02:55:42.923991+00', NULL, NULL, NULL, 'cropped-avatar.jpg', 42537, NULL, NULL, NULL, 'image/jpeg', NULL, NULL, 'authorsinfo/book_entity_header_avatar', 'cloudinary', true, 'completed', NULL, NULL, NULL, NULL, NULL, NULL, NULL, 0.00, 'safe', NULL, NULL, NULL, 0, 0, 0, 0, 0, 0.00, false, false, false, false, 'original', NULL, false, NULL, NULL),
	('8be1b05d-c209-49aa-a0ff-202743164ddc', 'https://res.cloudinary.com/dj8yugwyp/image/upload/v1751949606/authorsinfo/book_entity_header_avatar/radfyakfkfwf3qxzayat.webp', 'Entity header avatar for book Start with Amen: How I Learned to Surrender by Keeping the End in Mind', '2025-07-08 04:40:08.316719+00', '2025-07-08 04:40:08.316719+00', NULL, NULL, NULL, 'cropped-avatar.jpg', 43078, NULL, NULL, NULL, 'image/jpeg', NULL, NULL, 'authorsinfo/book_entity_header_avatar', 'cloudinary', true, 'completed', NULL, NULL, NULL, NULL, NULL, NULL, NULL, 0.00, 'safe', NULL, NULL, NULL, 0, 0, 0, 0, 0, 0.00, false, false, false, false, 'original', NULL, false, NULL, NULL),
	('fa38898a-3b51-40d7-b24a-50ddab957c5e', 'https://res.cloudinary.com/dj8yugwyp/image/upload/v1755132942/authorsinfo/post_photos/f6u9bvtymy3knzlgjh0h.webp', 'Post photo by User', '2025-08-14 00:55:44.28809+00', '2025-08-14 00:55:44.28809+00', NULL, NULL, NULL, '275604581_3279942738900588_160135012164989122_n.jpg', 73628, NULL, NULL, NULL, 'image/jpeg', NULL, '{"entity_id": "2474659f-003e-4faa-8c53-9969c33f20b2", "file_size": 73628, "entity_type": "user", "content_type": "image/jpeg", "original_name": "275604581_3279942738900588_160135012164989122_n.jpg", "upload_timestamp": "2025-08-14T00:55:43.877Z", "cloudinary_public_id": "authorsinfo/post_photos/f6u9bvtymy3knzlgjh0h"}', 'authorsinfo/post_photos', 'cloudinary', true, 'completed', NULL, NULL, NULL, NULL, NULL, NULL, NULL, 0.00, 'safe', NULL, NULL, NULL, 0, 0, 0, 0, 0, 0.00, false, false, false, false, 'original', NULL, false, '2474659f-003e-4faa-8c53-9969c33f20b2', 'user'),
	('9e87c880-6f10-4d86-9e9c-43c5bdb62e97', 'https://res.cloudinary.com/dj8yugwyp/image/upload/v1755199752/authorsinfo/post_photos/xe9nrv9cs1ugo4ms2gar.webp', 'Post photo by User', '2025-08-14 19:29:12.932175+00', '2025-08-14 19:29:12.932175+00', NULL, NULL, NULL, 'amosackeg6n5rnftp7ab.avif', 17688, NULL, NULL, NULL, 'image/avif', NULL, '{"entity_id": "2474659f-003e-4faa-8c53-9969c33f20b2", "file_size": 17688, "entity_type": "user", "content_type": "image/avif", "original_name": "amosackeg6n5rnftp7ab.avif", "upload_timestamp": "2025-08-14T19:29:13.012Z", "cloudinary_public_id": "authorsinfo/post_photos/xe9nrv9cs1ugo4ms2gar"}', 'authorsinfo/post_photos', 'cloudinary', true, 'completed', NULL, NULL, NULL, NULL, NULL, NULL, NULL, 0.00, 'safe', NULL, NULL, NULL, 0, 0, 0, 0, 0, 0.00, false, false, false, false, 'original', NULL, false, '2474659f-003e-4faa-8c53-9969c33f20b2', 'user'),
	('4e3455ab-c18d-42f3-b5e9-cfac3795bd14', 'https://res.cloudinary.com/dj8yugwyp/image/upload/v1755213257/authorsinfo/post_photos/stqpfazcbxt2av0nszqj.webp', 'Post photo by User', '2025-08-14 23:14:18.02233+00', '2025-08-14 23:14:18.02233+00', NULL, NULL, NULL, 'amosackeg6n5rnftp7ab.avif', 17688, NULL, NULL, NULL, 'image/avif', NULL, '{"entity_id": "2474659f-003e-4faa-8c53-9969c33f20b2", "file_size": 17688, "entity_type": "user", "content_type": "image/avif", "original_name": "amosackeg6n5rnftp7ab.avif", "upload_timestamp": "2025-08-14T23:14:17.899Z", "cloudinary_public_id": "authorsinfo/post_photos/stqpfazcbxt2av0nszqj"}', 'authorsinfo/post_photos', 'cloudinary', true, 'completed', NULL, NULL, NULL, NULL, NULL, NULL, NULL, 0.00, 'safe', NULL, NULL, NULL, 0, 0, 0, 0, 0, 0.00, false, false, false, false, 'original', NULL, false, '2474659f-003e-4faa-8c53-9969c33f20b2', 'user'),
	('d0b7d023-634f-43d8-857e-e48f8bb03082', 'https://res.cloudinary.com/dj8yugwyp/image/upload/v1755213311/authorsinfo/post_photos/wunnd2o1ruqs5pajwzue.webp', 'Post photo by User', '2025-08-14 23:15:12.489454+00', '2025-08-14 23:15:12.489454+00', NULL, NULL, NULL, 'wuckmc2rhxvl7l0qypfj.webp', 51874, NULL, NULL, NULL, 'image/webp', NULL, '{"entity_id": "2474659f-003e-4faa-8c53-9969c33f20b2", "file_size": 51874, "entity_type": "user", "content_type": "image/webp", "original_name": "wuckmc2rhxvl7l0qypfj.webp", "upload_timestamp": "2025-08-14T23:15:12.486Z", "cloudinary_public_id": "authorsinfo/post_photos/wunnd2o1ruqs5pajwzue"}', 'authorsinfo/post_photos', 'cloudinary', true, 'completed', NULL, NULL, NULL, NULL, NULL, NULL, NULL, 0.00, 'safe', NULL, NULL, NULL, 0, 0, 0, 0, 0, 0.00, false, false, false, false, 'original', NULL, false, '2474659f-003e-4faa-8c53-9969c33f20b2', 'user'),
	('55c888fc-1098-4aff-98bb-25b3c7ebe61b', 'https://res.cloudinary.com/dj8yugwyp/image/upload/v1755222633/authorsinfo/post_photos/poas33lugrg8truumahw.webp', 'Post photo by User', '2025-08-15 01:50:34.389629+00', '2025-08-15 01:50:34.389629+00', NULL, NULL, NULL, '275604581_3279942738900588_160135012164989122_n.jpg', 73628, NULL, NULL, NULL, 'image/jpeg', NULL, '{"entity_id": "2474659f-003e-4faa-8c53-9969c33f20b2", "file_size": 73628, "entity_type": "user", "content_type": "image/jpeg", "original_name": "275604581_3279942738900588_160135012164989122_n.jpg", "upload_timestamp": "2025-08-15T01:50:34.104Z", "cloudinary_public_id": "authorsinfo/post_photos/poas33lugrg8truumahw"}', 'authorsinfo/post_photos', 'cloudinary', true, 'completed', NULL, NULL, NULL, NULL, NULL, NULL, NULL, 0.00, 'safe', NULL, NULL, NULL, 0, 0, 0, 0, 0, 0.00, false, false, false, false, 'original', NULL, false, '2474659f-003e-4faa-8c53-9969c33f20b2', 'user'),
	('6cdb13b8-5cf1-484d-b5a4-d990d0ca279d', 'https://res.cloudinary.com/dj8yugwyp/image/upload/v1755230548/authorsinfo/post_photos/sntbvdvoxv1qghkxeliq.webp', 'Post photo by User', '2025-08-15 04:02:29.362614+00', '2025-08-15 04:02:29.362614+00', NULL, NULL, NULL, '275604581_3279942738900588_160135012164989122_n.jpg', 73628, NULL, NULL, NULL, 'image/jpeg', NULL, '{"entity_id": "2474659f-003e-4faa-8c53-9969c33f20b2", "file_size": 73628, "entity_type": "user", "content_type": "image/jpeg", "original_name": "275604581_3279942738900588_160135012164989122_n.jpg", "upload_timestamp": "2025-08-15T04:02:29.244Z", "cloudinary_public_id": "authorsinfo/post_photos/sntbvdvoxv1qghkxeliq"}', 'authorsinfo/post_photos', 'cloudinary', true, 'completed', NULL, NULL, NULL, NULL, NULL, NULL, NULL, 0.00, 'safe', NULL, NULL, NULL, 0, 0, 0, 0, 0, 0.00, false, false, false, false, 'original', NULL, false, '2474659f-003e-4faa-8c53-9969c33f20b2', 'user'),
	('1c72f133-7e73-4a67-ab40-d436fd5c449f', 'https://res.cloudinary.com/dj8yugwyp/image/upload/v1755232357/authorsinfo/post_photos/wj7zjrhl715ccyhdf4vp.webp', 'Post image 3 by User', '2025-08-15 04:32:53.279603+00', '2025-08-15 04:32:53.279603+00', NULL, NULL, NULL, NULL, NULL, NULL, NULL, NULL, NULL, NULL, '{"source": "timeline_post", "entity_id": "2474659f-003e-4faa-8c53-9969c33f20b2", "post_type": "user_post", "album_type": "user_gallery_album", "entity_type": "user", "image_index": 3, "uploaded_at": "2025-08-15T04:32:52.842Z", "total_images": 3, "uploaded_via": "entity_image_api"}', NULL, 'supabase', false, NULL, NULL, NULL, NULL, NULL, NULL, NULL, NULL, 0.00, 'safe', NULL, NULL, NULL, 0, 0, 0, 0, 0, 0.00, false, false, false, false, 'original', NULL, false, '2474659f-003e-4faa-8c53-9969c33f20b2', 'user'),
	('c5df8a23-8540-4c00-bfee-a7504f07441e', 'https://res.cloudinary.com/dj8yugwyp/image/upload/v1755236249/authorsinfo/post_photos/as2lqvkw4yg3lsm7utij.webp', 'Post photo by User', '2025-08-15 05:37:30.33066+00', '2025-08-15 05:37:30.33066+00', NULL, NULL, NULL, '275604581_3279942738900588_160135012164989122_n.jpg', 73628, NULL, NULL, NULL, 'image/jpeg', NULL, '{"entity_id": "2474659f-003e-4faa-8c53-9969c33f20b2", "file_size": 73628, "entity_type": "user", "content_type": "image/jpeg", "original_name": "275604581_3279942738900588_160135012164989122_n.jpg", "upload_timestamp": "2025-08-15T05:37:30.105Z", "cloudinary_public_id": "authorsinfo/post_photos/as2lqvkw4yg3lsm7utij"}', 'authorsinfo/post_photos', 'cloudinary', true, 'completed', NULL, NULL, NULL, NULL, NULL, NULL, NULL, 0.00, 'safe', NULL, NULL, NULL, 0, 0, 0, 0, 0, 0.00, false, false, false, false, 'original', NULL, false, '2474659f-003e-4faa-8c53-9969c33f20b2', 'user'),
	('a869ac66-5dad-4009-a777-1b530e3ca370', 'https://res.cloudinary.com/dj8yugwyp/image/upload/v1755303441/authorsinfo/post_photos/cy60sxgzmyuqz6nvoznf.webp', 'Post photo by User', '2025-08-16 00:17:22.085243+00', '2025-08-16 00:17:22.085243+00', NULL, NULL, NULL, 'wuckmc2rhxvl7l0qypfj.webp', 51874, NULL, NULL, NULL, 'image/webp', NULL, '{"entity_id": "2474659f-003e-4faa-8c53-9969c33f20b2", "file_size": 51874, "entity_type": "user", "content_type": "image/webp", "original_name": "wuckmc2rhxvl7l0qypfj.webp", "upload_timestamp": "2025-08-16T00:17:21.110Z", "cloudinary_public_id": "authorsinfo/post_photos/cy60sxgzmyuqz6nvoznf"}', 'authorsinfo/post_photos', 'cloudinary', true, 'completed', NULL, NULL, NULL, NULL, NULL, NULL, NULL, 0.00, 'safe', NULL, NULL, NULL, 0, 0, 0, 0, 0, 0.00, false, false, false, false, 'original', NULL, false, '2474659f-003e-4faa-8c53-9969c33f20b2', 'user'),
	('93f65502-c695-4071-808a-4ab12fbf41d7', 'https://res.cloudinary.com/dj8yugwyp/image/upload/v1755656929/authorsinfo/book_entity_header_cover/yvgebczrcgg0p79t7cic.webp', 'Entity header cover for book Touch', '2025-08-20 02:28:51.564879+00', '2025-08-20 02:28:51.564879+00', NULL, NULL, NULL, 'cropped-cover.jpg', 117882, NULL, NULL, NULL, 'image/jpeg', NULL, NULL, 'authorsinfo/book_entity_header_cover', 'cloudinary', true, 'completed', NULL, NULL, NULL, NULL, NULL, NULL, NULL, 0.00, 'safe', NULL, NULL, NULL, 0, 0, 0, 0, 0, 0.00, false, false, false, false, 'original', NULL, false, NULL, 'user'),
	('fe556abe-0bbe-46d3-a71f-e1697946b089', 'https://res.cloudinary.com/dj8yugwyp/image/upload/v1755174750/authorsinfo/post_photos/o9lbnvmsumb2hbdrcdtq.webp', 'Post photo by User', '2025-08-14 12:32:31.599272+00', '2025-08-14 12:32:31.599272+00', NULL, NULL, NULL, '275604581_3279942738900588_160135012164989122_n.jpg', 73628, NULL, NULL, NULL, 'image/jpeg', NULL, '{"entity_id": "2474659f-003e-4faa-8c53-9969c33f20b2", "file_size": 73628, "entity_type": "user", "content_type": "image/jpeg", "original_name": "275604581_3279942738900588_160135012164989122_n.jpg", "upload_timestamp": "2025-08-14T12:32:31.716Z", "cloudinary_public_id": "authorsinfo/post_photos/o9lbnvmsumb2hbdrcdtq"}', 'authorsinfo/post_photos', 'cloudinary', true, 'completed', NULL, NULL, NULL, NULL, NULL, NULL, NULL, 0.00, 'safe', NULL, NULL, NULL, 0, 0, 0, 0, 0, 0.00, false, false, false, false, 'original', NULL, false, '2474659f-003e-4faa-8c53-9969c33f20b2', 'user'),
	('6b4b2759-d43f-47bc-90dc-e7b3a635412d', 'https://res.cloudinary.com/dj8yugwyp/image/upload/v1755199753/authorsinfo/post_photos/qysabx5rjzqorvcjzqx5.webp', 'Post photo by User', '2025-08-14 19:29:13.915729+00', '2025-08-14 19:29:13.915729+00', NULL, NULL, NULL, 'j70n2byiegc3kqmpcvbk.avif', 29215, NULL, NULL, NULL, 'image/avif', NULL, '{"entity_id": "2474659f-003e-4faa-8c53-9969c33f20b2", "file_size": 29215, "entity_type": "user", "content_type": "image/avif", "original_name": "j70n2byiegc3kqmpcvbk.avif", "upload_timestamp": "2025-08-14T19:29:14.005Z", "cloudinary_public_id": "authorsinfo/post_photos/qysabx5rjzqorvcjzqx5"}', 'authorsinfo/post_photos', 'cloudinary', true, 'completed', NULL, NULL, NULL, NULL, NULL, NULL, NULL, 0.00, 'safe', NULL, NULL, NULL, 0, 0, 0, 0, 0, 0.00, false, false, false, false, 'original', NULL, false, '2474659f-003e-4faa-8c53-9969c33f20b2', 'user'),
	('3639b11c-c999-4234-a6c0-587109194b17', 'https://res.cloudinary.com/dj8yugwyp/image/upload/v1755213258/authorsinfo/post_photos/wbjmh6arli25dtmhvgnk.webp', 'Post photo by User', '2025-08-14 23:14:19.313208+00', '2025-08-14 23:14:19.313208+00', NULL, NULL, NULL, 'j70n2byiegc3kqmpcvbk.avif', 29215, NULL, NULL, NULL, 'image/avif', NULL, '{"entity_id": "2474659f-003e-4faa-8c53-9969c33f20b2", "file_size": 29215, "entity_type": "user", "content_type": "image/avif", "original_name": "j70n2byiegc3kqmpcvbk.avif", "upload_timestamp": "2025-08-14T23:14:19.161Z", "cloudinary_public_id": "authorsinfo/post_photos/wbjmh6arli25dtmhvgnk"}', 'authorsinfo/post_photos', 'cloudinary', true, 'completed', NULL, NULL, NULL, NULL, NULL, NULL, NULL, 0.00, 'safe', NULL, NULL, NULL, 0, 0, 0, 0, 0, 0.00, false, false, false, false, 'original', NULL, false, '2474659f-003e-4faa-8c53-9969c33f20b2', 'user'),
	('495b157e-a0d2-419e-b201-77b953725102', 'https://res.cloudinary.com/dj8yugwyp/image/upload/v1755222635/authorsinfo/post_photos/ei0p8r83ct8kcnidw0fd.webp', 'Post photo by User', '2025-08-15 01:50:35.881485+00', '2025-08-15 01:50:35.881485+00', NULL, NULL, NULL, 'amosackeg6n5rnftp7ab.avif', 17688, NULL, NULL, NULL, 'image/avif', NULL, '{"entity_id": "2474659f-003e-4faa-8c53-9969c33f20b2", "file_size": 17688, "entity_type": "user", "content_type": "image/avif", "original_name": "amosackeg6n5rnftp7ab.avif", "upload_timestamp": "2025-08-15T01:50:35.687Z", "cloudinary_public_id": "authorsinfo/post_photos/ei0p8r83ct8kcnidw0fd"}', 'authorsinfo/post_photos', 'cloudinary', true, 'completed', NULL, NULL, NULL, NULL, NULL, NULL, NULL, 0.00, 'safe', NULL, NULL, NULL, 0, 0, 0, 0, 0, 0.00, false, false, false, false, 'original', NULL, false, '2474659f-003e-4faa-8c53-9969c33f20b2', 'user'),
	('600c0ae4-b5ae-4b3b-8331-309c3618f7f5', 'https://res.cloudinary.com/dj8yugwyp/image/upload/v1755230549/authorsinfo/post_photos/txygfuojwnydreozijsc.webp', 'Post photo by User', '2025-08-15 04:02:30.238682+00', '2025-08-15 04:02:30.238682+00', NULL, NULL, NULL, 'wuckmc2rhxvl7l0qypfj.webp', 51874, NULL, NULL, NULL, 'image/webp', NULL, '{"entity_id": "2474659f-003e-4faa-8c53-9969c33f20b2", "file_size": 51874, "entity_type": "user", "content_type": "image/webp", "original_name": "wuckmc2rhxvl7l0qypfj.webp", "upload_timestamp": "2025-08-15T04:02:30.162Z", "cloudinary_public_id": "authorsinfo/post_photos/txygfuojwnydreozijsc"}', 'authorsinfo/post_photos', 'cloudinary', true, 'completed', NULL, NULL, NULL, NULL, NULL, NULL, NULL, 0.00, 'safe', NULL, NULL, NULL, 0, 0, 0, 0, 0, 0.00, false, false, false, false, 'original', NULL, false, '2474659f-003e-4faa-8c53-9969c33f20b2', 'user'),
	('1c098550-2fea-4c9a-af6f-ed343caec8ba', 'https://res.cloudinary.com/dj8yugwyp/image/upload/v1755232355/authorsinfo/post_photos/bpx51ooj6skir86lvfzw.webp', 'Post photo by User', '2025-08-15 04:32:36.447799+00', '2025-08-15 04:32:36.447799+00', NULL, NULL, NULL, 'rnfajfd8tpniemdayzen.webp', 81668, NULL, NULL, NULL, 'image/webp', NULL, '{"entity_id": "2474659f-003e-4faa-8c53-9969c33f20b2", "file_size": 81668, "entity_type": "user", "content_type": "image/webp", "original_name": "rnfajfd8tpniemdayzen.webp", "upload_timestamp": "2025-08-15T04:32:36.306Z", "cloudinary_public_id": "authorsinfo/post_photos/bpx51ooj6skir86lvfzw"}', 'authorsinfo/post_photos', 'cloudinary', true, 'completed', NULL, NULL, NULL, NULL, NULL, NULL, NULL, 0.00, 'safe', NULL, NULL, NULL, 0, 0, 0, 0, 0, 0.00, false, false, false, false, 'original', NULL, false, '2474659f-003e-4faa-8c53-9969c33f20b2', 'user'),
	('e8f4221d-eb4c-48c9-bcad-655a51444d9d', 'https://res.cloudinary.com/dj8yugwyp/image/upload/v1755235802/authorsinfo/post_photos/ycotp0gystqa0pdvupqt.webp', 'Post photo by User', '2025-08-15 05:30:03.21523+00', '2025-08-15 05:30:03.21523+00', NULL, NULL, NULL, '275604581_3279942738900588_160135012164989122_n.jpg', 73628, NULL, NULL, NULL, 'image/jpeg', NULL, '{"entity_id": "2474659f-003e-4faa-8c53-9969c33f20b2", "file_size": 73628, "entity_type": "user", "content_type": "image/jpeg", "original_name": "275604581_3279942738900588_160135012164989122_n.jpg", "upload_timestamp": "2025-08-15T05:30:03.086Z", "cloudinary_public_id": "authorsinfo/post_photos/ycotp0gystqa0pdvupqt"}', 'authorsinfo/post_photos', 'cloudinary', true, 'completed', NULL, NULL, NULL, NULL, NULL, NULL, NULL, 0.00, 'safe', NULL, NULL, NULL, 0, 0, 0, 0, 0, 0.00, false, false, false, false, 'original', NULL, false, '2474659f-003e-4faa-8c53-9969c33f20b2', 'user'),
	('72983f73-cb64-41f1-bc7b-fd3af9ce0db0', 'https://res.cloudinary.com/dj8yugwyp/image/upload/v1755235803/authorsinfo/post_photos/wkkqsbdrwqpzepg8c9qn.webp', 'Post image 2 by User', '2025-08-15 05:30:19.134916+00', '2025-08-15 05:30:19.134916+00', NULL, NULL, NULL, NULL, NULL, NULL, NULL, NULL, NULL, NULL, '{"source": "timeline_post", "entity_id": "2474659f-003e-4faa-8c53-9969c33f20b2", "post_type": "user_post", "album_type": "user_gallery_album", "entity_type": "user", "image_index": 2, "uploaded_at": "2025-08-15T05:30:18.698Z", "total_images": 3, "uploaded_via": "entity_image_api"}', NULL, 'supabase', false, NULL, NULL, NULL, NULL, NULL, NULL, NULL, NULL, 0.00, 'safe', NULL, NULL, NULL, 0, 0, 0, 0, 0, 0.00, false, false, false, false, 'original', NULL, false, '2474659f-003e-4faa-8c53-9969c33f20b2', 'user'),
	('bd7f3bcc-83bd-4815-987c-c67aa8668e5a', 'https://res.cloudinary.com/dj8yugwyp/image/upload/v1755236250/authorsinfo/post_photos/oasafkxh15ehvurgthcz.webp', 'Post photo by User', '2025-08-15 05:37:31.019012+00', '2025-08-15 05:37:31.019012+00', NULL, NULL, NULL, 'wuckmc2rhxvl7l0qypfj.webp', 51874, NULL, NULL, NULL, 'image/webp', NULL, '{"entity_id": "2474659f-003e-4faa-8c53-9969c33f20b2", "file_size": 51874, "entity_type": "user", "content_type": "image/webp", "original_name": "wuckmc2rhxvl7l0qypfj.webp", "upload_timestamp": "2025-08-15T05:37:30.894Z", "cloudinary_public_id": "authorsinfo/post_photos/oasafkxh15ehvurgthcz"}', 'authorsinfo/post_photos', 'cloudinary', true, 'completed', NULL, NULL, NULL, NULL, NULL, NULL, NULL, 0.00, 'safe', NULL, NULL, NULL, 0, 0, 0, 0, 0, 0.00, false, false, false, false, 'original', NULL, false, '2474659f-003e-4faa-8c53-9969c33f20b2', 'user'),
	('dd968379-df84-4870-b349-a1b37fa5b1cf', 'https://res.cloudinary.com/dj8yugwyp/image/upload/v1755303441/authorsinfo/post_photos/cy60sxgzmyuqz6nvoznf.webp', 'Post image 1 by User', '2025-08-16 00:17:54.600542+00', '2025-08-16 00:17:54.600542+00', NULL, NULL, NULL, NULL, NULL, NULL, NULL, NULL, NULL, NULL, '{"source": "timeline_post", "entity_id": "2474659f-003e-4faa-8c53-9969c33f20b2", "post_type": "user_post", "album_type": "user_gallery_album", "entity_type": "user", "image_index": 1, "uploaded_at": "2025-08-16T00:17:52.099Z", "total_images": 1, "uploaded_via": "entity_image_api"}', NULL, 'supabase', false, NULL, NULL, NULL, NULL, NULL, NULL, NULL, NULL, 0.00, 'safe', NULL, NULL, NULL, 0, 0, 0, 0, 0, 0.00, false, false, false, false, 'original', NULL, false, '2474659f-003e-4faa-8c53-9969c33f20b2', 'user'),
	('5e1e7324-1af2-4ef2-8af1-e337fdf1cac0', 'https://res.cloudinary.com/dj8yugwyp/image/upload/v1755367779/authorsinfo/post_photos/glpgul8ypncmuiikzcx3.webp', 'Post photo by User', '2025-08-16 18:09:40.314129+00', '2025-08-16 18:09:40.314129+00', NULL, NULL, NULL, '275604581_3279942738900588_160135012164989122_n.jpg', 73628, NULL, NULL, NULL, 'image/jpeg', NULL, '{"entity_id": "2474659f-003e-4faa-8c53-9969c33f20b2", "file_size": 73628, "entity_type": "user", "content_type": "image/jpeg", "original_name": "275604581_3279942738900588_160135012164989122_n.jpg", "upload_timestamp": "2025-08-16T18:09:40.187Z", "cloudinary_public_id": "authorsinfo/post_photos/glpgul8ypncmuiikzcx3"}', 'authorsinfo/post_photos', 'cloudinary', true, 'completed', NULL, NULL, NULL, NULL, NULL, NULL, NULL, 0.00, 'safe', NULL, NULL, NULL, 0, 0, 0, 0, 0, 0.00, false, false, false, false, 'original', NULL, false, '2474659f-003e-4faa-8c53-9969c33f20b2', 'user'),
	('2e4a2d33-d0f1-4679-8562-93f88c08d362', 'https://res.cloudinary.com/dj8yugwyp/image/upload/v1755405769/authorsinfo/post_photos/umqlrnvjho3nwa4pdmez.webp', 'Post photo by User', '2025-08-17 04:42:50.094064+00', '2025-08-17 04:42:50.094064+00', NULL, NULL, NULL, 'zofoggs4jsgant1nasrk.avif', 33106, NULL, NULL, NULL, 'image/avif', NULL, '{"entity_id": "2474659f-003e-4faa-8c53-9969c33f20b2", "file_size": 33106, "entity_type": "user", "content_type": "image/avif", "original_name": "zofoggs4jsgant1nasrk.avif", "upload_timestamp": "2025-08-17T04:42:49.755Z", "cloudinary_public_id": "authorsinfo/post_photos/umqlrnvjho3nwa4pdmez"}', 'authorsinfo/post_photos', 'cloudinary', true, 'completed', NULL, NULL, NULL, NULL, NULL, NULL, NULL, 0.00, 'safe', NULL, NULL, NULL, 0, 0, 0, 0, 0, 0.00, false, false, false, false, 'original', NULL, false, '2474659f-003e-4faa-8c53-9969c33f20b2', 'user'),
	('80864649-8394-455f-8e65-cf4b80e29af5', 'https://res.cloudinary.com/dj8yugwyp/image/upload/v1751836839/authorsinfo/user_photos/bcnyhziv8cyqbi9jxe7r.webp', 'man-1845259_640.jpg', '2025-07-06 21:20:40.226968+00', '2025-07-06 21:20:40.226968+00', NULL, NULL, NULL, 'man-1845259_640.jpg', 64985, NULL, NULL, NULL, 'image/jpeg', NULL, NULL, 'authorsinfo/user_photos', 'cloudinary', true, 'completed', NULL, NULL, NULL, NULL, NULL, NULL, NULL, 0.00, 'safe', NULL, NULL, NULL, 0, 0, 0, 0, 0, 0.00, false, false, false, false, 'original', NULL, false, NULL, NULL),
	('e332ba83-6f05-4f0f-a22b-8213acdd1675', 'https://res.cloudinary.com/dj8yugwyp/image/upload/v1755191074/authorsinfo/post_photos/ib1rdnvchgrtmvmewaxu.webp', 'Post photo by User', '2025-08-14 17:04:35.138533+00', '2025-08-14 17:04:35.138533+00', NULL, NULL, NULL, '275604581_3279942738900588_160135012164989122_n.jpg', 73628, NULL, NULL, NULL, 'image/jpeg', NULL, '{"entity_id": "2474659f-003e-4faa-8c53-9969c33f20b2", "file_size": 73628, "entity_type": "user", "content_type": "image/jpeg", "original_name": "275604581_3279942738900588_160135012164989122_n.jpg", "upload_timestamp": "2025-08-14T17:04:35.139Z", "cloudinary_public_id": "authorsinfo/post_photos/ib1rdnvchgrtmvmewaxu"}', 'authorsinfo/post_photos', 'cloudinary', true, 'completed', NULL, NULL, NULL, NULL, NULL, NULL, NULL, 0.00, 'safe', NULL, NULL, NULL, 0, 0, 0, 0, 0, 0.00, false, false, false, false, 'original', NULL, false, '2474659f-003e-4faa-8c53-9969c33f20b2', 'user'),
	('88a6b7d8-ae80-4d47-a759-da07632d039c', 'https://res.cloudinary.com/dj8yugwyp/image/upload/v1755199712/authorsinfo/post_photos/qtrsbshl85fpwu2qbpe5.webp', 'Post image by User', '2025-08-14 19:31:43.530731+00', '2025-08-14 19:31:43.530731+00', NULL, NULL, NULL, NULL, NULL, NULL, NULL, NULL, NULL, NULL, '{"source": "timeline_post", "uploaded_at": "2025-08-14T19:31:43.544Z"}', 'authorsinfo/post_photos', 'cloudinary', false, NULL, NULL, NULL, NULL, NULL, NULL, NULL, NULL, 0.00, 'safe', NULL, NULL, NULL, 0, 0, 0, 0, 0, 0.00, false, false, false, false, 'original', NULL, false, '2474659f-003e-4faa-8c53-9969c33f20b2', 'user'),
	('51dd2354-8519-4119-a341-0400d97f8f7c', 'https://res.cloudinary.com/dj8yugwyp/image/upload/v1755222636/authorsinfo/post_photos/sumzmyxh1ewfxwwvqhha.webp', 'Post photo by User', '2025-08-15 01:50:37.437854+00', '2025-08-15 01:50:37.437854+00', NULL, NULL, NULL, 'j70n2byiegc3kqmpcvbk.avif', 29215, NULL, NULL, NULL, 'image/avif', NULL, '{"entity_id": "2474659f-003e-4faa-8c53-9969c33f20b2", "file_size": 29215, "entity_type": "user", "content_type": "image/avif", "original_name": "j70n2byiegc3kqmpcvbk.avif", "upload_timestamp": "2025-08-15T01:50:37.277Z", "cloudinary_public_id": "authorsinfo/post_photos/sumzmyxh1ewfxwwvqhha"}', 'authorsinfo/post_photos', 'cloudinary', true, 'completed', NULL, NULL, NULL, NULL, NULL, NULL, NULL, 0.00, 'safe', NULL, NULL, NULL, 0, 0, 0, 0, 0, 0.00, false, false, false, false, 'original', NULL, false, '2474659f-003e-4faa-8c53-9969c33f20b2', 'user'),
	('e4a3c4e1-a5de-4526-9e19-de23ac4f06d4', 'https://res.cloudinary.com/dj8yugwyp/image/upload/v1755230550/authorsinfo/post_photos/mcg6ttapvzjj2s9qeflz.webp', 'Post photo by User', '2025-08-15 04:02:31.062711+00', '2025-08-15 04:02:31.062711+00', NULL, NULL, NULL, 'tsyp6ahmfl5m0eq1p25y.webp', 88800, NULL, NULL, NULL, 'image/webp', NULL, '{"entity_id": "2474659f-003e-4faa-8c53-9969c33f20b2", "file_size": 88800, "entity_type": "user", "content_type": "image/webp", "original_name": "tsyp6ahmfl5m0eq1p25y.webp", "upload_timestamp": "2025-08-15T04:02:30.990Z", "cloudinary_public_id": "authorsinfo/post_photos/mcg6ttapvzjj2s9qeflz"}', 'authorsinfo/post_photos', 'cloudinary', true, 'completed', NULL, NULL, NULL, NULL, NULL, NULL, NULL, 0.00, 'safe', NULL, NULL, NULL, 0, 0, 0, 0, 0, 0.00, false, false, false, false, 'original', NULL, false, '2474659f-003e-4faa-8c53-9969c33f20b2', 'user'),
	('3158a211-d0cb-4ec8-a906-a868523fb7e6', 'https://res.cloudinary.com/dj8yugwyp/image/upload/v1755232356/authorsinfo/post_photos/ioajyqwnvif9ohpl9elc.webp', 'Post photo by User', '2025-08-15 04:32:37.299333+00', '2025-08-15 04:32:37.299333+00', NULL, NULL, NULL, 'j70n2byiegc3kqmpcvbk.avif', 29215, NULL, NULL, NULL, 'image/avif', NULL, '{"entity_id": "2474659f-003e-4faa-8c53-9969c33f20b2", "file_size": 29215, "entity_type": "user", "content_type": "image/avif", "original_name": "j70n2byiegc3kqmpcvbk.avif", "upload_timestamp": "2025-08-15T04:32:37.210Z", "cloudinary_public_id": "authorsinfo/post_photos/ioajyqwnvif9ohpl9elc"}', 'authorsinfo/post_photos', 'cloudinary', true, 'completed', NULL, NULL, NULL, NULL, NULL, NULL, NULL, 0.00, 'safe', NULL, NULL, NULL, 0, 0, 0, 0, 0, 0.00, false, false, false, false, 'original', NULL, false, '2474659f-003e-4faa-8c53-9969c33f20b2', 'user'),
	('cca59ada-ee68-4b5b-8b03-11647fc3d825', 'https://res.cloudinary.com/dj8yugwyp/image/upload/v1755232356/authorsinfo/post_photos/ioajyqwnvif9ohpl9elc.webp', 'Post image 2 by User', '2025-08-15 04:32:52.100371+00', '2025-08-15 04:32:52.100371+00', NULL, NULL, NULL, NULL, NULL, NULL, NULL, NULL, NULL, NULL, '{"source": "timeline_post", "entity_id": "2474659f-003e-4faa-8c53-9969c33f20b2", "post_type": "user_post", "album_type": "user_gallery_album", "entity_type": "user", "image_index": 2, "uploaded_at": "2025-08-15T04:32:51.698Z", "total_images": 3, "uploaded_via": "entity_image_api"}', NULL, 'supabase', false, NULL, NULL, NULL, NULL, NULL, NULL, NULL, NULL, 0.00, 'safe', NULL, NULL, NULL, 0, 0, 0, 0, 0, 0.00, false, false, false, false, 'original', NULL, false, '2474659f-003e-4faa-8c53-9969c33f20b2', 'user'),
	('829e14b3-cc01-4ff7-9ef8-41b2d2c3e801', 'https://res.cloudinary.com/dj8yugwyp/image/upload/v1755235803/authorsinfo/post_photos/wkkqsbdrwqpzepg8c9qn.webp', 'Post photo by User', '2025-08-15 05:30:04.028023+00', '2025-08-15 05:30:04.028023+00', NULL, NULL, NULL, 'wuckmc2rhxvl7l0qypfj.webp', 51874, NULL, NULL, NULL, 'image/webp', NULL, '{"entity_id": "2474659f-003e-4faa-8c53-9969c33f20b2", "file_size": 51874, "entity_type": "user", "content_type": "image/webp", "original_name": "wuckmc2rhxvl7l0qypfj.webp", "upload_timestamp": "2025-08-15T05:30:03.911Z", "cloudinary_public_id": "authorsinfo/post_photos/wkkqsbdrwqpzepg8c9qn"}', 'authorsinfo/post_photos', 'cloudinary', true, 'completed', NULL, NULL, NULL, NULL, NULL, NULL, NULL, 0.00, 'safe', NULL, NULL, NULL, 0, 0, 0, 0, 0, 0.00, false, false, false, false, 'original', NULL, false, '2474659f-003e-4faa-8c53-9969c33f20b2', 'user'),
	('df279488-8250-4cc6-9ee2-c993ad6db5ed', 'https://res.cloudinary.com/dj8yugwyp/image/upload/v1755236251/authorsinfo/post_photos/m7xqs3jnzvz3nbmd7vy4.webp', 'Post photo by User', '2025-08-15 05:37:31.725731+00', '2025-08-15 05:37:31.725731+00', NULL, NULL, NULL, 'tsyp6ahmfl5m0eq1p25y.webp', 88800, NULL, NULL, NULL, 'image/webp', NULL, '{"entity_id": "2474659f-003e-4faa-8c53-9969c33f20b2", "file_size": 88800, "entity_type": "user", "content_type": "image/webp", "original_name": "tsyp6ahmfl5m0eq1p25y.webp", "upload_timestamp": "2025-08-15T05:37:31.598Z", "cloudinary_public_id": "authorsinfo/post_photos/m7xqs3jnzvz3nbmd7vy4"}', 'authorsinfo/post_photos', 'cloudinary', true, 'completed', NULL, NULL, NULL, NULL, NULL, NULL, NULL, 0.00, 'safe', NULL, NULL, NULL, 0, 0, 0, 0, 0, 0.00, false, false, false, false, 'original', NULL, false, '2474659f-003e-4faa-8c53-9969c33f20b2', 'user'),
	('e398b5b9-f193-4946-b86d-84ccffd353e8', 'https://res.cloudinary.com/dj8yugwyp/image/upload/v1755405769/authorsinfo/post_photos/umqlrnvjho3nwa4pdmez.webp', 'Post image 1 by User', '2025-08-17 04:43:18.302752+00', '2025-08-17 04:43:18.302752+00', NULL, NULL, NULL, NULL, NULL, NULL, NULL, NULL, NULL, NULL, '{"source": "timeline_post", "entity_id": "2474659f-003e-4faa-8c53-9969c33f20b2", "post_type": "user_post", "album_type": "user_gallery_album", "entity_type": "user", "image_index": 1, "uploaded_at": "2025-08-17T04:43:16.045Z", "total_images": 1, "uploaded_via": "entity_image_api"}', NULL, 'supabase', false, NULL, NULL, NULL, NULL, NULL, NULL, NULL, NULL, 0.00, 'safe', NULL, NULL, NULL, 0, 0, 0, 0, 0, 0.00, false, false, false, false, 'original', NULL, false, '2474659f-003e-4faa-8c53-9969c33f20b2', 'user'),
	('8c786f71-8092-412b-9657-99693532b4f0', 'https://res.cloudinary.com/dj8yugwyp/image/upload/v1753939143/user_album_album_d677f90e-2d80-433e-90a0-1717fef7bc8d/dek97zfjfe88rnlrvgfu.webp', 'album image 3 for user album d677f90e-2d80-433e-90a0-1717fef7bc8d', '2025-07-31 05:19:04.006651+00', '2025-07-31 05:19:04.006651+00', NULL, NULL, NULL, NULL, 49836, 777, 1200, 'webp', 'image/webp', NULL, '{"cloudinary_public_id": "user_album_album_d677f90e-2d80-433e-90a0-1717fef7bc8d/dek97zfjfe88rnlrvgfu"}', 'user_album_album_d677f90e-2d80-433e-90a0-1717fef7bc8d', 'cloudinary', false, NULL, NULL, NULL, NULL, NULL, NULL, NULL, NULL, 0.00, 'safe', NULL, NULL, NULL, 0, 4, 0, 0, 0, 0.00, false, false, false, false, 'original', NULL, false, '2474659f-003e-4faa-8c53-9969c33f20b2', 'user'),
	('016d8008-7180-40f6-9660-9193a4318be4', 'https://res.cloudinary.com/dj8yugwyp/image/upload/v1755367779/authorsinfo/post_photos/glpgul8ypncmuiikzcx3.webp', 'Post image 1 by User', '2025-08-16 18:10:34.16119+00', '2025-08-16 18:10:34.16119+00', NULL, NULL, NULL, NULL, NULL, NULL, NULL, NULL, NULL, NULL, '{"source": "timeline_post", "entity_id": "2474659f-003e-4faa-8c53-9969c33f20b2", "post_type": "user_post", "album_type": "user_gallery_album", "entity_type": "user", "image_index": 1, "uploaded_at": "2025-08-16T18:10:32.008Z", "total_images": 1, "uploaded_via": "entity_image_api"}', NULL, 'supabase', false, NULL, NULL, NULL, NULL, NULL, NULL, NULL, NULL, 0.00, 'safe', NULL, NULL, NULL, 0, 0, 0, 0, 0, 0.00, false, false, false, false, 'original', NULL, false, '2474659f-003e-4faa-8c53-9969c33f20b2', 'user'),
	('eadb4d85-051c-4d6d-86b4-6bcc6934e9bd', 'https://res.cloudinary.com/dj8yugwyp/image/upload/v1755405891/authorsinfo/post_photos/qkx81jv0hyjlds2l0ir7.webp', 'Post photo by User', '2025-08-17 04:44:51.622852+00', '2025-08-17 04:44:51.622852+00', NULL, NULL, NULL, 'j70n2byiegc3kqmpcvbk.avif', 29215, NULL, NULL, NULL, 'image/avif', NULL, '{"entity_id": "e06cdf85-b449-4dcb-b943-068aaad8cfa3", "file_size": 29215, "entity_type": "user", "content_type": "image/avif", "original_name": "j70n2byiegc3kqmpcvbk.avif", "upload_timestamp": "2025-08-17T04:44:51.504Z", "cloudinary_public_id": "authorsinfo/post_photos/qkx81jv0hyjlds2l0ir7"}', 'authorsinfo/post_photos', 'cloudinary', true, 'completed', NULL, NULL, NULL, NULL, NULL, NULL, NULL, 0.00, 'safe', NULL, NULL, NULL, 0, 0, 0, 0, 0, 0.00, false, false, false, false, 'original', NULL, false, '2474659f-003e-4faa-8c53-9969c33f20b2', 'user'),
	('c3a15f45-c183-41d8-8d63-c4a397eb6858', 'https://res.cloudinary.com/dj8yugwyp/image/upload/v1755192568/authorsinfo/post_photos/ozr1iafl7xkzi9kjsbhe.webp', 'Post photo by User', '2025-08-14 17:29:28.847375+00', '2025-08-14 17:29:28.847375+00', NULL, NULL, NULL, '275604581_3279942738900588_160135012164989122_n.jpg', 73628, NULL, NULL, NULL, 'image/jpeg', NULL, '{"entity_id": "2474659f-003e-4faa-8c53-9969c33f20b2", "file_size": 73628, "entity_type": "user", "content_type": "image/jpeg", "original_name": "275604581_3279942738900588_160135012164989122_n.jpg", "upload_timestamp": "2025-08-14T17:29:28.952Z", "cloudinary_public_id": "authorsinfo/post_photos/ozr1iafl7xkzi9kjsbhe"}', 'authorsinfo/post_photos', 'cloudinary', true, 'completed', NULL, NULL, NULL, NULL, NULL, NULL, NULL, 0.00, 'safe', NULL, NULL, NULL, 0, 0, 0, 0, 0, 0.00, false, false, false, false, 'original', NULL, false, '2474659f-003e-4faa-8c53-9969c33f20b2', 'user'),
	('0f9b2327-4f77-44aa-9973-0b3842fc2b9f', 'https://res.cloudinary.com/dj8yugwyp/image/upload/v1755218227/authorsinfo/post_photos/hxpqlokbws6cboh2rtxk.webp', 'Post photo by User', '2025-08-15 00:37:07.820364+00', '2025-08-15 00:37:07.820364+00', NULL, NULL, NULL, '275604581_3279942738900588_160135012164989122_n.jpg', 73628, NULL, NULL, NULL, 'image/jpeg', NULL, '{"entity_id": "2474659f-003e-4faa-8c53-9969c33f20b2", "file_size": 73628, "entity_type": "user", "content_type": "image/jpeg", "original_name": "275604581_3279942738900588_160135012164989122_n.jpg", "upload_timestamp": "2025-08-15T00:37:07.684Z", "cloudinary_public_id": "authorsinfo/post_photos/hxpqlokbws6cboh2rtxk"}', 'authorsinfo/post_photos', 'cloudinary', true, 'completed', NULL, NULL, NULL, NULL, NULL, NULL, NULL, 0.00, 'safe', NULL, NULL, NULL, 0, 0, 0, 0, 0, 0.00, false, false, false, false, 'original', NULL, false, '2474659f-003e-4faa-8c53-9969c33f20b2', 'user'),
	('24de2e1f-b957-41d0-8a10-855fa22fbe2c', 'https://res.cloudinary.com/dj8yugwyp/image/upload/v1755223161/authorsinfo/post_photos/pbu8eunahptshploqzvr.webp', 'Post photo by User', '2025-08-15 01:59:22.851278+00', '2025-08-15 01:59:22.851278+00', NULL, NULL, NULL, '275604581_3279942738900588_160135012164989122_n.jpg', 73628, NULL, NULL, NULL, 'image/jpeg', NULL, '{"entity_id": "2474659f-003e-4faa-8c53-9969c33f20b2", "file_size": 73628, "entity_type": "user", "content_type": "image/jpeg", "original_name": "275604581_3279942738900588_160135012164989122_n.jpg", "upload_timestamp": "2025-08-15T01:59:22.644Z", "cloudinary_public_id": "authorsinfo/post_photos/pbu8eunahptshploqzvr"}', 'authorsinfo/post_photos', 'cloudinary', true, 'completed', NULL, NULL, NULL, NULL, NULL, NULL, NULL, 0.00, 'safe', NULL, NULL, NULL, 0, 0, 0, 0, 0, 0.00, false, false, false, false, 'original', NULL, false, '2474659f-003e-4faa-8c53-9969c33f20b2', 'user'),
	('8f9e239f-38c3-4ca9-b367-ce30b7f092ff', 'https://res.cloudinary.com/dj8yugwyp/image/upload/v1755230551/authorsinfo/post_photos/n7y1yhbjxxxf7b1ququd.webp', 'Post photo by User', '2025-08-15 04:02:31.867282+00', '2025-08-15 04:02:31.867282+00', NULL, NULL, NULL, 'rnfajfd8tpniemdayzen.webp', 81668, NULL, NULL, NULL, 'image/webp', NULL, '{"entity_id": "2474659f-003e-4faa-8c53-9969c33f20b2", "file_size": 81668, "entity_type": "user", "content_type": "image/webp", "original_name": "rnfajfd8tpniemdayzen.webp", "upload_timestamp": "2025-08-15T04:02:31.798Z", "cloudinary_public_id": "authorsinfo/post_photos/n7y1yhbjxxxf7b1ququd"}', 'authorsinfo/post_photos', 'cloudinary', true, 'completed', NULL, NULL, NULL, NULL, NULL, NULL, NULL, 0.00, 'safe', NULL, NULL, NULL, 0, 0, 0, 0, 0, 0.00, false, false, false, false, 'original', NULL, false, '2474659f-003e-4faa-8c53-9969c33f20b2', 'user'),
	('7700f910-71c7-4f1f-a889-359f146abac1', 'https://res.cloudinary.com/dj8yugwyp/image/upload/v1755232357/authorsinfo/post_photos/wj7zjrhl715ccyhdf4vp.webp', 'Post photo by User', '2025-08-15 04:32:39.679192+00', '2025-08-15 04:32:39.679192+00', NULL, NULL, NULL, 'Backup-Site-Restoration-Script-v-9-2-5-07-17-2025_11_24_AM.png', 208550, NULL, NULL, NULL, 'image/png', NULL, '{"entity_id": "2474659f-003e-4faa-8c53-9969c33f20b2", "file_size": 208550, "entity_type": "user", "content_type": "image/png", "original_name": "Backup-Site-Restoration-Script-v-9-2-5-07-17-2025_11_24_AM.png", "upload_timestamp": "2025-08-15T04:32:39.581Z", "cloudinary_public_id": "authorsinfo/post_photos/wj7zjrhl715ccyhdf4vp"}', 'authorsinfo/post_photos', 'cloudinary', true, 'completed', NULL, NULL, NULL, NULL, NULL, NULL, NULL, 0.00, 'safe', NULL, NULL, NULL, 0, 0, 0, 0, 0, 0.00, false, false, false, false, 'original', NULL, false, '2474659f-003e-4faa-8c53-9969c33f20b2', 'user'),
	('1634dff8-85b8-49b6-91d3-ce65f1d0690a', 'https://res.cloudinary.com/dj8yugwyp/image/upload/v1755235804/authorsinfo/post_photos/tnfrttxgktq9xmbiocns.webp', 'Post photo by User', '2025-08-15 05:30:04.778423+00', '2025-08-15 05:30:04.778423+00', NULL, NULL, NULL, 'tsyp6ahmfl5m0eq1p25y.webp', 88800, NULL, NULL, NULL, 'image/webp', NULL, '{"entity_id": "2474659f-003e-4faa-8c53-9969c33f20b2", "file_size": 88800, "entity_type": "user", "content_type": "image/webp", "original_name": "tsyp6ahmfl5m0eq1p25y.webp", "upload_timestamp": "2025-08-15T05:30:04.658Z", "cloudinary_public_id": "authorsinfo/post_photos/tnfrttxgktq9xmbiocns"}', 'authorsinfo/post_photos', 'cloudinary', true, 'completed', NULL, NULL, NULL, NULL, NULL, NULL, NULL, 0.00, 'safe', NULL, NULL, NULL, 0, 0, 0, 0, 0, 0.00, false, false, false, false, 'original', NULL, false, '2474659f-003e-4faa-8c53-9969c33f20b2', 'user'),
	('669d5412-f4ab-43e9-98ce-188322ec03d7', 'https://res.cloudinary.com/dj8yugwyp/image/upload/v1755235804/authorsinfo/post_photos/tnfrttxgktq9xmbiocns.webp', 'Post image 3 by User', '2025-08-15 05:30:20.224577+00', '2025-08-15 05:30:20.224577+00', NULL, NULL, NULL, NULL, NULL, NULL, NULL, NULL, NULL, NULL, '{"source": "timeline_post", "entity_id": "2474659f-003e-4faa-8c53-9969c33f20b2", "post_type": "user_post", "album_type": "user_gallery_album", "entity_type": "user", "image_index": 3, "uploaded_at": "2025-08-15T05:30:19.803Z", "total_images": 3, "uploaded_via": "entity_image_api"}', NULL, 'supabase', false, NULL, NULL, NULL, NULL, NULL, NULL, NULL, NULL, 0.00, 'safe', NULL, NULL, NULL, 0, 0, 0, 0, 0, 0.00, false, false, false, false, 'original', NULL, false, '2474659f-003e-4faa-8c53-9969c33f20b2', 'user'),
	('dcff45e5-6a5d-4327-8dc2-6bfc03bb9106', 'https://res.cloudinary.com/dj8yugwyp/image/upload/v1755236251/authorsinfo/post_photos/dg92bnu0dtlgzwwpgttb.webp', 'Post photo by User', '2025-08-15 05:37:32.531244+00', '2025-08-15 05:37:32.531244+00', NULL, NULL, NULL, 'rnfajfd8tpniemdayzen.webp', 81668, NULL, NULL, NULL, 'image/webp', NULL, '{"entity_id": "2474659f-003e-4faa-8c53-9969c33f20b2", "file_size": 81668, "entity_type": "user", "content_type": "image/webp", "original_name": "rnfajfd8tpniemdayzen.webp", "upload_timestamp": "2025-08-15T05:37:32.400Z", "cloudinary_public_id": "authorsinfo/post_photos/dg92bnu0dtlgzwwpgttb"}', 'authorsinfo/post_photos', 'cloudinary', true, 'completed', NULL, NULL, NULL, NULL, NULL, NULL, NULL, 0.00, 'safe', NULL, NULL, NULL, 0, 0, 0, 0, 0, 0.00, false, false, false, false, 'original', NULL, false, '2474659f-003e-4faa-8c53-9969c33f20b2', 'user'),
	('d91c213c-5ba5-4791-bb4a-62942f66d71b', 'https://res.cloudinary.com/dj8yugwyp/image/upload/v1755366887/authorsinfo/post_photos/cx8nuusizvok0rduldkj.webp', 'Post photo by User', '2025-08-16 17:54:48.377378+00', '2025-08-16 17:54:48.377378+00', NULL, NULL, NULL, 'tsyp6ahmfl5m0eq1p25y.webp', 88800, NULL, NULL, NULL, 'image/webp', NULL, '{"entity_id": "2474659f-003e-4faa-8c53-9969c33f20b2", "file_size": 88800, "entity_type": "user", "content_type": "image/webp", "original_name": "tsyp6ahmfl5m0eq1p25y.webp", "upload_timestamp": "2025-08-16T17:54:48.218Z", "cloudinary_public_id": "authorsinfo/post_photos/cx8nuusizvok0rduldkj"}', 'authorsinfo/post_photos', 'cloudinary', true, 'completed', NULL, NULL, NULL, NULL, NULL, NULL, NULL, 0.00, 'safe', NULL, NULL, NULL, 0, 0, 0, 0, 0, 0.00, false, false, false, false, 'original', NULL, false, '2474659f-003e-4faa-8c53-9969c33f20b2', 'user'),
	('95f36458-50a4-43a3-b1cd-5b69c3fbf1ad', 'https://res.cloudinary.com/dj8yugwyp/image/upload/v1755368207/authorsinfo/post_photos/sgrcuuekkor46p6xcxjt.webp', 'Post photo by User', '2025-08-16 18:16:48.426677+00', '2025-08-16 18:16:48.426677+00', NULL, NULL, NULL, '275604581_3279942738900588_160135012164989122_n.jpg', 73628, NULL, NULL, NULL, 'image/jpeg', NULL, '{"entity_id": "2474659f-003e-4faa-8c53-9969c33f20b2", "file_size": 73628, "entity_type": "user", "content_type": "image/jpeg", "original_name": "275604581_3279942738900588_160135012164989122_n.jpg", "upload_timestamp": "2025-08-16T18:16:48.390Z", "cloudinary_public_id": "authorsinfo/post_photos/sgrcuuekkor46p6xcxjt"}', 'authorsinfo/post_photos', 'cloudinary', true, 'completed', NULL, NULL, NULL, NULL, NULL, NULL, NULL, 0.00, 'safe', NULL, NULL, NULL, 0, 0, 0, 0, 0, 0.00, false, false, false, false, 'original', NULL, false, '2474659f-003e-4faa-8c53-9969c33f20b2', 'user'),
	('e81cf0f0-c649-4dfe-85f1-12e3f80cfa20', 'https://res.cloudinary.com/dj8yugwyp/image/upload/v1755405889/authorsinfo/post_photos/nuxdifv1wyic6rtx9nyy.webp', 'Post photo by User', '2025-08-17 04:44:50.454126+00', '2025-08-17 04:44:50.454126+00', NULL, NULL, NULL, 'rnfajfd8tpniemdayzen.webp', 81668, NULL, NULL, NULL, 'image/webp', NULL, '{"entity_id": "e06cdf85-b449-4dcb-b943-068aaad8cfa3", "file_size": 81668, "entity_type": "user", "content_type": "image/webp", "original_name": "rnfajfd8tpniemdayzen.webp", "upload_timestamp": "2025-08-17T04:44:50.228Z", "cloudinary_public_id": "authorsinfo/post_photos/nuxdifv1wyic6rtx9nyy"}', 'authorsinfo/post_photos', 'cloudinary', true, 'completed', NULL, NULL, NULL, NULL, NULL, NULL, NULL, 0.00, 'safe', NULL, NULL, NULL, 0, 0, 0, 0, 0, 0.00, false, false, false, false, 'original', NULL, false, '2474659f-003e-4faa-8c53-9969c33f20b2', 'user'),
	('ba653ce4-5a3e-467e-a6e0-d48f08163d3a', 'https://res.cloudinary.com/dj8yugwyp/image/upload/v1755449307/authorsinfo/post_photos/noutgvz9yqvmpfypjmuf.webp', 'Post image 1 by User', '2025-08-17 16:48:46.822298+00', '2025-08-17 16:48:46.822298+00', NULL, NULL, NULL, NULL, NULL, NULL, NULL, NULL, NULL, 'Post image 1', '{"source": "timeline_post", "post_type": "user_post", "image_index": 1, "uploaded_at": "2025-08-17T16:48:46.552Z", "total_images": 4}', NULL, 'supabase', false, NULL, NULL, NULL, NULL, NULL, NULL, NULL, NULL, 0.00, 'safe', NULL, NULL, NULL, 0, 2, 0, 0, 0, 0.00, false, false, false, false, 'original', NULL, false, '2474659f-003e-4faa-8c53-9969c33f20b2', 'user'),
	('44c520f7-43af-4abb-acf6-e00f50b74f3b', 'https://res.cloudinary.com/dj8yugwyp/image/upload/v1753939140/user_album_album_d677f90e-2d80-433e-90a0-1717fef7bc8d/earrlduh2mbukgpcc3ns.webp', 'album image 1 for user album d677f90e-2d80-433e-90a0-1717fef7bc8d', '2025-07-31 05:19:01.108004+00', '2025-07-31 05:19:01.108004+00', NULL, NULL, NULL, NULL, 31276, 777, 1200, 'webp', 'image/webp', NULL, '{"cloudinary_public_id": "user_album_album_d677f90e-2d80-433e-90a0-1717fef7bc8d/earrlduh2mbukgpcc3ns"}', 'user_album_album_d677f90e-2d80-433e-90a0-1717fef7bc8d', 'cloudinary', false, NULL, NULL, NULL, NULL, NULL, NULL, NULL, NULL, 0.00, 'safe', NULL, NULL, NULL, 0, 1, 0, 0, 0, 0.00, false, false, false, false, 'original', NULL, false, '2474659f-003e-4faa-8c53-9969c33f20b2', 'user'),
	('223a1209-b949-4188-8796-5372ecd50cfe', 'https://res.cloudinary.com/dj8yugwyp/image/upload/v1753889967/user_album_album_a3231fc2-9374-47bb-9787-5cfa7a0c9890/oux6yuvxqxpbysawfv57.webp', 'album image 3 for user album a3231fc2-9374-47bb-9787-5cfa7a0c9890', '2025-07-30 15:39:28.845491+00', '2025-07-30 15:39:28.845491+00', NULL, NULL, NULL, NULL, 49836, 777, 1200, 'webp', 'image/webp', NULL, '{"cloudinary_public_id": "user_album_album_a3231fc2-9374-47bb-9787-5cfa7a0c9890/oux6yuvxqxpbysawfv57"}', 'user_album_album_a3231fc2-9374-47bb-9787-5cfa7a0c9890', 'cloudinary', false, NULL, NULL, NULL, NULL, NULL, NULL, NULL, NULL, 0.00, 'safe', NULL, NULL, NULL, 0, 6, 0, 0, 0, 0.00, false, false, false, false, 'original', NULL, false, 'e06cdf85-b449-4dcb-b943-068aaad8cfa3', 'user'),
	('2751be33-e1d0-42c3-841a-fc81e10271d7', 'https://res.cloudinary.com/dj8yugwyp/image/upload/v1753938885/user_album_album_dfe0fb85-9fa0-479f-9e21-ea95ceef695b/n5pxwvvuezimifxswemu.webp', 'album image 2 for user album dfe0fb85-9fa0-479f-9e21-ea95ceef695b', '2025-07-31 05:14:46.74481+00', '2025-07-31 05:14:46.74481+00', NULL, NULL, NULL, NULL, 54614, 777, 1200, 'webp', 'image/webp', NULL, '{"cloudinary_public_id": "user_album_album_dfe0fb85-9fa0-479f-9e21-ea95ceef695b/n5pxwvvuezimifxswemu"}', 'user_album_album_dfe0fb85-9fa0-479f-9e21-ea95ceef695b', 'cloudinary', false, NULL, NULL, NULL, NULL, NULL, NULL, NULL, NULL, 0.00, 'safe', NULL, NULL, NULL, 0, 1, 0, 0, 0, 0.00, false, false, false, false, 'original', NULL, false, '2474659f-003e-4faa-8c53-9969c33f20b2', 'user'),
	('07c7b5c9-19c5-4a39-95d1-ebfc1c845771', 'https://res.cloudinary.com/dj8yugwyp/image/upload/v1755199712/authorsinfo/post_photos/qtrsbshl85fpwu2qbpe5.webp', 'Post photo by User', '2025-08-14 19:28:33.687071+00', '2025-08-14 19:28:33.687071+00', NULL, NULL, NULL, '275604581_3279942738900588_160135012164989122_n.jpg', 73628, NULL, NULL, NULL, 'image/jpeg', NULL, '{"entity_id": "2474659f-003e-4faa-8c53-9969c33f20b2", "file_size": 73628, "entity_type": "user", "content_type": "image/jpeg", "original_name": "275604581_3279942738900588_160135012164989122_n.jpg", "upload_timestamp": "2025-08-14T19:28:33.630Z", "cloudinary_public_id": "authorsinfo/post_photos/qtrsbshl85fpwu2qbpe5"}', 'authorsinfo/post_photos', 'cloudinary', true, 'completed', NULL, NULL, NULL, NULL, NULL, NULL, NULL, 0.00, 'safe', NULL, NULL, NULL, 0, 0, 0, 0, 0, 0.00, false, false, false, false, 'original', NULL, false, '2474659f-003e-4faa-8c53-9969c33f20b2', 'user'),
	('a032f7cd-7400-4c6e-978b-93d6d4a8918e', 'https://res.cloudinary.com/dj8yugwyp/image/upload/v1755213254/authorsinfo/post_photos/y9rxyskwepbu9mdwm0ow.webp', 'Post photo by User', '2025-08-14 23:14:14.997179+00', '2025-08-14 23:14:14.997179+00', NULL, NULL, NULL, 'wuckmc2rhxvl7l0qypfj.webp', 51874, NULL, NULL, NULL, 'image/webp', NULL, '{"entity_id": "2474659f-003e-4faa-8c53-9969c33f20b2", "file_size": 51874, "entity_type": "user", "content_type": "image/webp", "original_name": "wuckmc2rhxvl7l0qypfj.webp", "upload_timestamp": "2025-08-14T23:14:14.790Z", "cloudinary_public_id": "authorsinfo/post_photos/y9rxyskwepbu9mdwm0ow"}', 'authorsinfo/post_photos', 'cloudinary', true, 'completed', NULL, NULL, NULL, NULL, NULL, NULL, NULL, 0.00, 'safe', NULL, NULL, NULL, 0, 0, 0, 0, 0, 0.00, false, false, false, false, 'original', NULL, false, '2474659f-003e-4faa-8c53-9969c33f20b2', 'user'),
	('cc4caa5f-9ce4-4815-83b0-9be4d3ed0be7', 'https://res.cloudinary.com/dj8yugwyp/image/upload/v1753939141/user_album_album_d677f90e-2d80-433e-90a0-1717fef7bc8d/iedtv59h0m1qkn3ik0cc.webp', 'album image 2 for user album d677f90e-2d80-433e-90a0-1717fef7bc8d', '2025-07-31 05:19:02.729217+00', '2025-07-31 05:19:02.729217+00', NULL, NULL, NULL, NULL, 54614, 777, 1200, 'webp', 'image/webp', NULL, '{"cloudinary_public_id": "user_album_album_d677f90e-2d80-433e-90a0-1717fef7bc8d/iedtv59h0m1qkn3ik0cc"}', 'user_album_album_d677f90e-2d80-433e-90a0-1717fef7bc8d', 'cloudinary', false, NULL, NULL, NULL, NULL, NULL, NULL, NULL, NULL, 0.00, 'safe', NULL, NULL, NULL, 0, 2, 0, 0, 0, 0.00, false, false, false, false, 'original', NULL, false, '2474659f-003e-4faa-8c53-9969c33f20b2', 'user'),
	('5e0a363a-f605-4328-ad75-061259d15bbb', 'https://res.cloudinary.com/dj8yugwyp/image/upload/v1755221119/authorsinfo/post_photos/od0ptdcb6md5ydj8wg3t.webp', 'Post photo by User', '2025-08-15 01:25:20.258158+00', '2025-08-15 01:25:20.258158+00', NULL, NULL, NULL, '275604581_3279942738900588_160135012164989122_n.jpg', 73628, NULL, NULL, NULL, 'image/jpeg', NULL, '{"entity_id": "2474659f-003e-4faa-8c53-9969c33f20b2", "file_size": 73628, "entity_type": "user", "content_type": "image/jpeg", "original_name": "275604581_3279942738900588_160135012164989122_n.jpg", "upload_timestamp": "2025-08-15T01:25:20.145Z", "cloudinary_public_id": "authorsinfo/post_photos/od0ptdcb6md5ydj8wg3t"}', 'authorsinfo/post_photos', 'cloudinary', true, 'completed', NULL, NULL, NULL, NULL, NULL, NULL, NULL, 0.00, 'safe', NULL, NULL, NULL, 0, 0, 0, 0, 0, 0.00, false, false, false, false, 'original', NULL, false, '2474659f-003e-4faa-8c53-9969c33f20b2', 'user'),
	('e117e984-86cb-45c0-b108-05f99b43a0d6', 'https://res.cloudinary.com/dj8yugwyp/image/upload/v1753931437/user_album_album_dfe0fb85-9fa0-479f-9e21-ea95ceef695b/fsbfssp0nbfkaif94gma.webp', 'album image 2 for user album dfe0fb85-9fa0-479f-9e21-ea95ceef695b', '2025-07-31 03:10:38.404274+00', '2025-07-31 03:10:38.404274+00', NULL, NULL, NULL, NULL, 54614, 777, 1200, 'webp', 'image/webp', NULL, '{"cloudinary_public_id": "user_album_album_dfe0fb85-9fa0-479f-9e21-ea95ceef695b/fsbfssp0nbfkaif94gma"}', 'user_album_album_dfe0fb85-9fa0-479f-9e21-ea95ceef695b', 'cloudinary', false, NULL, NULL, NULL, NULL, NULL, NULL, NULL, NULL, 0.00, 'safe', NULL, NULL, NULL, 0, 1, 0, 0, 0, 0.00, false, false, false, false, 'original', NULL, false, '2474659f-003e-4faa-8c53-9969c33f20b2', 'user'),
	('7935c89c-f32b-483c-b2a9-40b3bd6d7729', 'https://res.cloudinary.com/dj8yugwyp/image/upload/v1755639930/authorsinfo/book_entity_header_cover/oc8p6oigiiazwof768xm.webp', 'Entity header cover for book Touch', '2025-08-19 21:45:34.860499+00', '2025-08-19 21:45:34.860499+00', NULL, NULL, NULL, 'cropped-cover.jpg', 126888, NULL, NULL, NULL, 'image/jpeg', NULL, NULL, 'authorsinfo/book_entity_header_cover', 'cloudinary', true, 'completed', NULL, NULL, NULL, NULL, NULL, NULL, NULL, 0.00, 'safe', NULL, NULL, NULL, 0, 0, 0, 0, 0, 0.00, false, false, false, false, 'original', NULL, false, NULL, 'user'),
	('0796e5a7-ee67-4079-b84e-3dc733f5eb1f', 'https://res.cloudinary.com/dj8yugwyp/image/upload/v1755657499/authorsinfo/book_entity_header_cover/lhcbwg4we2ez0j1ut56x.webp', 'Entity header cover for book Touch', '2025-08-20 02:38:21.340404+00', '2025-08-20 02:38:21.340404+00', NULL, NULL, NULL, 'cropped-cover.jpg', 101607, NULL, NULL, NULL, 'image/jpeg', NULL, NULL, 'authorsinfo/book_entity_header_cover', 'cloudinary', true, 'completed', NULL, NULL, NULL, NULL, NULL, NULL, NULL, 0.00, 'safe', NULL, NULL, NULL, 0, 0, 0, 0, 0, 0.00, false, false, false, false, 'original', NULL, false, NULL, 'user'),
	('bbc751cf-e7d8-43d9-81d4-bb5c4718b756', 'https://res.cloudinary.com/dj8yugwyp/image/upload/v1753938884/user_album_album_dfe0fb85-9fa0-479f-9e21-ea95ceef695b/ek6a593ahndzilelmund.webp', 'album image 1 for user album dfe0fb85-9fa0-479f-9e21-ea95ceef695b', '2025-07-31 05:14:45.618499+00', '2025-07-31 05:14:45.618499+00', NULL, NULL, NULL, NULL, 31276, 777, 1200, 'webp', 'image/webp', NULL, '{"cloudinary_public_id": "user_album_album_dfe0fb85-9fa0-479f-9e21-ea95ceef695b/ek6a593ahndzilelmund"}', 'user_album_album_dfe0fb85-9fa0-479f-9e21-ea95ceef695b', 'cloudinary', false, NULL, NULL, NULL, NULL, NULL, NULL, NULL, NULL, 0.00, 'safe', NULL, NULL, NULL, 0, 1, 0, 0, 0, 0.00, false, false, false, false, 'original', NULL, false, '2474659f-003e-4faa-8c53-9969c33f20b2', 'user'),
	('a481569f-37e1-4ee8-a43b-86fee447365b', 'https://res.cloudinary.com/dj8yugwyp/image/upload/v1753889966/user_album_album_a3231fc2-9374-47bb-9787-5cfa7a0c9890/bm6hjku9tv7clajqmxs1.webp', 'album image 2 for user album a3231fc2-9374-47bb-9787-5cfa7a0c9890', '2025-07-30 15:39:27.273908+00', '2025-07-30 15:39:27.273908+00', NULL, NULL, NULL, NULL, 54614, 777, 1200, 'webp', 'image/webp', NULL, '{"cloudinary_public_id": "user_album_album_a3231fc2-9374-47bb-9787-5cfa7a0c9890/bm6hjku9tv7clajqmxs1"}', 'user_album_album_a3231fc2-9374-47bb-9787-5cfa7a0c9890', 'cloudinary', false, NULL, NULL, NULL, NULL, NULL, NULL, NULL, NULL, 0.00, 'safe', NULL, NULL, NULL, 0, 5, 0, 0, 0, 0.00, false, false, false, false, 'original', NULL, false, 'e06cdf85-b449-4dcb-b943-068aaad8cfa3', 'user'),
	('fd234ec4-d10d-42dc-ae3d-a729c55340c6', 'https://res.cloudinary.com/dj8yugwyp/image/upload/v1753931438/user_album_album_dfe0fb85-9fa0-479f-9e21-ea95ceef695b/momb3coqt3nqcu0gzimg.webp', 'album image 3 for user album dfe0fb85-9fa0-479f-9e21-ea95ceef695b', '2025-07-31 03:10:39.593524+00', '2025-07-31 03:10:39.593524+00', NULL, NULL, NULL, NULL, 49836, 777, 1200, 'webp', 'image/webp', NULL, '{"cloudinary_public_id": "user_album_album_dfe0fb85-9fa0-479f-9e21-ea95ceef695b/momb3coqt3nqcu0gzimg"}', 'user_album_album_dfe0fb85-9fa0-479f-9e21-ea95ceef695b', 'cloudinary', false, NULL, NULL, NULL, NULL, NULL, NULL, NULL, NULL, 0.00, 'safe', NULL, NULL, NULL, 0, 1, 0, 0, 0, 0.00, false, false, false, false, 'original', NULL, false, '2474659f-003e-4faa-8c53-9969c33f20b2', 'user'),
	('345bf8d4-c852-4f0e-9a15-df8c8bfba1d4', 'https://res.cloudinary.com/dj8yugwyp/image/upload/v1753886570/user_album_album_a3231fc2-9374-47bb-9787-5cfa7a0c9890/aw3d5aoo1nccec9vdzw8.webp', 'album image 3 for user album a3231fc2-9374-47bb-9787-5cfa7a0c9890', '2025-07-30 14:42:51.229406+00', '2025-07-30 14:42:51.229406+00', NULL, NULL, NULL, NULL, 49836, 777, 1200, 'webp', 'image/webp', NULL, '{"cloudinary_public_id": "user_album_album_a3231fc2-9374-47bb-9787-5cfa7a0c9890/aw3d5aoo1nccec9vdzw8"}', 'user_album_album_a3231fc2-9374-47bb-9787-5cfa7a0c9890', 'cloudinary', false, NULL, NULL, NULL, NULL, NULL, NULL, NULL, NULL, 0.00, 'safe', NULL, NULL, NULL, 0, 1, 0, 0, 0, 0.00, false, false, false, false, 'original', NULL, false, 'e06cdf85-b449-4dcb-b943-068aaad8cfa3', 'user'),
	('21afd774-f6db-4ea9-a32a-fc1e08706b2a', 'https://res.cloudinary.com/dj8yugwyp/image/upload/v1753886568/user_album_album_a3231fc2-9374-47bb-9787-5cfa7a0c9890/shm0djsqbnduzj429nlb.webp', 'album image 2 for user album a3231fc2-9374-47bb-9787-5cfa7a0c9890', '2025-07-30 14:42:49.791728+00', '2025-07-30 14:42:49.791728+00', NULL, NULL, NULL, NULL, 54614, 777, 1200, 'webp', 'image/webp', NULL, '{"cloudinary_public_id": "user_album_album_a3231fc2-9374-47bb-9787-5cfa7a0c9890/shm0djsqbnduzj429nlb"}', 'user_album_album_a3231fc2-9374-47bb-9787-5cfa7a0c9890', 'cloudinary', false, NULL, NULL, NULL, NULL, NULL, NULL, NULL, NULL, 0.00, 'safe', NULL, NULL, NULL, 0, 1, 0, 0, 0, 0.00, false, false, false, false, 'original', NULL, false, 'e06cdf85-b449-4dcb-b943-068aaad8cfa3', 'user'),
	('388ad4fd-5f0e-47bf-a317-a05e6d10eb0d', 'https://res.cloudinary.com/dj8yugwyp/image/upload/v1753751058/authorsinfo/user_photos/civngv3dardsfcmepd59.webp', 'zofoggs4jsgant1nasrk.avif', '2025-07-29 01:04:18.85776+00', '2025-07-29 01:04:18.85776+00', NULL, NULL, NULL, 'zofoggs4jsgant1nasrk.avif', 33106, NULL, NULL, NULL, 'image/avif', NULL, NULL, 'authorsinfo/user_photos', 'cloudinary', true, 'completed', NULL, NULL, NULL, NULL, NULL, NULL, NULL, 0.00, 'safe', NULL, NULL, NULL, 0, 0, 0, 0, 0, 0.00, false, false, false, false, 'original', NULL, false, 'e06cdf85-b449-4dcb-b943-068aaad8cfa3', 'user'),
	('4a4dd6e1-07ca-4314-9238-67dcbbdd7fe1', 'https://res.cloudinary.com/dj8yugwyp/image/upload/v1753758661/authorsinfo/user_photos/rl4zs1wfzzzgrqvivyp4.webp', 'amosackeg6n5rnftp7ab.avif', '2025-07-29 03:11:01.90075+00', '2025-07-29 03:11:01.90075+00', NULL, NULL, NULL, 'amosackeg6n5rnftp7ab.avif', 17688, NULL, NULL, NULL, 'image/avif', NULL, NULL, 'authorsinfo/user_photos', 'cloudinary', true, 'completed', NULL, NULL, NULL, NULL, NULL, NULL, NULL, 0.00, 'safe', NULL, NULL, NULL, 0, 0, 0, 0, 0, 0.00, false, false, false, false, 'original', NULL, false, 'e06cdf85-b449-4dcb-b943-068aaad8cfa3', 'user'),
	('c7e8be64-5869-4ab2-9782-16145a869d4d', 'https://res.cloudinary.com/dj8yugwyp/image/upload/v1753758662/authorsinfo/user_photos/pfxgtgjjrvrime03r27g.webp', 'j70n2byiegc3kqmpcvbk.avif', '2025-07-29 03:11:03.140994+00', '2025-07-29 03:11:03.140994+00', NULL, NULL, NULL, 'j70n2byiegc3kqmpcvbk.avif', 29215, NULL, NULL, NULL, 'image/avif', NULL, NULL, 'authorsinfo/user_photos', 'cloudinary', true, 'completed', NULL, NULL, NULL, NULL, NULL, NULL, NULL, 0.00, 'safe', NULL, NULL, NULL, 0, 0, 0, 0, 0, 0.00, false, false, false, false, 'original', NULL, false, 'e06cdf85-b449-4dcb-b943-068aaad8cfa3', 'user'),
	('92faa507-90f9-46ba-8bf8-515d16bbae64', 'https://res.cloudinary.com/dj8yugwyp/image/upload/v1753886592/user_album_album_a3231fc2-9374-47bb-9787-5cfa7a0c9890/zhfbb338w2bosoj0jfha.webp', 'album image 1 for user album a3231fc2-9374-47bb-9787-5cfa7a0c9890', '2025-07-30 14:43:13.693097+00', '2025-07-30 14:43:13.693097+00', NULL, NULL, NULL, NULL, 31276, 777, 1200, 'webp', 'image/webp', NULL, '{"cloudinary_public_id": "user_album_album_a3231fc2-9374-47bb-9787-5cfa7a0c9890/zhfbb338w2bosoj0jfha"}', 'user_album_album_a3231fc2-9374-47bb-9787-5cfa7a0c9890', 'cloudinary', false, NULL, NULL, NULL, NULL, NULL, NULL, NULL, NULL, 0.00, 'safe', NULL, NULL, NULL, 0, 0, 0, 0, 0, 0.00, false, false, false, false, 'original', NULL, false, 'e06cdf85-b449-4dcb-b943-068aaad8cfa3', 'user'),
	('4906f4f0-45e4-4e12-83de-2f1eb877d3fa', 'https://res.cloudinary.com/dj8yugwyp/image/upload/v1753886594/user_album_album_a3231fc2-9374-47bb-9787-5cfa7a0c9890/ls0b7sg27ewipr6rdz12.webp', 'album image 2 for user album a3231fc2-9374-47bb-9787-5cfa7a0c9890', '2025-07-30 14:43:15.245167+00', '2025-07-30 14:43:15.245167+00', NULL, NULL, NULL, NULL, 54614, 777, 1200, 'webp', 'image/webp', NULL, '{"cloudinary_public_id": "user_album_album_a3231fc2-9374-47bb-9787-5cfa7a0c9890/ls0b7sg27ewipr6rdz12"}', 'user_album_album_a3231fc2-9374-47bb-9787-5cfa7a0c9890', 'cloudinary', false, NULL, NULL, NULL, NULL, NULL, NULL, NULL, NULL, 0.00, 'safe', NULL, NULL, NULL, 0, 0, 0, 0, 0, 0.00, false, false, false, false, 'original', NULL, false, 'e06cdf85-b449-4dcb-b943-068aaad8cfa3', 'user'),
	('923215ff-9523-4d4c-835a-bf423049e40b', 'https://res.cloudinary.com/dj8yugwyp/image/upload/v1753886567/user_album_album_a3231fc2-9374-47bb-9787-5cfa7a0c9890/ryuomkwp4q8h6y1jfxjt.webp', 'album image 1 for user album a3231fc2-9374-47bb-9787-5cfa7a0c9890', '2025-07-30 14:42:48.341264+00', '2025-07-30 14:42:48.341264+00', NULL, NULL, NULL, NULL, 31276, 777, 1200, 'webp', 'image/webp', NULL, '{"cloudinary_public_id": "user_album_album_a3231fc2-9374-47bb-9787-5cfa7a0c9890/ryuomkwp4q8h6y1jfxjt"}', 'user_album_album_a3231fc2-9374-47bb-9787-5cfa7a0c9890', 'cloudinary', false, NULL, NULL, NULL, NULL, NULL, NULL, NULL, NULL, 0.00, 'safe', NULL, NULL, NULL, 0, 1, 0, 0, 0, 0.00, false, false, false, false, 'original', NULL, false, 'e06cdf85-b449-4dcb-b943-068aaad8cfa3', 'user'),
	('62fea14d-f0ae-43a1-aa02-656231c28e80', 'https://res.cloudinary.com/dj8yugwyp/image/upload/v1753759293/authorsinfo/user_photos/tsyp6ahmfl5m0eq1p25y.webp', 'zofoggs4jsgant1nasrk.avif', '2025-07-29 03:21:33.703081+00', '2025-07-29 03:21:33.703081+00', NULL, NULL, NULL, 'zofoggs4jsgant1nasrk.avif', 33106, NULL, NULL, NULL, 'image/avif', NULL, NULL, 'authorsinfo/user_photos', 'cloudinary', true, 'completed', NULL, NULL, NULL, NULL, NULL, NULL, NULL, 0.00, 'safe', NULL, NULL, NULL, 0, 1, 0, 0, 0, 0.00, false, false, false, false, 'original', NULL, false, 'e06cdf85-b449-4dcb-b943-068aaad8cfa3', 'user'),
	('8c75cc2c-dd1a-4485-928f-f239e455759a', 'https://res.cloudinary.com/dj8yugwyp/image/upload/v1753759292/authorsinfo/user_photos/rnfajfd8tpniemdayzen.webp', 'j70n2byiegc3kqmpcvbk.avif', '2025-07-29 03:21:32.769431+00', '2025-07-29 03:21:32.769431+00', NULL, NULL, NULL, 'j70n2byiegc3kqmpcvbk.avif', 29215, NULL, NULL, NULL, 'image/avif', NULL, NULL, 'authorsinfo/user_photos', 'cloudinary', true, 'completed', NULL, NULL, NULL, NULL, NULL, NULL, NULL, 0.00, 'safe', NULL, NULL, NULL, 0, 1, 0, 0, 0, 0.00, false, false, false, false, 'original', NULL, false, 'e06cdf85-b449-4dcb-b943-068aaad8cfa3', 'user'),
	('93e97afc-45bc-482b-b58a-e8e0804d6d20', 'https://res.cloudinary.com/dj8yugwyp/image/upload/v1753759290/authorsinfo/user_photos/wuckmc2rhxvl7l0qypfj.webp', 'amosackeg6n5rnftp7ab.avif', '2025-07-29 03:21:31.734944+00', '2025-07-29 03:21:31.734944+00', NULL, NULL, NULL, 'amosackeg6n5rnftp7ab.avif', 17688, NULL, NULL, NULL, 'image/avif', NULL, NULL, 'authorsinfo/user_photos', 'cloudinary', true, 'completed', NULL, NULL, NULL, NULL, NULL, NULL, NULL, 0.00, 'safe', NULL, NULL, NULL, 0, 1, 0, 0, 0, 0.00, false, false, false, false, 'original', NULL, false, 'e06cdf85-b449-4dcb-b943-068aaad8cfa3', 'user'),
	('a6c86428-b404-47e2-8f98-a599b2ffa093', 'https://res.cloudinary.com/dj8yugwyp/image/upload/v1755199714/authorsinfo/post_photos/lh5sa29i8bwjbucebaoh.webp', 'Post photo by User', '2025-08-14 19:28:34.581915+00', '2025-08-14 19:28:34.581915+00', NULL, NULL, NULL, 'wuckmc2rhxvl7l0qypfj.webp', 51874, NULL, NULL, NULL, 'image/webp', NULL, '{"entity_id": "2474659f-003e-4faa-8c53-9969c33f20b2", "file_size": 51874, "entity_type": "user", "content_type": "image/webp", "original_name": "wuckmc2rhxvl7l0qypfj.webp", "upload_timestamp": "2025-08-14T19:28:34.650Z", "cloudinary_public_id": "authorsinfo/post_photos/lh5sa29i8bwjbucebaoh"}', 'authorsinfo/post_photos', 'cloudinary', true, 'completed', NULL, NULL, NULL, NULL, NULL, NULL, NULL, 0.00, 'safe', NULL, NULL, NULL, 0, 0, 0, 0, 0, 0.00, false, false, false, false, 'original', NULL, false, '2474659f-003e-4faa-8c53-9969c33f20b2', 'user'),
	('f4dcc420-99b2-46ee-b87c-456c75cead59', 'https://res.cloudinary.com/dj8yugwyp/image/upload/v1753889919/user_album_album_a3231fc2-9374-47bb-9787-5cfa7a0c9890/imk4oq1rxiv3h8pbzka0.webp', 'album image 1 for user album a3231fc2-9374-47bb-9787-5cfa7a0c9890', '2025-07-30 15:38:40.619545+00', '2025-07-30 15:38:40.619545+00', NULL, NULL, NULL, NULL, 31276, 777, 1200, 'webp', 'image/webp', NULL, '{"cloudinary_public_id": "user_album_album_a3231fc2-9374-47bb-9787-5cfa7a0c9890/imk4oq1rxiv3h8pbzka0"}', 'user_album_album_a3231fc2-9374-47bb-9787-5cfa7a0c9890', 'cloudinary', false, NULL, NULL, NULL, NULL, NULL, NULL, NULL, NULL, 0.00, 'safe', NULL, NULL, NULL, 0, 2, 0, 0, 0, 0.00, false, false, false, false, 'original', NULL, false, 'e06cdf85-b449-4dcb-b943-068aaad8cfa3', 'user'),
	('bd81bfe6-7876-4279-867d-d1bc04b8c321', 'https://res.cloudinary.com/dj8yugwyp/image/upload/v1753886595/user_album_album_a3231fc2-9374-47bb-9787-5cfa7a0c9890/a1ienuufzhqcen0ne7mc.webp', 'album image 3 for user album a3231fc2-9374-47bb-9787-5cfa7a0c9890', '2025-07-30 14:43:16.407642+00', '2025-07-30 14:43:16.407642+00', NULL, NULL, NULL, NULL, 49836, 777, 1200, 'webp', 'image/webp', NULL, '{"cloudinary_public_id": "user_album_album_a3231fc2-9374-47bb-9787-5cfa7a0c9890/a1ienuufzhqcen0ne7mc"}', 'user_album_album_a3231fc2-9374-47bb-9787-5cfa7a0c9890', 'cloudinary', false, NULL, NULL, NULL, NULL, NULL, NULL, NULL, NULL, 0.00, 'safe', NULL, NULL, NULL, 0, 1, 0, 0, 0, 0.00, false, false, false, false, 'original', NULL, false, 'e06cdf85-b449-4dcb-b943-068aaad8cfa3', 'user'),
	('e36bc2af-0897-470e-90e6-8e7b03a29bea', 'https://res.cloudinary.com/dj8yugwyp/image/upload/v1753889940/user_album_album_a3231fc2-9374-47bb-9787-5cfa7a0c9890/c76fkruhqdox3tp7fikl.webp', 'album image 3 for user album a3231fc2-9374-47bb-9787-5cfa7a0c9890', '2025-07-30 15:39:01.923939+00', '2025-07-30 15:39:01.923939+00', NULL, NULL, NULL, NULL, 49836, 777, 1200, 'webp', 'image/webp', NULL, '{"cloudinary_public_id": "user_album_album_a3231fc2-9374-47bb-9787-5cfa7a0c9890/c76fkruhqdox3tp7fikl"}', 'user_album_album_a3231fc2-9374-47bb-9787-5cfa7a0c9890', 'cloudinary', false, NULL, NULL, NULL, NULL, NULL, NULL, NULL, NULL, 0.00, 'safe', NULL, NULL, NULL, 0, 4, 0, 0, 0, 0.00, false, false, false, false, 'original', NULL, false, 'e06cdf85-b449-4dcb-b943-068aaad8cfa3', 'user'),
	('b9ac7e64-24a1-402f-bf37-ac290a11badb', 'https://res.cloudinary.com/dj8yugwyp/image/upload/v1755199715/authorsinfo/post_photos/jdw7b2enoy7f4w9icdmv.webp', 'Post photo by User', '2025-08-14 19:28:35.626952+00', '2025-08-14 19:28:35.626952+00', NULL, NULL, NULL, 'tsyp6ahmfl5m0eq1p25y.webp', 88800, NULL, NULL, NULL, 'image/webp', NULL, '{"entity_id": "2474659f-003e-4faa-8c53-9969c33f20b2", "file_size": 88800, "entity_type": "user", "content_type": "image/webp", "original_name": "tsyp6ahmfl5m0eq1p25y.webp", "upload_timestamp": "2025-08-14T19:28:35.674Z", "cloudinary_public_id": "authorsinfo/post_photos/jdw7b2enoy7f4w9icdmv"}', 'authorsinfo/post_photos', 'cloudinary', true, 'completed', NULL, NULL, NULL, NULL, NULL, NULL, NULL, 0.00, 'safe', NULL, NULL, NULL, 0, 0, 0, 0, 0, 0.00, false, false, false, false, 'original', NULL, false, '2474659f-003e-4faa-8c53-9969c33f20b2', 'user'),
	('8d0d295f-d5fd-40b0-98b7-337ef32ba10c', 'https://res.cloudinary.com/dj8yugwyp/image/upload/v1755213255/authorsinfo/post_photos/iy1cgvagyj1midvgggmm.webp', 'Post photo by User', '2025-08-14 23:14:15.975453+00', '2025-08-14 23:14:15.975453+00', NULL, NULL, NULL, 'tsyp6ahmfl5m0eq1p25y.webp', 88800, NULL, NULL, NULL, 'image/webp', NULL, '{"entity_id": "2474659f-003e-4faa-8c53-9969c33f20b2", "file_size": 88800, "entity_type": "user", "content_type": "image/webp", "original_name": "tsyp6ahmfl5m0eq1p25y.webp", "upload_timestamp": "2025-08-14T23:14:15.946Z", "cloudinary_public_id": "authorsinfo/post_photos/iy1cgvagyj1midvgggmm"}', 'authorsinfo/post_photos', 'cloudinary', true, 'completed', NULL, NULL, NULL, NULL, NULL, NULL, NULL, 0.00, 'safe', NULL, NULL, NULL, 0, 0, 0, 0, 0, 0.00, false, false, false, false, 'original', NULL, false, '2474659f-003e-4faa-8c53-9969c33f20b2', 'user'),
	('9d668bde-9511-416e-893a-f459a2f7334d', 'https://res.cloudinary.com/dj8yugwyp/image/upload/v1755221120/authorsinfo/post_photos/aygrrndpvw8hlqiskqzu.webp', 'Post photo by User', '2025-08-15 01:25:21.053525+00', '2025-08-15 01:25:21.053525+00', NULL, NULL, NULL, 'zofoggs4jsgant1nasrk.avif', 33106, NULL, NULL, NULL, 'image/avif', NULL, '{"entity_id": "2474659f-003e-4faa-8c53-9969c33f20b2", "file_size": 33106, "entity_type": "user", "content_type": "image/avif", "original_name": "zofoggs4jsgant1nasrk.avif", "upload_timestamp": "2025-08-15T01:25:21.007Z", "cloudinary_public_id": "authorsinfo/post_photos/aygrrndpvw8hlqiskqzu"}', 'authorsinfo/post_photos', 'cloudinary', true, 'completed', NULL, NULL, NULL, NULL, NULL, NULL, NULL, 0.00, 'safe', NULL, NULL, NULL, 0, 0, 0, 0, 0, 0.00, false, false, false, false, 'original', NULL, false, '2474659f-003e-4faa-8c53-9969c33f20b2', 'user'),
	('2aea0cff-1b4f-4a55-8727-4a7ecf0ab150', 'https://res.cloudinary.com/dj8yugwyp/image/upload/v1753889964/user_album_album_a3231fc2-9374-47bb-9787-5cfa7a0c9890/wbqzsfzkwhefooshr2rx.webp', 'album image 1 for user album a3231fc2-9374-47bb-9787-5cfa7a0c9890', '2025-07-30 15:39:26.034879+00', '2025-07-30 15:39:26.034879+00', NULL, NULL, NULL, NULL, 31276, 777, 1200, 'webp', 'image/webp', NULL, '{"cloudinary_public_id": "user_album_album_a3231fc2-9374-47bb-9787-5cfa7a0c9890/wbqzsfzkwhefooshr2rx"}', 'user_album_album_a3231fc2-9374-47bb-9787-5cfa7a0c9890', 'cloudinary', false, NULL, NULL, NULL, NULL, NULL, NULL, NULL, NULL, 0.00, 'safe', NULL, NULL, NULL, 0, 3, 0, 0, 0, 0.00, false, false, false, false, 'original', NULL, false, 'e06cdf85-b449-4dcb-b943-068aaad8cfa3', 'user'),
	('a6f8ea4c-4d21-4efd-a6fc-3c3aabf4edc9', 'https://res.cloudinary.com/dj8yugwyp/image/upload/v1755223165/authorsinfo/post_photos/bgr0kez6whki3vmawfql.webp', 'Post photo by User', '2025-08-15 01:59:25.806392+00', '2025-08-15 01:59:25.806392+00', NULL, NULL, NULL, 'tsyp6ahmfl5m0eq1p25y.webp', 88800, NULL, NULL, NULL, 'image/webp', NULL, '{"entity_id": "2474659f-003e-4faa-8c53-9969c33f20b2", "file_size": 88800, "entity_type": "user", "content_type": "image/webp", "original_name": "tsyp6ahmfl5m0eq1p25y.webp", "upload_timestamp": "2025-08-15T01:59:25.545Z", "cloudinary_public_id": "authorsinfo/post_photos/bgr0kez6whki3vmawfql"}', 'authorsinfo/post_photos', 'cloudinary', true, 'completed', NULL, NULL, NULL, NULL, NULL, NULL, NULL, 0.00, 'safe', NULL, NULL, NULL, 0, 0, 0, 0, 0, 0.00, false, false, false, false, 'original', NULL, false, '2474659f-003e-4faa-8c53-9969c33f20b2', 'user'),
	('ebc0fd0e-9f42-4ead-9ae4-b4965bd07c8e', 'https://res.cloudinary.com/dj8yugwyp/image/upload/v1755230551/authorsinfo/post_photos/rt0uel5pvxp6bz2filp9.webp', 'Post photo by User', '2025-08-15 04:02:32.621726+00', '2025-08-15 04:02:32.621726+00', NULL, NULL, NULL, 'j70n2byiegc3kqmpcvbk.avif', 29215, NULL, NULL, NULL, 'image/avif', NULL, '{"entity_id": "2474659f-003e-4faa-8c53-9969c33f20b2", "file_size": 29215, "entity_type": "user", "content_type": "image/avif", "original_name": "j70n2byiegc3kqmpcvbk.avif", "upload_timestamp": "2025-08-15T04:02:32.553Z", "cloudinary_public_id": "authorsinfo/post_photos/rt0uel5pvxp6bz2filp9"}', 'authorsinfo/post_photos', 'cloudinary', true, 'completed', NULL, NULL, NULL, NULL, NULL, NULL, NULL, 0.00, 'safe', NULL, NULL, NULL, 0, 0, 0, 0, 0, 0.00, false, false, false, false, 'original', NULL, false, '2474659f-003e-4faa-8c53-9969c33f20b2', 'user'),
	('58315263-34dd-4729-b463-2abfd6e5373b', 'https://res.cloudinary.com/dj8yugwyp/image/upload/v1755232355/authorsinfo/post_photos/bpx51ooj6skir86lvfzw.webp', 'Post image 1 by User', '2025-08-15 04:32:50.894344+00', '2025-08-15 04:32:50.894344+00', NULL, NULL, NULL, NULL, NULL, NULL, NULL, NULL, NULL, NULL, '{"source": "timeline_post", "entity_id": "2474659f-003e-4faa-8c53-9969c33f20b2", "post_type": "user_post", "album_type": "user_gallery_album", "entity_type": "user", "image_index": 1, "uploaded_at": "2025-08-15T04:32:49.168Z", "total_images": 3, "uploaded_via": "entity_image_api"}', NULL, 'supabase', false, NULL, NULL, NULL, NULL, NULL, NULL, NULL, NULL, 0.00, 'safe', NULL, NULL, NULL, 0, 0, 0, 0, 0, 0.00, false, false, false, false, 'original', NULL, false, '2474659f-003e-4faa-8c53-9969c33f20b2', 'user'),
	('939e0121-bb2a-4f12-a951-ae7fc6448ad8', 'https://res.cloudinary.com/dj8yugwyp/image/upload/v1755235802/authorsinfo/post_photos/ycotp0gystqa0pdvupqt.webp', 'Post image 1 by User', '2025-08-15 05:30:17.959603+00', '2025-08-15 05:30:17.959603+00', NULL, NULL, NULL, NULL, NULL, NULL, NULL, NULL, NULL, NULL, '{"source": "timeline_post", "entity_id": "2474659f-003e-4faa-8c53-9969c33f20b2", "post_type": "user_post", "album_type": "user_gallery_album", "entity_type": "user", "image_index": 1, "uploaded_at": "2025-08-15T05:30:17.097Z", "total_images": 3, "uploaded_via": "entity_image_api"}', NULL, 'supabase', false, NULL, NULL, NULL, NULL, NULL, NULL, NULL, NULL, 0.00, 'safe', NULL, NULL, NULL, 0, 0, 0, 0, 0, 0.00, false, false, false, false, 'original', NULL, false, '2474659f-003e-4faa-8c53-9969c33f20b2', 'user'),
	('5be1cef6-68fe-497d-a69b-a7145d5329ee', 'https://res.cloudinary.com/dj8yugwyp/image/upload/v1755236252/authorsinfo/post_photos/dpj4e77w5abutoeikfgs.webp', 'Post photo by User', '2025-08-15 05:37:33.246207+00', '2025-08-15 05:37:33.246207+00', NULL, NULL, NULL, 'amosackeg6n5rnftp7ab.avif', 17688, NULL, NULL, NULL, 'image/avif', NULL, '{"entity_id": "2474659f-003e-4faa-8c53-9969c33f20b2", "file_size": 17688, "entity_type": "user", "content_type": "image/avif", "original_name": "amosackeg6n5rnftp7ab.avif", "upload_timestamp": "2025-08-15T05:37:33.086Z", "cloudinary_public_id": "authorsinfo/post_photos/dpj4e77w5abutoeikfgs"}', 'authorsinfo/post_photos', 'cloudinary', true, 'completed', NULL, NULL, NULL, NULL, NULL, NULL, NULL, 0.00, 'safe', NULL, NULL, NULL, 0, 0, 0, 0, 0, 0.00, false, false, false, false, 'original', NULL, false, '2474659f-003e-4faa-8c53-9969c33f20b2', 'user'),
	('716d90ab-69df-4449-9183-8cdb0aa5c59a', 'https://res.cloudinary.com/dj8yugwyp/image/upload/v1755366887/authorsinfo/post_photos/cx8nuusizvok0rduldkj.webp', 'Post image 1 by User', '2025-08-16 17:55:23.682066+00', '2025-08-16 17:55:23.682066+00', NULL, NULL, NULL, NULL, NULL, NULL, NULL, NULL, NULL, NULL, '{"source": "timeline_post", "entity_id": "2474659f-003e-4faa-8c53-9969c33f20b2", "post_type": "user_post", "album_type": "user_gallery_album", "entity_type": "user", "image_index": 1, "uploaded_at": "2025-08-16T17:55:22.859Z", "total_images": 1, "uploaded_via": "entity_image_api"}', NULL, 'supabase', false, NULL, NULL, NULL, NULL, NULL, NULL, NULL, NULL, 0.00, 'safe', NULL, NULL, NULL, 0, 0, 0, 0, 0, 0.00, false, false, false, false, 'original', NULL, false, '2474659f-003e-4faa-8c53-9969c33f20b2', 'user'),
	('9fd34368-2c85-41be-8c00-3a62d6e3b2b5', 'https://res.cloudinary.com/dj8yugwyp/image/upload/v1755368207/authorsinfo/post_photos/sgrcuuekkor46p6xcxjt.webp', 'Post image 1 by User', '2025-08-16 18:17:11.374983+00', '2025-08-16 18:17:11.374983+00', NULL, NULL, NULL, NULL, NULL, NULL, NULL, NULL, NULL, NULL, '{"source": "timeline_post", "entity_id": "2474659f-003e-4faa-8c53-9969c33f20b2", "post_type": "user_post", "album_type": "user_gallery_album", "entity_type": "user", "image_index": 1, "uploaded_at": "2025-08-16T18:17:10.860Z", "total_images": 1, "uploaded_via": "entity_image_api"}', NULL, 'supabase', false, NULL, NULL, NULL, NULL, NULL, NULL, NULL, NULL, 0.00, 'safe', NULL, NULL, NULL, 0, 0, 0, 0, 0, 0.00, false, false, false, false, 'original', NULL, false, '2474659f-003e-4faa-8c53-9969c33f20b2', 'user'),
	('855be971-600a-43bb-aa9a-551ba19614e3', 'https://res.cloudinary.com/dj8yugwyp/image/upload/v1755405890/authorsinfo/post_photos/fdfy4ax8yv8rcfp8upli.webp', 'Post photo by User', '2025-08-17 04:44:51.048919+00', '2025-08-17 04:44:51.048919+00', NULL, NULL, NULL, 'amosackeg6n5rnftp7ab.avif', 17688, NULL, NULL, NULL, 'image/avif', NULL, '{"entity_id": "e06cdf85-b449-4dcb-b943-068aaad8cfa3", "file_size": 17688, "entity_type": "user", "content_type": "image/avif", "original_name": "amosackeg6n5rnftp7ab.avif", "upload_timestamp": "2025-08-17T04:44:50.908Z", "cloudinary_public_id": "authorsinfo/post_photos/fdfy4ax8yv8rcfp8upli"}', 'authorsinfo/post_photos', 'cloudinary', true, 'completed', NULL, NULL, NULL, NULL, NULL, NULL, NULL, 0.00, 'safe', NULL, NULL, NULL, 0, 0, 0, 0, 0, 0.00, false, false, false, false, 'original', NULL, false, '2474659f-003e-4faa-8c53-9969c33f20b2', 'user'),
	('a6200648-e2a8-4af0-a7c5-007935eb6084', 'https://res.cloudinary.com/dj8yugwyp/image/upload/v1755653434/authorsinfo/book_entity_header_cover/afamdvfebd8jowxawpkn.webp', 'Entity header cover for book Touch', '2025-08-20 01:30:36.73726+00', '2025-08-20 01:30:36.73726+00', NULL, NULL, NULL, 'cropped-cover.jpg', 127405, NULL, NULL, NULL, 'image/jpeg', NULL, NULL, 'authorsinfo/book_entity_header_cover', 'cloudinary', true, 'completed', NULL, NULL, NULL, NULL, NULL, NULL, NULL, 0.00, 'safe', NULL, NULL, NULL, 0, 0, 0, 0, 0, 0.00, false, false, false, false, 'original', NULL, false, NULL, 'user'),
	('669e1a32-4e97-4ca9-ae5a-0c2eabe3f098', 'https://res.cloudinary.com/dj8yugwyp/image/upload/v1755407876/authorsinfo/post_photos/eh5xirjpste9nfe2rhji.webp', 'Post photo by User', '2025-08-17 05:17:57.123082+00', '2025-08-17 05:17:57.123082+00', NULL, NULL, NULL, '275604581_3279942738900588_160135012164989122_n.jpg', 73628, NULL, NULL, NULL, 'image/jpeg', NULL, '{"entity_id": "2474659f-003e-4faa-8c53-9969c33f20b2", "file_size": 73628, "entity_type": "user", "content_type": "image/jpeg", "original_name": "275604581_3279942738900588_160135012164989122_n.jpg", "upload_timestamp": "2025-08-17T05:17:56.917Z", "cloudinary_public_id": "authorsinfo/post_photos/eh5xirjpste9nfe2rhji"}', 'authorsinfo/post_photos', 'cloudinary', true, 'completed', NULL, NULL, NULL, NULL, NULL, NULL, NULL, 0.00, 'safe', NULL, NULL, NULL, 0, 0, 0, 0, 0, 0.00, false, false, false, false, 'original', NULL, false, '2474659f-003e-4faa-8c53-9969c33f20b2', 'user'),
	('76a7b0e2-27ea-4df3-8084-a4e1efb91e39', 'https://res.cloudinary.com/dj8yugwyp/image/upload/v1755407876/authorsinfo/post_photos/eh5xirjpste9nfe2rhji.webp', 'Post image 1 by User', '2025-08-17 05:18:13.417382+00', '2025-08-17 05:18:13.417382+00', NULL, NULL, NULL, NULL, NULL, NULL, NULL, NULL, NULL, NULL, '{"source": "timeline_post", "entity_id": "2474659f-003e-4faa-8c53-9969c33f20b2", "post_type": "user_post", "album_type": "user_gallery_album", "entity_type": "user", "image_index": 1, "uploaded_at": "2025-08-17T05:18:11.604Z", "total_images": 1, "uploaded_via": "entity_image_api"}', NULL, 'supabase', false, NULL, NULL, NULL, NULL, NULL, NULL, NULL, NULL, 0.00, 'safe', NULL, NULL, NULL, 0, 0, 0, 0, 0, 0.00, false, false, false, false, 'original', NULL, false, '2474659f-003e-4faa-8c53-9969c33f20b2', 'user'),
	('c220fd30-62b8-4158-88d6-862ccccbd525', 'https://res.cloudinary.com/dj8yugwyp/image/upload/v1755410114/authorsinfo/post_photos/pqunznxpday8bvcwso60.webp', 'Post photo by User', '2025-08-17 05:55:15.353245+00', '2025-08-17 05:55:15.353245+00', NULL, NULL, NULL, 'j70n2byiegc3kqmpcvbk.avif', 29215, NULL, NULL, NULL, 'image/avif', NULL, '{"entity_id": "2474659f-003e-4faa-8c53-9969c33f20b2", "file_size": 29215, "entity_type": "user", "content_type": "image/avif", "original_name": "j70n2byiegc3kqmpcvbk.avif", "upload_timestamp": "2025-08-17T05:55:15.025Z", "cloudinary_public_id": "authorsinfo/post_photos/pqunznxpday8bvcwso60"}', 'authorsinfo/post_photos', 'cloudinary', true, 'completed', NULL, NULL, NULL, NULL, NULL, NULL, NULL, 0.00, 'safe', NULL, NULL, NULL, 0, 0, 0, 0, 0, 0.00, false, false, false, false, 'original', NULL, false, '2474659f-003e-4faa-8c53-9969c33f20b2', 'user'),
	('eeab0837-7a2e-4824-9f42-abb6fa738cb7', 'https://res.cloudinary.com/dj8yugwyp/image/upload/v1755448819/authorsinfo/post_photos/rvulfrd4sdqcpp2wvdww.webp', 'Post photo by User', '2025-08-17 16:40:19.890003+00', '2025-08-17 16:40:19.890003+00', NULL, NULL, NULL, 'amosackeg6n5rnftp7ab.avif', 17688, NULL, NULL, NULL, 'image/avif', NULL, '{"entity_id": "2474659f-003e-4faa-8c53-9969c33f20b2", "file_size": 17688, "entity_type": "user", "content_type": "image/avif", "original_name": "amosackeg6n5rnftp7ab.avif", "upload_timestamp": "2025-08-17T16:40:19.455Z", "cloudinary_public_id": "authorsinfo/post_photos/rvulfrd4sdqcpp2wvdww"}', 'authorsinfo/post_photos', 'cloudinary', true, 'completed', NULL, NULL, NULL, NULL, NULL, NULL, NULL, 0.00, 'safe', NULL, NULL, NULL, 0, 0, 0, 0, 0, 0.00, false, false, false, false, 'original', NULL, false, '2474659f-003e-4faa-8c53-9969c33f20b2', 'user'),
	('e68b966e-60db-4074-927f-84946a5c44ab', 'https://res.cloudinary.com/dj8yugwyp/image/upload/v1755654372/authorsinfo/book_entity_header_cover/dbmzasa4rxlsejeblfi6.webp', 'Entity header cover for book Touch', '2025-08-20 01:46:13.849284+00', '2025-08-20 01:46:13.849284+00', NULL, NULL, NULL, 'cropped-cover.jpg', 127073, NULL, NULL, NULL, 'image/jpeg', NULL, NULL, 'authorsinfo/book_entity_header_cover', 'cloudinary', true, 'completed', NULL, NULL, NULL, NULL, NULL, NULL, NULL, 0.00, 'safe', NULL, NULL, NULL, 0, 0, 0, 0, 0, 0.00, false, false, false, false, 'original', NULL, false, NULL, 'user'),
	('b2376f61-9ee4-453c-945e-5ed31e87e807', 'https://res.cloudinary.com/dj8yugwyp/image/upload/v1755449307/authorsinfo/post_photos/noutgvz9yqvmpfypjmuf.webp', 'Post photo by User', '2025-08-17 16:48:27.862905+00', '2025-08-17 16:48:27.862905+00', NULL, NULL, NULL, 'tsyp6ahmfl5m0eq1p25y.webp', 88800, NULL, NULL, NULL, 'image/webp', NULL, '{"entity_id": "2474659f-003e-4faa-8c53-9969c33f20b2", "file_size": 88800, "entity_type": "user", "content_type": "image/webp", "original_name": "tsyp6ahmfl5m0eq1p25y.webp", "upload_timestamp": "2025-08-17T16:48:27.514Z", "cloudinary_public_id": "authorsinfo/post_photos/noutgvz9yqvmpfypjmuf"}', 'authorsinfo/post_photos', 'cloudinary', true, 'completed', NULL, NULL, NULL, NULL, NULL, NULL, NULL, 0.00, 'safe', NULL, NULL, NULL, 0, 0, 0, 0, 0, 0.00, false, false, false, false, 'original', NULL, false, '2474659f-003e-4faa-8c53-9969c33f20b2', 'user'),
	('ef6cb300-dc28-47e8-9547-d01bbc8b7fed', 'https://res.cloudinary.com/dj8yugwyp/image/upload/v1755449308/authorsinfo/post_photos/iq8wgreq8vlovcytlec6.webp', 'Post photo by User', '2025-08-17 16:48:28.639652+00', '2025-08-17 16:48:28.639652+00', NULL, NULL, NULL, 'rnfajfd8tpniemdayzen.webp', 81668, NULL, NULL, NULL, 'image/webp', NULL, '{"entity_id": "2474659f-003e-4faa-8c53-9969c33f20b2", "file_size": 81668, "entity_type": "user", "content_type": "image/webp", "original_name": "rnfajfd8tpniemdayzen.webp", "upload_timestamp": "2025-08-17T16:48:28.347Z", "cloudinary_public_id": "authorsinfo/post_photos/iq8wgreq8vlovcytlec6"}', 'authorsinfo/post_photos', 'cloudinary', true, 'completed', NULL, NULL, NULL, NULL, NULL, NULL, NULL, 0.00, 'safe', NULL, NULL, NULL, 0, 0, 0, 0, 0, 0.00, false, false, false, false, 'original', NULL, false, '2474659f-003e-4faa-8c53-9969c33f20b2', 'user'),
	('39d1f6c3-3c9f-43c5-9f71-c4bdee1b7e95', 'https://res.cloudinary.com/dj8yugwyp/image/upload/v1755449308/authorsinfo/post_photos/tlxcy5kgqndk9zdapdyj.webp', 'Post photo by User', '2025-08-17 16:48:29.213577+00', '2025-08-17 16:48:29.213577+00', NULL, NULL, NULL, 'amosackeg6n5rnftp7ab.avif', 17688, NULL, NULL, NULL, 'image/avif', NULL, '{"entity_id": "2474659f-003e-4faa-8c53-9969c33f20b2", "file_size": 17688, "entity_type": "user", "content_type": "image/avif", "original_name": "amosackeg6n5rnftp7ab.avif", "upload_timestamp": "2025-08-17T16:48:28.956Z", "cloudinary_public_id": "authorsinfo/post_photos/tlxcy5kgqndk9zdapdyj"}', 'authorsinfo/post_photos', 'cloudinary', true, 'completed', NULL, NULL, NULL, NULL, NULL, NULL, NULL, 0.00, 'safe', NULL, NULL, NULL, 0, 0, 0, 0, 0, 0.00, false, false, false, false, 'original', NULL, false, '2474659f-003e-4faa-8c53-9969c33f20b2', 'user'),
	('82102a1a-1ef1-408c-9830-e97e60a881f7', 'https://res.cloudinary.com/dj8yugwyp/image/upload/v1755449309/authorsinfo/post_photos/qwtp0txht26r5tyvkszn.webp', 'Post photo by User', '2025-08-17 16:48:29.873126+00', '2025-08-17 16:48:29.873126+00', NULL, NULL, NULL, 'j70n2byiegc3kqmpcvbk.avif', 29215, NULL, NULL, NULL, 'image/avif', NULL, '{"entity_id": "2474659f-003e-4faa-8c53-9969c33f20b2", "file_size": 29215, "entity_type": "user", "content_type": "image/avif", "original_name": "j70n2byiegc3kqmpcvbk.avif", "upload_timestamp": "2025-08-17T16:48:29.607Z", "cloudinary_public_id": "authorsinfo/post_photos/qwtp0txht26r5tyvkszn"}', 'authorsinfo/post_photos', 'cloudinary', true, 'completed', NULL, NULL, NULL, NULL, NULL, NULL, NULL, 0.00, 'safe', NULL, NULL, NULL, 0, 0, 0, 0, 0, 0.00, false, false, false, false, 'original', NULL, false, '2474659f-003e-4faa-8c53-9969c33f20b2', 'user'),
	('d05cf26e-9ab4-4e66-ac89-1a0550b63d5e', 'https://res.cloudinary.com/dj8yugwyp/image/upload/v1755449309/authorsinfo/post_photos/qwtp0txht26r5tyvkszn.webp', 'Post image 4 by User', '2025-08-17 16:48:47.686164+00', '2025-08-17 16:48:47.686164+00', NULL, NULL, NULL, NULL, NULL, NULL, NULL, NULL, NULL, 'Post image 4', '{"source": "timeline_post", "post_type": "user_post", "image_index": 4, "uploaded_at": "2025-08-17T16:48:47.425Z", "total_images": 4}', NULL, 'supabase', false, NULL, NULL, NULL, NULL, NULL, NULL, NULL, NULL, 0.00, 'safe', NULL, NULL, NULL, 0, 2, 0, 0, 0, 0.00, false, false, false, false, 'original', NULL, false, '2474659f-003e-4faa-8c53-9969c33f20b2', 'user'),
	('34a6eb3c-e72d-4f2b-a469-f695c035564f', 'https://res.cloudinary.com/dj8yugwyp/image/upload/v1755449308/authorsinfo/post_photos/tlxcy5kgqndk9zdapdyj.webp', 'Post image 3 by User', '2025-08-17 16:48:47.431032+00', '2025-08-17 16:48:47.431032+00', NULL, NULL, NULL, NULL, NULL, NULL, NULL, NULL, NULL, 'Post image 3', '{"source": "timeline_post", "post_type": "user_post", "image_index": 3, "uploaded_at": "2025-08-17T16:48:47.188Z", "total_images": 4}', NULL, 'supabase', false, NULL, NULL, NULL, NULL, NULL, NULL, NULL, NULL, 0.00, 'safe', NULL, NULL, NULL, 0, 1, 0, 0, 0, 0.00, false, false, false, false, 'original', NULL, false, '2474659f-003e-4faa-8c53-9969c33f20b2', 'user'),
	('40f9565b-77dd-4e3f-9eb7-6560aaf28419', 'https://res.cloudinary.com/dj8yugwyp/image/upload/v1755449308/authorsinfo/post_photos/iq8wgreq8vlovcytlec6.webp', 'Post image 2 by User', '2025-08-17 16:48:47.119004+00', '2025-08-17 16:48:47.119004+00', NULL, NULL, NULL, NULL, NULL, NULL, NULL, NULL, NULL, 'Post image 2', '{"source": "timeline_post", "post_type": "user_post", "image_index": 2, "uploaded_at": "2025-08-17T16:48:46.853Z", "total_images": 4}', NULL, 'supabase', false, NULL, NULL, NULL, NULL, NULL, NULL, NULL, NULL, 0.00, 'safe', NULL, NULL, NULL, 0, 1, 0, 0, 0, 0.00, false, false, false, false, 'original', NULL, false, '2474659f-003e-4faa-8c53-9969c33f20b2', 'user'),
	('8411c297-83e9-465b-b884-d38cae8eaa34', 'https://res.cloudinary.com/dj8yugwyp/image/upload/v1755448819/authorsinfo/post_photos/rvulfrd4sdqcpp2wvdww.webp', 'Post image 1 by User', '2025-08-17 16:40:29.060878+00', '2025-08-17 16:40:29.060878+00', NULL, NULL, NULL, NULL, NULL, NULL, NULL, NULL, NULL, 'Post image 1', '{"source": "timeline_post", "post_type": "user_post", "image_index": 1, "uploaded_at": "2025-08-17T16:40:28.719Z", "total_images": 1}', NULL, 'supabase', false, NULL, NULL, NULL, NULL, NULL, NULL, NULL, NULL, 0.00, 'safe', NULL, NULL, NULL, 0, 2, 0, 0, 0, 0.00, false, false, false, false, 'original', NULL, false, '2474659f-003e-4faa-8c53-9969c33f20b2', 'user'),
	('ae105326-09fb-41b5-bb36-3d4727ddffcd', 'https://res.cloudinary.com/dj8yugwyp/image/upload/v1755660485/authorsinfo/book_entity_header_cover/rrpsjmk5icf1wfeao7re.webp', 'Entity header cover for book Touch', '2025-08-20 03:28:06.582872+00', '2025-08-20 03:28:06.582872+00', NULL, NULL, NULL, 'cropped-cover.jpg', 87876, NULL, NULL, NULL, 'image/jpeg', NULL, NULL, 'authorsinfo/book_entity_header_cover', 'cloudinary', true, 'completed', NULL, NULL, NULL, NULL, NULL, NULL, NULL, 0.00, 'safe', NULL, NULL, NULL, 0, 0, 0, 0, 0, 0.00, false, false, false, false, 'original', NULL, false, NULL, 'user'),
	('603b044a-05ab-404d-a1f0-d38e1ad45687', 'https://res.cloudinary.com/dj8yugwyp/image/upload/v1755449799/authorsinfo/post_photos/cqjcuheqivyncoxll4oq.webp', 'Post photo by User', '2025-08-17 16:56:40.09671+00', '2025-08-17 16:56:40.09671+00', NULL, NULL, NULL, '275604581_3279942738900588_160135012164989122_n.jpg', 73628, NULL, NULL, NULL, 'image/jpeg', NULL, '{"entity_id": "2474659f-003e-4faa-8c53-9969c33f20b2", "file_size": 73628, "entity_type": "user", "content_type": "image/jpeg", "original_name": "275604581_3279942738900588_160135012164989122_n.jpg", "upload_timestamp": "2025-08-17T16:56:39.734Z", "cloudinary_public_id": "authorsinfo/post_photos/cqjcuheqivyncoxll4oq"}', 'authorsinfo/post_photos', 'cloudinary', true, 'completed', NULL, NULL, NULL, NULL, NULL, NULL, NULL, 0.00, 'safe', NULL, NULL, NULL, 0, 0, 0, 0, 0, 0.00, false, false, false, false, 'original', NULL, false, '2474659f-003e-4faa-8c53-9969c33f20b2', 'user'),
	('988bb4bb-9f75-43d4-b010-13bdd15b9450', 'https://res.cloudinary.com/dj8yugwyp/image/upload/v1755449800/authorsinfo/post_photos/z6bgrp2ddrm4fqketq2a.webp', 'Post photo by User', '2025-08-17 16:56:40.872484+00', '2025-08-17 16:56:40.872484+00', NULL, NULL, NULL, 'wuckmc2rhxvl7l0qypfj.webp', 51874, NULL, NULL, NULL, 'image/webp', NULL, '{"entity_id": "2474659f-003e-4faa-8c53-9969c33f20b2", "file_size": 51874, "entity_type": "user", "content_type": "image/webp", "original_name": "wuckmc2rhxvl7l0qypfj.webp", "upload_timestamp": "2025-08-17T16:56:40.605Z", "cloudinary_public_id": "authorsinfo/post_photos/z6bgrp2ddrm4fqketq2a"}', 'authorsinfo/post_photos', 'cloudinary', true, 'completed', NULL, NULL, NULL, NULL, NULL, NULL, NULL, 0.00, 'safe', NULL, NULL, NULL, 0, 0, 0, 0, 0, 0.00, false, false, false, false, 'original', NULL, false, '2474659f-003e-4faa-8c53-9969c33f20b2', 'user'),
	('55554d20-506e-4e47-9c58-4f4314656a96', 'https://res.cloudinary.com/dj8yugwyp/image/upload/v1755449801/authorsinfo/post_photos/twumvpn4tkvrraoljzjq.webp', 'Post photo by User', '2025-08-17 16:56:41.626909+00', '2025-08-17 16:56:41.626909+00', NULL, NULL, NULL, 'tsyp6ahmfl5m0eq1p25y.webp', 88800, NULL, NULL, NULL, 'image/webp', NULL, '{"entity_id": "2474659f-003e-4faa-8c53-9969c33f20b2", "file_size": 88800, "entity_type": "user", "content_type": "image/webp", "original_name": "tsyp6ahmfl5m0eq1p25y.webp", "upload_timestamp": "2025-08-17T16:56:41.362Z", "cloudinary_public_id": "authorsinfo/post_photos/twumvpn4tkvrraoljzjq"}', 'authorsinfo/post_photos', 'cloudinary', true, 'completed', NULL, NULL, NULL, NULL, NULL, NULL, NULL, 0.00, 'safe', NULL, NULL, NULL, 0, 0, 0, 0, 0, 0.00, false, false, false, false, 'original', NULL, false, '2474659f-003e-4faa-8c53-9969c33f20b2', 'user'),
	('f5054e6a-5b66-44ae-a3dc-bb532e9ac54b', 'https://res.cloudinary.com/dj8yugwyp/image/upload/v1755449801/authorsinfo/post_photos/u7aixwwelhuoggtbq5nq.webp', 'Post photo by User', '2025-08-17 16:56:42.341689+00', '2025-08-17 16:56:42.341689+00', NULL, NULL, NULL, 'rnfajfd8tpniemdayzen.webp', 81668, NULL, NULL, NULL, 'image/webp', NULL, '{"entity_id": "2474659f-003e-4faa-8c53-9969c33f20b2", "file_size": 81668, "entity_type": "user", "content_type": "image/webp", "original_name": "rnfajfd8tpniemdayzen.webp", "upload_timestamp": "2025-08-17T16:56:42.048Z", "cloudinary_public_id": "authorsinfo/post_photos/u7aixwwelhuoggtbq5nq"}', 'authorsinfo/post_photos', 'cloudinary', true, 'completed', NULL, NULL, NULL, NULL, NULL, NULL, NULL, 0.00, 'safe', NULL, NULL, NULL, 0, 0, 0, 0, 0, 0.00, false, false, false, false, 'original', NULL, false, '2474659f-003e-4faa-8c53-9969c33f20b2', 'user'),
	('5bc99b3d-9408-4d70-9ac8-202dc18af839', 'https://res.cloudinary.com/dj8yugwyp/image/upload/v1755449802/authorsinfo/post_photos/lvhsov0szpzkgsmxlvof.webp', 'Post photo by User', '2025-08-17 16:56:43.074102+00', '2025-08-17 16:56:43.074102+00', NULL, NULL, NULL, 'amosackeg6n5rnftp7ab.avif', 17688, NULL, NULL, NULL, 'image/avif', NULL, '{"entity_id": "2474659f-003e-4faa-8c53-9969c33f20b2", "file_size": 17688, "entity_type": "user", "content_type": "image/avif", "original_name": "amosackeg6n5rnftp7ab.avif", "upload_timestamp": "2025-08-17T16:56:42.804Z", "cloudinary_public_id": "authorsinfo/post_photos/lvhsov0szpzkgsmxlvof"}', 'authorsinfo/post_photos', 'cloudinary', true, 'completed', NULL, NULL, NULL, NULL, NULL, NULL, NULL, 0.00, 'safe', NULL, NULL, NULL, 0, 0, 0, 0, 0, 0.00, false, false, false, false, 'original', NULL, false, '2474659f-003e-4faa-8c53-9969c33f20b2', 'user'),
	('89ffe444-461f-4ce4-9e51-785904861272', 'https://res.cloudinary.com/dj8yugwyp/image/upload/v1755449800/authorsinfo/post_photos/z6bgrp2ddrm4fqketq2a.webp', 'Post image 2 by User', '2025-08-17 16:56:57.326756+00', '2025-08-17 16:56:57.326756+00', NULL, NULL, NULL, NULL, NULL, NULL, NULL, NULL, NULL, 'Post image 2', '{"source": "timeline_post", "post_id": "3d935522-7d0d-48cc-bcd5-e546801f7e9c", "post_type": "multi_image_post", "image_index": 2, "uploaded_at": "2025-08-17T16:56:57.070Z", "total_images": 5}', NULL, 'supabase', false, NULL, NULL, NULL, NULL, NULL, NULL, NULL, NULL, 0.00, 'safe', NULL, NULL, NULL, 0, 0, 0, 0, 0, 0.00, false, false, false, false, 'original', NULL, false, '2474659f-003e-4faa-8c53-9969c33f20b2', 'user'),
	('cedc2561-ed06-40de-afa1-e220fef8e156', 'https://res.cloudinary.com/dj8yugwyp/image/upload/v1755449801/authorsinfo/post_photos/twumvpn4tkvrraoljzjq.webp', 'Post image 3 by User', '2025-08-17 16:56:57.464138+00', '2025-08-17 16:56:57.464138+00', NULL, NULL, NULL, NULL, NULL, NULL, NULL, NULL, NULL, 'Post image 3', '{"source": "timeline_post", "post_id": "3d935522-7d0d-48cc-bcd5-e546801f7e9c", "post_type": "multi_image_post", "image_index": 3, "uploaded_at": "2025-08-17T16:56:57.216Z", "total_images": 5}', NULL, 'supabase', false, NULL, NULL, NULL, NULL, NULL, NULL, NULL, NULL, 0.00, 'safe', NULL, NULL, NULL, 0, 0, 0, 0, 0, 0.00, false, false, false, false, 'original', NULL, false, '2474659f-003e-4faa-8c53-9969c33f20b2', 'user'),
	('f972c53e-537c-4437-8270-3a9a7e7619d6', 'https://res.cloudinary.com/dj8yugwyp/image/upload/v1755449801/authorsinfo/post_photos/u7aixwwelhuoggtbq5nq.webp', 'Post image 4 by User', '2025-08-17 16:56:57.619981+00', '2025-08-17 16:56:57.619981+00', NULL, NULL, NULL, NULL, NULL, NULL, NULL, NULL, NULL, 'Post image 4', '{"source": "timeline_post", "post_id": "3d935522-7d0d-48cc-bcd5-e546801f7e9c", "post_type": "multi_image_post", "image_index": 4, "uploaded_at": "2025-08-17T16:56:57.371Z", "total_images": 5}', NULL, 'supabase', false, NULL, NULL, NULL, NULL, NULL, NULL, NULL, NULL, 0.00, 'safe', NULL, NULL, NULL, 0, 0, 0, 0, 0, 0.00, false, false, false, false, 'original', NULL, false, '2474659f-003e-4faa-8c53-9969c33f20b2', 'user'),
	('955315f8-8ede-4990-bdf1-4fbe651fc0e4', 'https://res.cloudinary.com/dj8yugwyp/image/upload/v1755449799/authorsinfo/post_photos/cqjcuheqivyncoxll4oq.webp', 'Post image 1 by User', '2025-08-17 16:56:57.163072+00', '2025-08-17 16:56:57.163072+00', NULL, NULL, NULL, NULL, NULL, NULL, NULL, NULL, NULL, 'Post image 1', '{"source": "timeline_post", "post_id": "3d935522-7d0d-48cc-bcd5-e546801f7e9c", "post_type": "multi_image_post", "image_index": 1, "uploaded_at": "2025-08-17T16:56:56.908Z", "total_images": 5}', NULL, 'supabase', false, NULL, NULL, NULL, NULL, NULL, NULL, NULL, NULL, 0.00, 'safe', NULL, NULL, NULL, 0, 1, 0, 0, 0, 0.00, false, false, false, false, 'original', NULL, false, '2474659f-003e-4faa-8c53-9969c33f20b2', 'user'),
	('ec61889c-af17-438b-a7b2-60e64fc60723', 'https://res.cloudinary.com/dj8yugwyp/image/upload/v1755466986/authorsinfo/post_photos/wds9vne10bqmsw2lejq3.webp', 'Post photo by User', '2025-08-17 21:43:07.529124+00', '2025-08-17 21:43:07.529124+00', NULL, NULL, NULL, 'amosackeg6n5rnftp7ab.avif', 17688, NULL, NULL, NULL, 'image/avif', NULL, '{"entity_id": "2474659f-003e-4faa-8c53-9969c33f20b2", "file_size": 17688, "entity_type": "user", "content_type": "image/avif", "original_name": "amosackeg6n5rnftp7ab.avif", "upload_timestamp": "2025-08-17T21:43:07.134Z", "cloudinary_public_id": "authorsinfo/post_photos/wds9vne10bqmsw2lejq3"}', 'authorsinfo/post_photos', 'cloudinary', true, 'completed', NULL, NULL, NULL, NULL, NULL, NULL, NULL, 0.00, 'safe', NULL, NULL, NULL, 0, 0, 0, 0, 0, 0.00, false, false, false, false, 'original', NULL, false, '2474659f-003e-4faa-8c53-9969c33f20b2', 'user'),
	('33d5d8f5-1237-4386-8ac9-3d2be80b9807', 'https://res.cloudinary.com/dj8yugwyp/image/upload/v1755449802/authorsinfo/post_photos/lvhsov0szpzkgsmxlvof.webp', 'Post image 5 by User', '2025-08-17 16:56:57.791487+00', '2025-08-17 16:56:57.791487+00', NULL, NULL, NULL, NULL, NULL, NULL, NULL, NULL, NULL, 'Post image 5', '{"source": "timeline_post", "post_id": "3d935522-7d0d-48cc-bcd5-e546801f7e9c", "post_type": "multi_image_post", "image_index": 5, "uploaded_at": "2025-08-17T16:56:57.521Z", "total_images": 5}', NULL, 'supabase', false, NULL, NULL, NULL, NULL, NULL, NULL, NULL, NULL, 0.00, 'safe', NULL, NULL, NULL, 0, 3, 0, 0, 0, 0.00, false, false, false, false, 'original', NULL, false, '2474659f-003e-4faa-8c53-9969c33f20b2', 'user'),
	('726f5886-0117-4b83-b4fd-3410e5ebf308', 'https://res.cloudinary.com/dj8yugwyp/image/upload/v1755466987/authorsinfo/post_photos/a2yy7yx7ijklt2rxu72s.webp', 'Post photo by User', '2025-08-17 21:43:08.367179+00', '2025-08-17 21:43:08.367179+00', NULL, NULL, NULL, 'j70n2byiegc3kqmpcvbk.avif', 29215, NULL, NULL, NULL, 'image/avif', NULL, '{"entity_id": "2474659f-003e-4faa-8c53-9969c33f20b2", "file_size": 29215, "entity_type": "user", "content_type": "image/avif", "original_name": "j70n2byiegc3kqmpcvbk.avif", "upload_timestamp": "2025-08-17T21:43:07.968Z", "cloudinary_public_id": "authorsinfo/post_photos/a2yy7yx7ijklt2rxu72s"}', 'authorsinfo/post_photos', 'cloudinary', true, 'completed', NULL, NULL, NULL, NULL, NULL, NULL, NULL, 0.00, 'safe', NULL, NULL, NULL, 0, 0, 0, 0, 0, 0.00, false, false, false, false, 'original', NULL, false, '2474659f-003e-4faa-8c53-9969c33f20b2', 'user'),
	('7fa0aa39-3c2f-4261-bd3f-48eff1f98e19', 'https://res.cloudinary.com/dj8yugwyp/image/upload/v1755466988/authorsinfo/post_photos/nfjh4e7y0fje1v8g125m.webp', 'Post photo by User', '2025-08-17 21:43:09.243085+00', '2025-08-17 21:43:09.243085+00', NULL, NULL, NULL, 'zofoggs4jsgant1nasrk.avif', 33106, NULL, NULL, NULL, 'image/avif', NULL, '{"entity_id": "2474659f-003e-4faa-8c53-9969c33f20b2", "file_size": 33106, "entity_type": "user", "content_type": "image/avif", "original_name": "zofoggs4jsgant1nasrk.avif", "upload_timestamp": "2025-08-17T21:43:08.851Z", "cloudinary_public_id": "authorsinfo/post_photos/nfjh4e7y0fje1v8g125m"}', 'authorsinfo/post_photos', 'cloudinary', true, 'completed', NULL, NULL, NULL, NULL, NULL, NULL, NULL, 0.00, 'safe', NULL, NULL, NULL, 0, 0, 0, 0, 0, 0.00, false, false, false, false, 'original', NULL, false, '2474659f-003e-4faa-8c53-9969c33f20b2', 'user'),
	('309d3460-165c-4cdc-b2dd-7d9a0dda1637', 'https://res.cloudinary.com/dj8yugwyp/image/upload/v1755466986/authorsinfo/post_photos/wds9vne10bqmsw2lejq3.webp', 'Post image 1 by User', '2025-08-17 21:43:23.162749+00', '2025-08-17 21:43:23.162749+00', NULL, NULL, NULL, NULL, NULL, NULL, NULL, NULL, NULL, 'Post image 1', '{"source": "timeline_post", "post_id": "2c3c46c9-4ac5-4327-ba09-d5788f91fef1", "post_type": "multi_image_post", "image_index": 1, "uploaded_at": "2025-08-17T21:43:22.749Z", "total_images": 3}', NULL, 'supabase', false, NULL, NULL, NULL, NULL, NULL, NULL, NULL, NULL, 0.00, 'safe', NULL, NULL, NULL, 0, 0, 0, 0, 0, 0.00, false, false, false, false, 'original', NULL, false, '2474659f-003e-4faa-8c53-9969c33f20b2', 'user'),
	('285f89ba-148e-4ca0-abf5-f571472ee67d', 'https://res.cloudinary.com/dj8yugwyp/image/upload/v1755466987/authorsinfo/post_photos/a2yy7yx7ijklt2rxu72s.webp', 'Post image 2 by User', '2025-08-17 21:43:23.465157+00', '2025-08-17 21:43:23.465157+00', NULL, NULL, NULL, NULL, NULL, NULL, NULL, NULL, NULL, 'Post image 2', '{"source": "timeline_post", "post_id": "2c3c46c9-4ac5-4327-ba09-d5788f91fef1", "post_type": "multi_image_post", "image_index": 2, "uploaded_at": "2025-08-17T21:43:23.103Z", "total_images": 3}', NULL, 'supabase', false, NULL, NULL, NULL, NULL, NULL, NULL, NULL, NULL, 0.00, 'safe', NULL, NULL, NULL, 0, 0, 0, 0, 0, 0.00, false, false, false, false, 'original', NULL, false, '2474659f-003e-4faa-8c53-9969c33f20b2', 'user'),
	('1f31f2c5-09a0-4e96-afad-95b580a8f99a', 'https://res.cloudinary.com/dj8yugwyp/image/upload/v1755466988/authorsinfo/post_photos/nfjh4e7y0fje1v8g125m.webp', 'Post image 3 by User', '2025-08-17 21:43:23.742737+00', '2025-08-17 21:43:23.742737+00', NULL, NULL, NULL, NULL, NULL, NULL, NULL, NULL, NULL, 'Post image 3', '{"source": "timeline_post", "post_id": "2c3c46c9-4ac5-4327-ba09-d5788f91fef1", "post_type": "multi_image_post", "image_index": 3, "uploaded_at": "2025-08-17T21:43:23.321Z", "total_images": 3}', NULL, 'supabase', false, NULL, NULL, NULL, NULL, NULL, NULL, NULL, NULL, 0.00, 'safe', NULL, NULL, NULL, 0, 1, 0, 0, 0, 0.00, false, false, false, false, 'original', NULL, false, '2474659f-003e-4faa-8c53-9969c33f20b2', 'user'),
	('dfcecbe8-3205-4dcd-83cb-03f0d4e447bc', 'https://res.cloudinary.com/dj8yugwyp/image/upload/v1755561774/authorsinfo/post_photos/gmml1lphm2quvngeubel.webp', 'Post photo by User', '2025-08-19 00:02:55.690808+00', '2025-08-19 00:02:55.690808+00', NULL, NULL, NULL, 'wuckmc2rhxvl7l0qypfj.webp', 51874, NULL, NULL, NULL, 'image/webp', NULL, '{"entity_id": "2474659f-003e-4faa-8c53-9969c33f20b2", "file_size": 51874, "entity_type": "user", "content_type": "image/webp", "original_name": "wuckmc2rhxvl7l0qypfj.webp", "upload_timestamp": "2025-08-19T00:02:54.823Z", "cloudinary_public_id": "authorsinfo/post_photos/gmml1lphm2quvngeubel"}', 'authorsinfo/post_photos', 'cloudinary', true, 'completed', NULL, NULL, NULL, NULL, NULL, NULL, NULL, 0.00, 'safe', NULL, NULL, NULL, 0, 0, 0, 0, 0, 0.00, false, false, false, false, 'original', NULL, false, '2474659f-003e-4faa-8c53-9969c33f20b2', 'user'),
	('ca351d52-14dd-402f-98d3-2f93745fda3b', 'https://res.cloudinary.com/dj8yugwyp/image/upload/v1755561777/authorsinfo/post_photos/k2vtdl1g53anih7egr7u.webp', 'Post photo by User', '2025-08-19 00:02:58.099023+00', '2025-08-19 00:02:58.099023+00', NULL, NULL, NULL, 'tsyp6ahmfl5m0eq1p25y.webp', 88800, NULL, NULL, NULL, 'image/webp', NULL, '{"entity_id": "2474659f-003e-4faa-8c53-9969c33f20b2", "file_size": 88800, "entity_type": "user", "content_type": "image/webp", "original_name": "tsyp6ahmfl5m0eq1p25y.webp", "upload_timestamp": "2025-08-19T00:02:57.206Z", "cloudinary_public_id": "authorsinfo/post_photos/k2vtdl1g53anih7egr7u"}', 'authorsinfo/post_photos', 'cloudinary', true, 'completed', NULL, NULL, NULL, NULL, NULL, NULL, NULL, 0.00, 'safe', NULL, NULL, NULL, 0, 0, 0, 0, 0, 0.00, false, false, false, false, 'original', NULL, false, '2474659f-003e-4faa-8c53-9969c33f20b2', 'user'),
	('ae2cc6bb-31c4-41c0-9afb-8fb8f557477b', 'https://res.cloudinary.com/dj8yugwyp/image/upload/v1755561785/authorsinfo/post_photos/mx3jxgeowxwipqqkctvi.webp', 'Post photo by User', '2025-08-19 00:03:06.081027+00', '2025-08-19 00:03:06.081027+00', NULL, NULL, NULL, 'rnfajfd8tpniemdayzen.webp', 81668, NULL, NULL, NULL, 'image/webp', NULL, '{"entity_id": "2474659f-003e-4faa-8c53-9969c33f20b2", "file_size": 81668, "entity_type": "user", "content_type": "image/webp", "original_name": "rnfajfd8tpniemdayzen.webp", "upload_timestamp": "2025-08-19T00:03:05.224Z", "cloudinary_public_id": "authorsinfo/post_photos/mx3jxgeowxwipqqkctvi"}', 'authorsinfo/post_photos', 'cloudinary', true, 'completed', NULL, NULL, NULL, NULL, NULL, NULL, NULL, 0.00, 'safe', NULL, NULL, NULL, 0, 0, 0, 0, 0, 0.00, false, false, false, false, 'original', NULL, false, '2474659f-003e-4faa-8c53-9969c33f20b2', 'user'),
	('48d3342f-5053-4618-89e5-43f184f9a126', 'https://res.cloudinary.com/dj8yugwyp/image/upload/v1755561791/authorsinfo/post_photos/flygheu1tteekslets0x.webp', 'Post photo by User', '2025-08-19 00:03:12.581433+00', '2025-08-19 00:03:12.581433+00', NULL, NULL, NULL, 'amosackeg6n5rnftp7ab.avif', 17688, NULL, NULL, NULL, 'image/avif', NULL, '{"entity_id": "2474659f-003e-4faa-8c53-9969c33f20b2", "file_size": 17688, "entity_type": "user", "content_type": "image/avif", "original_name": "amosackeg6n5rnftp7ab.avif", "upload_timestamp": "2025-08-19T00:03:11.743Z", "cloudinary_public_id": "authorsinfo/post_photos/flygheu1tteekslets0x"}', 'authorsinfo/post_photos', 'cloudinary', true, 'completed', NULL, NULL, NULL, NULL, NULL, NULL, NULL, 0.00, 'safe', NULL, NULL, NULL, 0, 0, 0, 0, 0, 0.00, false, false, false, false, 'original', NULL, false, '2474659f-003e-4faa-8c53-9969c33f20b2', 'user'),
	('cd2b6f05-69eb-4aed-a70a-a85ce422c40e', 'https://res.cloudinary.com/dj8yugwyp/image/upload/v1755561832/authorsinfo/post_photos/wbewcnzymcuc0hrzzzjo.webp', 'Post photo by User', '2025-08-19 00:03:52.950964+00', '2025-08-19 00:03:52.950964+00', NULL, NULL, NULL, 'wuckmc2rhxvl7l0qypfj.webp', 51874, NULL, NULL, NULL, 'image/webp', NULL, '{"entity_id": "2474659f-003e-4faa-8c53-9969c33f20b2", "file_size": 51874, "entity_type": "user", "content_type": "image/webp", "original_name": "wuckmc2rhxvl7l0qypfj.webp", "upload_timestamp": "2025-08-19T00:03:51.999Z", "cloudinary_public_id": "authorsinfo/post_photos/wbewcnzymcuc0hrzzzjo"}', 'authorsinfo/post_photos', 'cloudinary', true, 'completed', NULL, NULL, NULL, NULL, NULL, NULL, NULL, 0.00, 'safe', NULL, NULL, NULL, 0, 0, 0, 0, 0, 0.00, false, false, false, false, 'original', NULL, false, '2474659f-003e-4faa-8c53-9969c33f20b2', 'user'),
	('2840e9ae-3a96-4ac3-9c64-74470323348f', 'https://res.cloudinary.com/dj8yugwyp/image/upload/v1755561833/authorsinfo/post_photos/m19yo0vl6ebahn9cv7ae.webp', 'Post photo by User', '2025-08-19 00:03:53.759061+00', '2025-08-19 00:03:53.759061+00', NULL, NULL, NULL, 'tsyp6ahmfl5m0eq1p25y.webp', 88800, NULL, NULL, NULL, 'image/webp', NULL, '{"entity_id": "2474659f-003e-4faa-8c53-9969c33f20b2", "file_size": 88800, "entity_type": "user", "content_type": "image/webp", "original_name": "tsyp6ahmfl5m0eq1p25y.webp", "upload_timestamp": "2025-08-19T00:03:52.874Z", "cloudinary_public_id": "authorsinfo/post_photos/m19yo0vl6ebahn9cv7ae"}', 'authorsinfo/post_photos', 'cloudinary', true, 'completed', NULL, NULL, NULL, NULL, NULL, NULL, NULL, 0.00, 'safe', NULL, NULL, NULL, 0, 0, 0, 0, 0, 0.00, false, false, false, false, 'original', NULL, false, '2474659f-003e-4faa-8c53-9969c33f20b2', 'user'),
	('0d365592-c2e8-4fc0-9ab5-6ca7e72d4dd4', 'https://res.cloudinary.com/dj8yugwyp/image/upload/v1755561833/authorsinfo/post_photos/ziffj5a7brrzcsngl67s.webp', 'Post photo by User', '2025-08-19 00:03:54.67012+00', '2025-08-19 00:03:54.67012+00', NULL, NULL, NULL, 'rnfajfd8tpniemdayzen.webp', 81668, NULL, NULL, NULL, 'image/webp', NULL, '{"entity_id": "2474659f-003e-4faa-8c53-9969c33f20b2", "file_size": 81668, "entity_type": "user", "content_type": "image/webp", "original_name": "rnfajfd8tpniemdayzen.webp", "upload_timestamp": "2025-08-19T00:03:53.823Z", "cloudinary_public_id": "authorsinfo/post_photos/ziffj5a7brrzcsngl67s"}', 'authorsinfo/post_photos', 'cloudinary', true, 'completed', NULL, NULL, NULL, NULL, NULL, NULL, NULL, 0.00, 'safe', NULL, NULL, NULL, 0, 0, 0, 0, 0, 0.00, false, false, false, false, 'original', NULL, false, '2474659f-003e-4faa-8c53-9969c33f20b2', 'user'),
	('867a7892-9d1e-474d-8b4c-3d070c7ac420', 'https://res.cloudinary.com/dj8yugwyp/image/upload/v1755561832/authorsinfo/post_photos/wbewcnzymcuc0hrzzzjo.webp', 'Post image 1 by User', '2025-08-19 00:04:25.810872+00', '2025-08-19 00:04:25.810872+00', NULL, NULL, NULL, NULL, NULL, NULL, NULL, NULL, NULL, NULL, '{"source": "timeline_post", "entity_id": "2474659f-003e-4faa-8c53-9969c33f20b2", "post_type": "user_post", "album_type": "user_gallery_album", "entity_type": "user", "image_index": 1, "uploaded_at": "2025-08-19T00:04:23.387Z", "total_images": 3, "uploaded_via": "entity_image_api"}', NULL, 'supabase', false, NULL, NULL, NULL, NULL, NULL, NULL, NULL, NULL, 0.00, 'safe', NULL, NULL, NULL, 0, 0, 0, 0, 0, 0.00, false, false, false, false, 'original', NULL, false, '2474659f-003e-4faa-8c53-9969c33f20b2', 'user'),
	('306e4f80-a555-463a-8cd5-15b7b577c2a9', 'https://res.cloudinary.com/dj8yugwyp/image/upload/v1755561833/authorsinfo/post_photos/m19yo0vl6ebahn9cv7ae.webp', 'Post image 2 by User', '2025-08-19 00:04:29.406082+00', '2025-08-19 00:04:29.406082+00', NULL, NULL, NULL, NULL, NULL, NULL, NULL, NULL, NULL, NULL, '{"source": "timeline_post", "entity_id": "2474659f-003e-4faa-8c53-9969c33f20b2", "post_type": "user_post", "album_type": "user_gallery_album", "entity_type": "user", "image_index": 2, "uploaded_at": "2025-08-19T00:04:27.980Z", "total_images": 3, "uploaded_via": "entity_image_api"}', NULL, 'supabase', false, NULL, NULL, NULL, NULL, NULL, NULL, NULL, NULL, 0.00, 'safe', NULL, NULL, NULL, 0, 0, 0, 0, 0, 0.00, false, false, false, false, 'original', NULL, false, '2474659f-003e-4faa-8c53-9969c33f20b2', 'user'),
	('fdde349a-8bf8-434f-b05c-cfa201e976c5', 'https://res.cloudinary.com/dj8yugwyp/image/upload/v1755561833/authorsinfo/post_photos/ziffj5a7brrzcsngl67s.webp', 'Post image 3 by User', '2025-08-19 00:04:30.801219+00', '2025-08-19 00:04:30.801219+00', NULL, NULL, NULL, NULL, NULL, NULL, NULL, NULL, NULL, NULL, '{"source": "timeline_post", "entity_id": "2474659f-003e-4faa-8c53-9969c33f20b2", "post_type": "user_post", "album_type": "user_gallery_album", "entity_type": "user", "image_index": 3, "uploaded_at": "2025-08-19T00:04:29.601Z", "total_images": 3, "uploaded_via": "entity_image_api"}', NULL, 'supabase', false, NULL, NULL, NULL, NULL, NULL, NULL, NULL, NULL, 0.00, 'safe', NULL, NULL, NULL, 0, 0, 0, 0, 0, 0.00, false, false, false, false, 'original', NULL, false, '2474659f-003e-4faa-8c53-9969c33f20b2', 'user'),
	('87569fdc-c0ca-4144-a9d0-3013362b8e77', 'https://res.cloudinary.com/dj8yugwyp/image/upload/v1755565205/authorsinfo/post_photos/v4bov8gneanfheblvv2q.webp', 'Post photo by User', '2025-08-19 01:00:06.60375+00', '2025-08-19 01:00:06.60375+00', NULL, NULL, NULL, '275604581_3279942738900588_160135012164989122_n.jpg', 73628, NULL, NULL, NULL, 'image/jpeg', NULL, '{"entity_id": "2474659f-003e-4faa-8c53-9969c33f20b2", "file_size": 73628, "entity_type": "user", "content_type": "image/jpeg", "original_name": "275604581_3279942738900588_160135012164989122_n.jpg", "upload_timestamp": "2025-08-19T01:00:05.566Z", "cloudinary_public_id": "authorsinfo/post_photos/v4bov8gneanfheblvv2q"}', 'authorsinfo/post_photos', 'cloudinary', true, 'completed', NULL, NULL, NULL, NULL, NULL, NULL, NULL, 0.00, 'safe', NULL, NULL, NULL, 0, 0, 0, 0, 0, 0.00, false, false, false, false, 'original', NULL, false, '2474659f-003e-4faa-8c53-9969c33f20b2', 'user'),
	('b34d7aaa-6443-47d0-8947-556f5487fe37', 'https://res.cloudinary.com/dj8yugwyp/image/upload/v1755565207/authorsinfo/post_photos/asbpyrt3yz8aijask9tw.webp', 'Post photo by User', '2025-08-19 01:00:07.684572+00', '2025-08-19 01:00:07.684572+00', NULL, NULL, NULL, 'wuckmc2rhxvl7l0qypfj.webp', 51874, NULL, NULL, NULL, 'image/webp', NULL, '{"entity_id": "2474659f-003e-4faa-8c53-9969c33f20b2", "file_size": 51874, "entity_type": "user", "content_type": "image/webp", "original_name": "wuckmc2rhxvl7l0qypfj.webp", "upload_timestamp": "2025-08-19T01:00:06.795Z", "cloudinary_public_id": "authorsinfo/post_photos/asbpyrt3yz8aijask9tw"}', 'authorsinfo/post_photos', 'cloudinary', true, 'completed', NULL, NULL, NULL, NULL, NULL, NULL, NULL, 0.00, 'safe', NULL, NULL, NULL, 0, 0, 0, 0, 0, 0.00, false, false, false, false, 'original', NULL, false, '2474659f-003e-4faa-8c53-9969c33f20b2', 'user'),
	('31998c1c-9090-4039-8f15-ffabc0da462b', 'https://res.cloudinary.com/dj8yugwyp/image/upload/v1755565207/authorsinfo/post_photos/febnv3hz34ughwqsfbne.webp', 'Post photo by User', '2025-08-19 01:00:09.008508+00', '2025-08-19 01:00:09.008508+00', NULL, NULL, NULL, 'tsyp6ahmfl5m0eq1p25y.webp', 88800, NULL, NULL, NULL, 'image/webp', NULL, '{"entity_id": "2474659f-003e-4faa-8c53-9969c33f20b2", "file_size": 88800, "entity_type": "user", "content_type": "image/webp", "original_name": "tsyp6ahmfl5m0eq1p25y.webp", "upload_timestamp": "2025-08-19T01:00:08.125Z", "cloudinary_public_id": "authorsinfo/post_photos/febnv3hz34ughwqsfbne"}', 'authorsinfo/post_photos', 'cloudinary', true, 'completed', NULL, NULL, NULL, NULL, NULL, NULL, NULL, 0.00, 'safe', NULL, NULL, NULL, 0, 0, 0, 0, 0, 0.00, false, false, false, false, 'original', NULL, false, '2474659f-003e-4faa-8c53-9969c33f20b2', 'user'),
	('e649f950-93f6-46cc-9087-03d41146f966', 'https://res.cloudinary.com/dj8yugwyp/image/upload/v1755565209/authorsinfo/post_photos/sujqpauvwtxcks57rbfu.webp', 'Post photo by User', '2025-08-19 01:00:10.791172+00', '2025-08-19 01:00:10.791172+00', NULL, NULL, NULL, 'rnfajfd8tpniemdayzen.webp', 81668, NULL, NULL, NULL, 'image/webp', NULL, '{"entity_id": "2474659f-003e-4faa-8c53-9969c33f20b2", "file_size": 81668, "entity_type": "user", "content_type": "image/webp", "original_name": "rnfajfd8tpniemdayzen.webp", "upload_timestamp": "2025-08-19T01:00:09.833Z", "cloudinary_public_id": "authorsinfo/post_photos/sujqpauvwtxcks57rbfu"}', 'authorsinfo/post_photos', 'cloudinary', true, 'completed', NULL, NULL, NULL, NULL, NULL, NULL, NULL, 0.00, 'safe', NULL, NULL, NULL, 0, 0, 0, 0, 0, 0.00, false, false, false, false, 'original', NULL, false, '2474659f-003e-4faa-8c53-9969c33f20b2', 'user'),
	('49c1f20b-e877-4fe0-a646-27afcb2ccc1a', 'https://res.cloudinary.com/dj8yugwyp/image/upload/v1755565205/authorsinfo/post_photos/v4bov8gneanfheblvv2q.webp', 'Post image 1 by User', '2025-08-19 01:00:26.849251+00', '2025-08-19 01:00:26.849251+00', NULL, NULL, NULL, NULL, NULL, NULL, NULL, NULL, NULL, NULL, '{"source": "timeline_post", "entity_id": "2474659f-003e-4faa-8c53-9969c33f20b2", "post_type": "user_post", "album_type": "user_gallery_album", "entity_type": "user", "image_index": 1, "uploaded_at": "2025-08-19T01:00:24.350Z", "total_images": 4, "uploaded_via": "entity_image_api"}', NULL, 'supabase', false, NULL, NULL, NULL, NULL, NULL, NULL, NULL, NULL, 0.00, 'safe', NULL, NULL, NULL, 0, 0, 0, 0, 0, 0.00, false, false, false, false, 'original', NULL, false, '2474659f-003e-4faa-8c53-9969c33f20b2', 'user'),
	('448ee3cd-11b2-44da-887d-c58cbc74caa1', 'https://res.cloudinary.com/dj8yugwyp/image/upload/v1755565207/authorsinfo/post_photos/asbpyrt3yz8aijask9tw.webp', 'Post image 2 by User', '2025-08-19 01:00:28.927536+00', '2025-08-19 01:00:28.927536+00', NULL, NULL, NULL, NULL, NULL, NULL, NULL, NULL, NULL, NULL, '{"source": "timeline_post", "entity_id": "2474659f-003e-4faa-8c53-9969c33f20b2", "post_type": "user_post", "album_type": "user_gallery_album", "entity_type": "user", "image_index": 2, "uploaded_at": "2025-08-19T01:00:27.496Z", "total_images": 4, "uploaded_via": "entity_image_api"}', NULL, 'supabase', false, NULL, NULL, NULL, NULL, NULL, NULL, NULL, NULL, 0.00, 'safe', NULL, NULL, NULL, 0, 0, 0, 0, 0, 0.00, false, false, false, false, 'original', NULL, false, '2474659f-003e-4faa-8c53-9969c33f20b2', 'user'),
	('346ae6c4-a6bc-4419-9c5d-54a1589971bf', 'https://res.cloudinary.com/dj8yugwyp/image/upload/v1755565207/authorsinfo/post_photos/febnv3hz34ughwqsfbne.webp', 'Post image 3 by User', '2025-08-19 01:00:30.405699+00', '2025-08-19 01:00:30.405699+00', NULL, NULL, NULL, NULL, NULL, NULL, NULL, NULL, NULL, NULL, '{"source": "timeline_post", "entity_id": "2474659f-003e-4faa-8c53-9969c33f20b2", "post_type": "user_post", "album_type": "user_gallery_album", "entity_type": "user", "image_index": 3, "uploaded_at": "2025-08-19T01:00:29.212Z", "total_images": 4, "uploaded_via": "entity_image_api"}', NULL, 'supabase', false, NULL, NULL, NULL, NULL, NULL, NULL, NULL, NULL, 0.00, 'safe', NULL, NULL, NULL, 0, 0, 0, 0, 0, 0.00, false, false, false, false, 'original', NULL, false, '2474659f-003e-4faa-8c53-9969c33f20b2', 'user'),
	('ce9a752d-d745-478b-bf1c-851e2efd88c5', 'https://res.cloudinary.com/dj8yugwyp/image/upload/v1755565209/authorsinfo/post_photos/sujqpauvwtxcks57rbfu.webp', 'Post image 4 by User', '2025-08-19 01:00:31.719914+00', '2025-08-19 01:00:31.719914+00', NULL, NULL, NULL, NULL, NULL, NULL, NULL, NULL, NULL, NULL, '{"source": "timeline_post", "entity_id": "2474659f-003e-4faa-8c53-9969c33f20b2", "post_type": "user_post", "album_type": "user_gallery_album", "entity_type": "user", "image_index": 4, "uploaded_at": "2025-08-19T01:00:30.501Z", "total_images": 4, "uploaded_via": "entity_image_api"}', NULL, 'supabase', false, NULL, NULL, NULL, NULL, NULL, NULL, NULL, NULL, 0.00, 'safe', NULL, NULL, NULL, 0, 0, 0, 0, 0, 0.00, false, false, false, false, 'original', NULL, false, '2474659f-003e-4faa-8c53-9969c33f20b2', 'user'),
	('b1c17c88-90b0-4eb3-9aa5-ee747bd357a7', 'https://res.cloudinary.com/dj8yugwyp/image/upload/v1753938886/user_album_album_dfe0fb85-9fa0-479f-9e21-ea95ceef695b/erenvgo0lbx7gv0tsfxa.webp', 'album image 3 for user album dfe0fb85-9fa0-479f-9e21-ea95ceef695b', '2025-07-31 05:14:47.813404+00', '2025-07-31 05:14:47.813404+00', NULL, NULL, NULL, NULL, 49836, 777, 1200, 'webp', 'image/webp', NULL, '{"cloudinary_public_id": "user_album_album_dfe0fb85-9fa0-479f-9e21-ea95ceef695b/erenvgo0lbx7gv0tsfxa"}', 'user_album_album_dfe0fb85-9fa0-479f-9e21-ea95ceef695b', 'cloudinary', false, NULL, NULL, NULL, NULL, NULL, NULL, NULL, NULL, 0.00, 'safe', NULL, NULL, NULL, 0, 8, 0, 0, 0, 0.00, false, false, false, false, 'original', NULL, false, '2474659f-003e-4faa-8c53-9969c33f20b2', 'user'),
	('1890a0a7-c11e-4230-b968-905c8f394a77', 'https://res.cloudinary.com/dj8yugwyp/image/upload/v1753931436/user_album_album_dfe0fb85-9fa0-479f-9e21-ea95ceef695b/m8cgld90l3k3w7wlemtz.webp', 'album image 1 for user album dfe0fb85-9fa0-479f-9e21-ea95ceef695b', '2025-07-31 03:10:37.14272+00', '2025-07-31 03:10:37.14272+00', NULL, NULL, NULL, NULL, 31276, 777, 1200, 'webp', 'image/webp', NULL, '{"cloudinary_public_id": "user_album_album_dfe0fb85-9fa0-479f-9e21-ea95ceef695b/m8cgld90l3k3w7wlemtz"}', 'user_album_album_dfe0fb85-9fa0-479f-9e21-ea95ceef695b', 'cloudinary', false, NULL, NULL, NULL, NULL, NULL, NULL, NULL, NULL, 0.00, 'safe', NULL, NULL, NULL, 0, 2, 0, 0, 0, 0.00, false, false, false, false, 'original', NULL, false, '2474659f-003e-4faa-8c53-9969c33f20b2', 'user'),
	('121c5958-15bc-488a-a6ed-a2b00103976a', 'https://res.cloudinary.com/dj8yugwyp/image/upload/v1755703956/authorsinfo/book_entity_header_cover/itrd98hjjkyck97czfi9.webp', 'Entity header cover for book Jaded', '2025-08-20 15:32:37.407469+00', '2025-08-20 15:32:37.407469+00', NULL, NULL, NULL, 'cropped-cover.jpg', 101616, NULL, NULL, NULL, 'image/jpeg', NULL, NULL, 'authorsinfo/book_entity_header_cover', 'cloudinary', true, 'completed', NULL, NULL, NULL, NULL, NULL, NULL, NULL, 0.00, 'safe', NULL, NULL, NULL, 0, 0, 0, 0, 0, 0.00, false, false, false, false, 'original', NULL, false, NULL, 'user'),
	('39a79a47-8a6d-4571-a5ad-5d98790dc050', 'https://res.cloudinary.com/dj8yugwyp/image/upload/v1755704362/authorsinfo/book_entity_header_cover/iojzoo4o6onqgrvhp9xg.webp', 'Entity header cover for book Jaded', '2025-08-20 15:39:23.592265+00', '2025-08-20 15:39:23.592265+00', NULL, NULL, NULL, 'cropped-cover.jpg', 106866, NULL, NULL, NULL, 'image/jpeg', NULL, NULL, 'authorsinfo/book_entity_header_cover', 'cloudinary', true, 'completed', NULL, NULL, NULL, NULL, NULL, NULL, NULL, 0.00, 'safe', NULL, NULL, NULL, 0, 0, 0, 0, 0, 0.00, false, false, false, false, 'original', NULL, false, NULL, 'user'),
	('4e031af2-e7fd-4cd2-a49a-54c992ff3fdf', 'https://res.cloudinary.com/dj8yugwyp/image/upload/v1755705949/authorsinfo/book_entity_header_cover/usu0tecdgoanzjuoorkx.webp', 'Entity header cover for book Jaded', '2025-08-20 16:05:52.559118+00', '2025-08-20 16:05:52.559118+00', NULL, NULL, NULL, 'cropped-cover.jpg', 87449, NULL, NULL, NULL, 'image/jpeg', NULL, NULL, 'authorsinfo/book_entity_header_cover', 'cloudinary', true, 'completed', NULL, NULL, NULL, NULL, NULL, NULL, NULL, 0.00, 'safe', NULL, NULL, NULL, 0, 0, 0, 0, 0, 0.00, false, false, false, false, 'original', NULL, false, NULL, 'user'),
	('718060ac-076b-421e-b052-caa9a837abb4', 'https://res.cloudinary.com/dj8yugwyp/image/upload/v1755709869/authorsinfo/book_entity_header_avatar/hkibm1uyql0zvulj6vqw.webp', 'Entity header avatar for book Jaded', '2025-08-20 17:11:10.728483+00', '2025-08-20 17:11:10.728483+00', NULL, NULL, NULL, 'cropped-avatar.jpg', 39859, NULL, NULL, NULL, 'image/jpeg', NULL, NULL, 'authorsinfo/book_entity_header_avatar', 'cloudinary', true, 'completed', NULL, NULL, NULL, NULL, NULL, NULL, NULL, 0.00, 'safe', NULL, NULL, NULL, 0, 0, 0, 0, 0, 0.00, false, false, false, false, 'original', NULL, false, NULL, 'user'),
	('e5f7913f-92c7-4077-8827-df88da9fe94c', 'https://res.cloudinary.com/dj8yugwyp/image/upload/v1755711548/authorsinfo/book_entity_header_avatar/q45t8zd3pv3dgwx63sp0.webp', 'Entity header avatar for book Jaded', '2025-08-20 17:39:09.70983+00', '2025-08-20 17:39:09.70983+00', NULL, NULL, NULL, 'cropped-avatar.jpg', 37653, NULL, NULL, NULL, 'image/jpeg', NULL, NULL, 'authorsinfo/book_entity_header_avatar', 'cloudinary', true, 'completed', NULL, NULL, NULL, NULL, NULL, NULL, NULL, 0.00, 'safe', NULL, NULL, NULL, 0, 0, 0, 0, 0, 0.00, false, false, false, false, 'original', NULL, false, NULL, 'user'),
	('8adf1b8d-0d32-454b-8c9a-005c54242498', 'https://res.cloudinary.com/dj8yugwyp/image/upload/v1755711593/authorsinfo/book_entity_header_avatar/q0wcdu2tamsrpsbckjf3.webp', 'Entity header avatar for book Jaded', '2025-08-20 17:39:54.880275+00', '2025-08-20 17:39:54.880275+00', NULL, NULL, NULL, 'cropped-avatar.jpg', 37653, NULL, NULL, NULL, 'image/jpeg', NULL, NULL, 'authorsinfo/book_entity_header_avatar', 'cloudinary', true, 'completed', NULL, NULL, NULL, NULL, NULL, NULL, NULL, 0.00, 'safe', NULL, NULL, NULL, 0, 0, 0, 0, 0, 0.00, false, false, false, false, 'original', NULL, false, NULL, 'user'),
	('0c9a97b5-9bcf-4efc-843c-2b4488bcb3b4', 'https://res.cloudinary.com/dj8yugwyp/image/upload/v1755711932/authorsinfo/book_entity_header_avatar/bcdi5jesajvokfl3hpqj.webp', 'Entity header avatar for book Jaded', '2025-08-20 17:45:33.514241+00', '2025-08-20 17:45:33.514241+00', NULL, NULL, NULL, 'cropped-avatar.jpg', 37757, NULL, NULL, NULL, 'image/jpeg', NULL, NULL, 'authorsinfo/book_entity_header_avatar', 'cloudinary', true, 'completed', NULL, NULL, NULL, NULL, NULL, NULL, NULL, 0.00, 'safe', NULL, NULL, NULL, 0, 0, 0, 0, 0, 0.00, false, false, false, false, 'original', NULL, false, NULL, 'user'),
	('7187ff88-f94c-4e2a-a289-ed7570a9dacb', 'https://res.cloudinary.com/dj8yugwyp/image/upload/v1755712029/authorsinfo/book_entity_header_cover/ou355rjhzqzl23sdx2b8.webp', 'Entity header cover for book Jaded', '2025-08-20 17:47:10.357005+00', '2025-08-20 17:47:10.357005+00', NULL, NULL, NULL, 'cropped-cover.jpg', 87385, NULL, NULL, NULL, 'image/jpeg', NULL, NULL, 'authorsinfo/book_entity_header_cover', 'cloudinary', true, 'completed', NULL, NULL, NULL, NULL, NULL, NULL, NULL, 0.00, 'safe', NULL, NULL, NULL, 0, 0, 0, 0, 0, 0.00, false, false, false, false, 'original', NULL, false, NULL, 'user');


--
-- Data for Name: authors; Type: TABLE DATA; Schema: public; Owner: postgres
--

INSERT INTO "public"."authors" ("id", "name", "bio", "featured", "birth_date", "nationality", "website", "author_image_id", "twitter_handle", "facebook_handle", "instagram_handle", "goodreads_url", "cover_image_id", "created_at", "updated_at", "author_gallery_id", "permalink") VALUES
	('9953a3e0-4982-4ae5-8093-829c4320ef8d', 'Katherine Garbera', 'This is a test bio that will be updated soon', false, NULL, NULL, NULL, NULL, NULL, NULL, NULL, NULL, NULL, '2025-07-06 07:13:55.071969+00', '2025-07-06 07:13:55.071969+00', NULL, NULL),
	('8e75e51f-701f-4f3a-83da-70f625876ca8', 'Beth Guckenberger', NULL, false, NULL, NULL, NULL, NULL, NULL, NULL, NULL, NULL, NULL, '2025-07-08 00:11:48.482659+00', '2025-07-08 00:11:48.482659+00', NULL, NULL),
	('e31e061d-a4a8-4cc8-af18-754786ad5ee3', 'Envy Red', NULL, false, NULL, NULL, NULL, NULL, NULL, NULL, NULL, NULL, NULL, '2025-07-13 07:13:14.630895+00', '2025-07-13 07:13:14.630895+00', NULL, NULL);


--
-- Data for Name: binding_types; Type: TABLE DATA; Schema: public; Owner: postgres
--

INSERT INTO "public"."binding_types" ("id", "name", "description", "created_at", "updated_at") VALUES
	('bd110077-f85e-46fe-8411-894c4a61f132', 'Hardcover', NULL, NULL, NULL),
	('50d370e1-c0b9-4bb5-b278-0aa247da36fd', 'Paperback', NULL, NULL, NULL);


--
-- Data for Name: countries; Type: TABLE DATA; Schema: public; Owner: postgres
--



--
-- Data for Name: format_types; Type: TABLE DATA; Schema: public; Owner: postgres
--

INSERT INTO "public"."format_types" ("id", "name") VALUES
	('d32977ce-788d-4c75-af76-ea033978f402', 'Print');


--
-- Data for Name: publishers; Type: TABLE DATA; Schema: public; Owner: postgres
--

INSERT INTO "public"."publishers" ("id", "name", "featured", "website", "email", "phone", "address_line1", "address_line2", "city", "state", "postal_code", "country", "about", "cover_image_id", "publisher_image_id", "publisher_gallery_id", "founded_year", "country_id", "created_at", "updated_at", "permalink") VALUES
	('ad76092d-b5b1-4045-af9f-5fae7b4aef6b', 'Katherine Garbera', false, NULL, NULL, NULL, NULL, NULL, NULL, NULL, NULL, NULL, NULL, NULL, NULL, NULL, NULL, NULL, '2025-07-05 10:06:45.834571+00', '2025-07-05 10:06:45.834571+00', NULL),
	('f1a5d323-99aa-4329-9536-5dee26fc1c0c', 'Thomas Nelson', false, NULL, NULL, NULL, NULL, NULL, NULL, NULL, NULL, NULL, NULL, NULL, NULL, NULL, NULL, NULL, '2025-07-08 00:11:48.828479+00', '2025-07-08 00:11:48.828479+00', NULL),
	('b1ae09e3-7dae-491f-8ad6-e513fd9d1977', 'David C Cook', false, NULL, NULL, NULL, NULL, NULL, NULL, NULL, NULL, NULL, NULL, NULL, NULL, NULL, NULL, NULL, '2025-07-08 04:43:58.67216+00', '2025-07-08 04:43:58.67216+00', NULL),
	('5eaef69c-5ddd-4a58-8412-47df975a472a', 'Zondervan', false, NULL, NULL, NULL, NULL, NULL, NULL, NULL, NULL, NULL, NULL, NULL, NULL, NULL, NULL, NULL, '2025-07-08 04:54:16.466469+00', '2025-07-08 04:54:16.466469+00', NULL),
	('18c99335-dfb8-42da-8ff3-c45ceb1f04fd', 'Standard Publishing', false, NULL, NULL, NULL, NULL, NULL, NULL, NULL, NULL, NULL, NULL, NULL, NULL, NULL, NULL, NULL, '2025-07-08 09:36:28.731401+00', '2025-07-08 09:36:28.731401+00', NULL),
	('729c198c-4e2f-4e67-8591-ee4f6bd74385', 'Red Door Books', false, NULL, NULL, NULL, NULL, NULL, NULL, NULL, NULL, NULL, NULL, NULL, NULL, NULL, NULL, NULL, '2025-07-13 07:13:14.232476+00', '2025-07-13 07:13:14.232476+00', NULL);


--
-- Data for Name: statuses; Type: TABLE DATA; Schema: public; Owner: postgres
--



--
-- Data for Name: books; Type: TABLE DATA; Schema: public; Owner: postgres
--

INSERT INTO "public"."books" ("id", "isbn10", "isbn13", "title", "title_long", "publisher_id", "publication_date", "binding", "pages", "list_price", "language", "edition", "synopsis", "overview", "dimensions", "weight", "cover_image_id", "original_image_url", "author", "featured", "book_gallery_img", "average_rating", "review_count", "created_at", "author_id", "binding_type_id", "format_type_id", "status_id", "updated_at", "permalink") VALUES
	('8366132b-50b4-452a-88b3-cd7368ecfd71', NULL, '9780784774793', 'Super Simple Mission Kit Featuring Tales of the Not Forgotten: A Fully-resources Missions Curriculum (Kids Serving Kids)', 'Super Simple Mission Kit Featuring Tales of the Not Forgotten: A Fully-resources Missions Curriculum (Kids Serving Kids)', 'b1ae09e3-7dae-491f-8ad6-e513fd9d1977', '2019-01-01', 'Paperback', NULL, NULL, 'en', 'Leaders Guide, Teachers Guide', 'Filled with fun activities, compelling stories, biblical teaching, kid-friendly service projects, and family outreach ideas, the Super Simple Mission Kit will:?Open kids? eyes to the needs in their community and around the world.?Shape kids? hearts to mirror God?s heart of compassion.?Inspire kids to courageously follow God?s call.In partnering with Back2Back Ministries, this kit will: 1. Provide children?s ministers and pastors with resources that guide children to look beyond themselves and think of others--especially of kids around the world living in difficult situations. This complete kit includes stories, curriculum, video clips, visuals, and detailed instructions on how to partner with Back2Back Ministries.2. There are 163 million orphans around the world. With each purchase, a portion of the proceeds will go to Back2Back Ministries to directly serve orphans The Super Simple Mission Kit helps kids discover the basic needs of children living in poverty in developing countries. Al', NULL, 'Height: 10.5 inches, Length: 7 inches, Weight: 2.55 Pounds, Width: 2.25 inches', 2.55, '642cfd82-6a4c-459d-a2d9-8cf8501e57f7', NULL, 'Beth Guckenberger', false, NULL, 0, 0, '2025-07-08 09:49:44.668053+00', '8e75e51f-701f-4f3a-83da-70f625876ca8', '50d370e1-c0b9-4bb5-b278-0aa247da36fd', 'd32977ce-788d-4c75-af76-ea033978f402', NULL, '2025-07-08 09:49:44.668053+00', NULL),
	('235ce1e2-e5a5-4db9-9d2b-22093d960566', '0983716412', '9780983716419', 'High Rollers', 'High Rollers', '729c198c-4e2f-4e67-8591-ee4f6bd74385', '2012-01-01', 'Paperback', 230, 0.00, 'en', NULL, 'Product Description<br/><br/><br/>Welcome to High Rollers, a skater''s paradise, where everything is not as it seems. Situated in the heart of West Baltimore, this rink is headquarters to a sinister human trafficking operation. With a reach that travels far beyond the South American border, the stakes are high when gambling within the inner realms of this skate haven. Meet troubled Iraq War veteran Jimmie "Snake" Watson, the charismatic yet loose cannon mastermind, whose skillful art of persuasion creates a seemingly untouchable empire. Witness what happens when greed, dishonor, love, andthe revealing of shocking truths stand to send his perfect world crashing down. Session 1.... So it begins!<br/><br/><br/>About the Author<br/><br/><br/>Envy Red is a Washington, DC area native by way of Birmingham, AL. A two time graduate of the University of Maryland, she resides in Atlanta, GA with her two boys. She is a cancer survivor whose battle with a rare form of the disease has strengthened her dedication to philanthropy. She is a board member of Homebound Citizens Non-Profit as well as the founder of the Free Young Minds Project, a youth initiative committed to developing our nations youth to their fullest potential. Literary Accomplishments: Most Talked About Author 2011 - DJ Gatsby Book Club Debut Author of The Year 2011 - Prodigy Publishing''s Urban Literary Awards Best Dressed Female Author 2011- Prodigy Publishing''s Urban Literary Awards Author of The Year Female 2011 - Word on Da Street Urban Literary Awards Nomination Female Author of The Year - AAMBC', NULL, 'Height: 8.5 inches, Length: 5.5 inches, Weight: 0.79 pounds, Width: 0.58 inches', 0.79, '57fbc74f-1371-4481-bd60-a647b84793e8', NULL, 'Envy Red', false, NULL, 0, 0, '2025-07-13 07:13:15.753895+00', 'e31e061d-a4a8-4cc8-af18-754786ad5ee3', '50d370e1-c0b9-4bb5-b278-0aa247da36fd', 'd32977ce-788d-4c75-af76-ea033978f402', NULL, '2025-07-13 07:13:15.753895+00', NULL),
	('492d0538-5ab2-43bc-bc7b-e538da900639', '0983716404', '9780983716402', 'Jaded', 'Jaded', '729c198c-4e2f-4e67-8591-ee4f6bd74385', '2011-11-16', 'Paperback', 256, 10, 'en', NULL, 'Imagine having your life consumed with nightmares of a wildly drug addicted mother whose career in prostitution leaves no one including yourself exempt from its consequences. Visualize having an unknown father whose only mark left on your life are unexplained exotic features. Envision learning that you were marked and written off as criminally insane at the tender age of 12. Now picture the same mental illness having you torn between two extremely opposite worlds of fantasy and reality. Journey behind the walls of St Agnes, a maximum security asylum in rural Virginia, and experience the suspenseful tale that is Jaded through the complex mind of a beautifully torn woman. Can love conquer all? This is the question posed as a love interest battles to show support through his own personal dilemma and tragedy. Will a seasoned therapist be able to provide the help needed, or will the unveiling of shocking truths cause damage beyond repair? Come along for the ups and downs of this jaw droppin', NULL, 'height: 216 mm, length: 140 mm, width: 16 mm, weight: 327 g', 327, '107a9e86-6578-4bb7-98f5-9c1a8d944b3c', NULL, 'Envy Red', false, NULL, 0, 0, '2025-07-13 07:13:20.319565+00', 'e31e061d-a4a8-4cc8-af18-754786ad5ee3', '50d370e1-c0b9-4bb5-b278-0aa247da36fd', 'd32977ce-788d-4c75-af76-ea033978f402', NULL, '2025-07-13 07:13:20.319565+00', NULL),
	('9a5909bb-e759-44ab-b8d0-7143482f66e8', '0578072696', '9780578072692', 'Touch', 'Touch', '729c198c-4e2f-4e67-8591-ee4f6bd74385', '2011-01-01', 'Paperback', 226, 0.00, 'en', NULL, 'Buckle your seatbelts and prepare for an exhilarating journey set in our nations capital where professionals indulge in more than their six figure careers. Through an erotic world of fantasy that almost crumbles at the hands of a sexual predator and serial killer, the shocking pasts of five individuals cross, and the page turning mystery that is Touch is told. Sidney, Nina, and Jade are three best friends from very different backgrounds who are active participants in the lifestyle, an exclusive underground swingers network, where professionals secretly gather to satisfy their carnal desires. When well known local celebrity and event planner Marcel Bennett is found brutally murdered after a lavish event, the connection to a series of serial killings is made and threatens to shake their foundation. Kenny aka King, is the troubled yet artistically talented younger brother of Sidney who is determined to shake his country roots and the demons he left behind. Will a gripping fear of success and mental baggage be his ultimate downfall or just the push he needs to move forward? Enter Devine, a local upscale health club owner, who just may be ready to settle down but not before being faced with demons from his own past including secrets held by his overbearing father, a high profiled city councilman. Watch as their pasts cross and their futures are forever altered when the mind blowing conclusion to this thrilling mystery unfolds, leaving you clinging to the edge of your seat.', NULL, 'height: 216 mm, length: 140 mm, width: 14 mm, weight: 295 g', 295, '307d916c-e573-40d0-ade1-91772787ce57', NULL, 'Envy Red', false, NULL, 0, 0, '2025-07-13 07:13:18.397727+00', 'e31e061d-a4a8-4cc8-af18-754786ad5ee3', '50d370e1-c0b9-4bb5-b278-0aa247da36fd', 'd32977ce-788d-4c75-af76-ea033978f402', NULL, '2025-07-13 07:13:18.397727+00', NULL);


--
-- Data for Name: groups; Type: TABLE DATA; Schema: public; Owner: postgres
--

INSERT INTO "public"."groups" ("id", "name", "description", "is_private", "created_by", "created_at", "cover_image_url", "member_count", "permalink") VALUES
	('992d1918-3e5e-464c-99af-ad026a7bad17', 'Book Lovers Community', 'A community for book enthusiasts', false, '2474659f-003e-4faa-8c53-9969c33f20b2', '2025-07-08 13:00:49.481243+00', NULL, 1, NULL);


--
-- Data for Name: book_reviews; Type: TABLE DATA; Schema: public; Owner: postgres
--



--
-- Data for Name: events; Type: TABLE DATA; Schema: public; Owner: postgres
--



--
-- Data for Name: reading_lists; Type: TABLE DATA; Schema: public; Owner: postgres
--



--
-- Data for Name: activities; Type: TABLE DATA; Schema: public; Owner: postgres
--

INSERT INTO "public"."activities" ("id", "user_id", "activity_type", "review_id", "list_id", "data", "created_at", "user_profile_id", "group_id", "event_id", "book_id", "author_id", "entity_type", "entity_id", "metadata", "like_count", "comment_count", "share_count", "view_count", "cross_posted_to", "collaboration_type", "ai_enhanced", "ai_enhanced_text", "ai_enhanced_performance", "content_type", "visibility", "content_summary", "text", "image_url", "hashtags", "link_url", "engagement_score", "updated_at") VALUES
	('21bf62bf-0c96-48d0-9f38-8e5b7d44793d', 'e06cdf85-b449-4dcb-b943-068aaad8cfa3', 'author_profile_updated', NULL, NULL, '{"author_id": "9953a3e0-4982-4ae5-8093-829c4320ef8d", "author_name": "Katherine Garbera", "updated_fields": ["bio"]}', '2025-07-07 09:17:27.916+00', NULL, NULL, NULL, NULL, NULL, NULL, NULL, '{}', 0, 0, 0, 0, '{}', 'individual', false, NULL, NULL, 'text', 'public', NULL, NULL, NULL, NULL, NULL, 0.00, '2025-08-19 02:44:36.075339+00'),
	('3aa8acbf-6aaa-4ac8-999c-7914bfabaccf', '2474659f-003e-4faa-8c53-9969c33f20b2', 'album_created', NULL, NULL, '{"is_public": true, "album_name": "Books", "privacy_level": "public", "album_description": ""}', '2025-07-31 03:10:08.504282+00', NULL, NULL, NULL, NULL, NULL, 'photo_album', 'dfe0fb85-9fa0-479f-9e21-ea95ceef695b', '{}', 0, 0, 0, 0, '{}', 'individual', false, NULL, NULL, 'text', 'public', NULL, NULL, NULL, NULL, NULL, 0.00, '2025-08-19 02:44:36.075339+00'),
	('cf25b009-c1bf-4c8f-8ef4-d2a21cc41de6', '2474659f-003e-4faa-8c53-9969c33f20b2', 'album_created', NULL, NULL, '{"is_public": true, "album_name": "Old Books", "privacy_level": "public", "album_description": "These are some of my old favorites"}', '2025-07-31 05:18:39.964567+00', NULL, NULL, NULL, NULL, NULL, 'photo_album', 'd677f90e-2d80-433e-90a0-1717fef7bc8d', '{}', 0, 0, 0, 0, '{}', 'individual', false, NULL, NULL, 'text', 'public', NULL, NULL, NULL, NULL, NULL, 0.00, '2025-08-19 02:44:36.075339+00'),
	('8a3b7c4e-364e-412c-bfc7-1738872ae2ef', 'b474d5f5-cbf2-49af-8d03-2ca4aea11081', 'profile_created', NULL, NULL, '{"user_id": "e06cdf85-b449-4dcb-b943-068aaad8cfa3", "user_name": "Alice Anderson", "profile_id": "e06cdf85-b449-4dcb-b943-068aaad8cfa3"}', '2025-07-03 09:08:57.268783+00', NULL, NULL, NULL, NULL, NULL, NULL, NULL, '{}', 0, 0, 0, 0, '{}', 'individual', false, NULL, NULL, 'text', 'public', NULL, NULL, NULL, NULL, NULL, 0.00, '2025-08-19 02:44:36.075339+00'),
	('8fecf2f8-e23c-4793-94d8-2b00656ef005', 'b474d5f5-cbf2-49af-8d03-2ca4aea11081', 'profile_created', NULL, NULL, '{"user_id": "2474659f-003e-4faa-8c53-9969c33f20b2", "user_name": "Bob Brown", "profile_id": "2474659f-003e-4faa-8c53-9969c33f20b2"}', '2025-07-03 09:08:57.268783+00', NULL, NULL, NULL, NULL, NULL, NULL, NULL, '{}', 0, 0, 0, 0, '{}', 'individual', false, NULL, NULL, 'text', 'public', NULL, NULL, NULL, NULL, NULL, 0.00, '2025-08-19 02:44:36.075339+00'),
	('e85b4945-f36f-488d-b49c-f249db2d59ed', 'b474d5f5-cbf2-49af-8d03-2ca4aea11081', 'profile_created', NULL, NULL, '{"user_id": "45f98998-ba1d-4439-b2ee-1d403fee0e7c", "user_name": "Charlie Clark", "profile_id": "45f98998-ba1d-4439-b2ee-1d403fee0e7c"}', '2025-07-03 09:08:57.268783+00', NULL, NULL, NULL, NULL, NULL, NULL, NULL, '{}', 0, 0, 0, 0, '{}', 'individual', false, NULL, NULL, 'text', 'public', NULL, NULL, NULL, NULL, NULL, 0.00, '2025-08-19 02:44:36.075339+00'),
	('7207fdb9-43b1-4acc-b80c-e596600ace32', 'b474d5f5-cbf2-49af-8d03-2ca4aea11081', 'profile_created', NULL, NULL, '{"user_id": "c5b68ab4-e8bc-4291-a646-7f8ab4b99528", "user_name": "Diana Davis", "profile_id": "c5b68ab4-e8bc-4291-a646-7f8ab4b99528"}', '2025-07-03 09:08:57.268783+00', NULL, NULL, NULL, NULL, NULL, NULL, NULL, '{}', 0, 0, 0, 0, '{}', 'individual', false, NULL, NULL, 'text', 'public', NULL, NULL, NULL, NULL, NULL, 0.00, '2025-08-19 02:44:36.075339+00'),
	('21d38842-e7ac-4abd-811c-210908b0db35', 'b474d5f5-cbf2-49af-8d03-2ca4aea11081', 'profile_created', NULL, NULL, '{"user_id": "355dd8d6-7ef5-46cf-9bad-67fd863cbc88", "user_name": "Eve Evans", "profile_id": "355dd8d6-7ef5-46cf-9bad-67fd863cbc88"}', '2025-07-03 09:08:57.268783+00', NULL, NULL, NULL, NULL, NULL, NULL, NULL, '{}', 0, 0, 0, 0, '{}', 'individual', false, NULL, NULL, 'text', 'public', NULL, NULL, NULL, NULL, NULL, 0.00, '2025-08-19 02:44:36.075339+00'),
	('479e3422-c8c6-4fc2-b82d-53db04a134f9', 'b474d5f5-cbf2-49af-8d03-2ca4aea11081', 'profile_created', NULL, NULL, '{"user_id": "62be2226-e3d4-4b10-951d-13c3972145b1", "user_name": "Frank Fisher", "profile_id": "62be2226-e3d4-4b10-951d-13c3972145b1"}', '2025-07-03 09:08:57.268783+00', NULL, NULL, NULL, NULL, NULL, NULL, NULL, '{}', 0, 0, 0, 0, '{}', 'individual', false, NULL, NULL, 'text', 'public', NULL, NULL, NULL, NULL, NULL, 0.00, '2025-08-19 02:44:36.075339+00'),
	('131afa25-f106-49b9-a19f-0dab33ac9f9c', 'b474d5f5-cbf2-49af-8d03-2ca4aea11081', 'profile_created', NULL, NULL, '{"user_id": "8dd18808-4777-4877-bde1-b54b1d3ffa81", "user_name": "Grace Garcia", "profile_id": "8dd18808-4777-4877-bde1-b54b1d3ffa81"}', '2025-07-03 09:08:57.268783+00', NULL, NULL, NULL, NULL, NULL, NULL, NULL, '{}', 0, 0, 0, 0, '{}', 'individual', false, NULL, NULL, 'text', 'public', NULL, NULL, NULL, NULL, NULL, 0.00, '2025-08-19 02:44:36.075339+00'),
	('9debd381-87e3-42f5-896b-1ab2edc32e2b', 'b474d5f5-cbf2-49af-8d03-2ca4aea11081', 'profile_created', NULL, NULL, '{"user_id": "0d1f32d3-18b4-4aa8-b858-141b139aacd8", "user_name": "Henry Harris", "profile_id": "0d1f32d3-18b4-4aa8-b858-141b139aacd8"}', '2025-07-03 09:08:57.268783+00', NULL, NULL, NULL, NULL, NULL, NULL, NULL, '{}', 0, 0, 0, 0, '{}', 'individual', false, NULL, NULL, 'text', 'public', NULL, NULL, NULL, NULL, NULL, 0.00, '2025-08-19 02:44:36.075339+00'),
	('b6b78136-f075-4b11-9be2-2b7d81dc6a15', 'b474d5f5-cbf2-49af-8d03-2ca4aea11081', 'profile_created', NULL, NULL, '{"user_id": "e8f2a30e-de7f-40a4-9772-06fca7419908", "user_name": "Ivy Ivanov", "profile_id": "e8f2a30e-de7f-40a4-9772-06fca7419908"}', '2025-07-03 09:08:57.268783+00', NULL, NULL, NULL, NULL, NULL, NULL, NULL, '{}', 0, 0, 0, 0, '{}', 'individual', false, NULL, NULL, 'text', 'public', NULL, NULL, NULL, NULL, NULL, 0.00, '2025-08-19 02:44:36.075339+00'),
	('f29dad1e-d0e8-42f1-b573-62ef8e851566', 'b474d5f5-cbf2-49af-8d03-2ca4aea11081', 'profile_created', NULL, NULL, '{"user_id": "b3bd5d6b-e22a-4d61-a4a7-eee77a7063ce", "user_name": "Jack Johnson", "profile_id": "b3bd5d6b-e22a-4d61-a4a7-eee77a7063ce"}', '2025-07-03 09:08:57.268783+00', NULL, NULL, NULL, NULL, NULL, NULL, NULL, '{}', 0, 0, 0, 0, '{}', 'individual', false, NULL, NULL, 'text', 'public', NULL, NULL, NULL, NULL, NULL, 0.00, '2025-08-19 02:44:36.075339+00'),
	('6f329fc3-4528-46de-b209-e53e890b7770', 'b474d5f5-cbf2-49af-8d03-2ca4aea11081', 'profile_created', NULL, NULL, '{"user_id": "04d0c415-9de4-43dc-99fd-bcc8f980cefc", "user_name": "Kate King", "profile_id": "04d0c415-9de4-43dc-99fd-bcc8f980cefc"}', '2025-07-03 09:08:57.268783+00', NULL, NULL, NULL, NULL, NULL, NULL, NULL, '{}', 0, 0, 0, 0, '{}', 'individual', false, NULL, NULL, 'text', 'public', NULL, NULL, NULL, NULL, NULL, 0.00, '2025-08-19 02:44:36.075339+00'),
	('ca092e32-8e18-4adf-812b-cbd273a19a09', 'b474d5f5-cbf2-49af-8d03-2ca4aea11081', 'profile_created', NULL, NULL, '{"user_id": "da99da90-51c9-46b6-9b1a-5b28603a2aa7", "user_name": "Liam Lee", "profile_id": "da99da90-51c9-46b6-9b1a-5b28603a2aa7"}', '2025-07-03 09:08:57.268783+00', NULL, NULL, NULL, NULL, NULL, NULL, NULL, '{}', 0, 0, 0, 0, '{}', 'individual', false, NULL, NULL, 'text', 'public', NULL, NULL, NULL, NULL, NULL, 0.00, '2025-08-19 02:44:36.075339+00'),
	('89c68b67-6ab8-4613-a3e5-c1e0361470a1', 'b474d5f5-cbf2-49af-8d03-2ca4aea11081', 'profile_created', NULL, NULL, '{"user_id": "fdcbe6e9-108d-4939-b10f-77b422731a18", "user_name": "Maya Miller", "profile_id": "fdcbe6e9-108d-4939-b10f-77b422731a18"}', '2025-07-03 09:08:57.268783+00', NULL, NULL, NULL, NULL, NULL, NULL, NULL, '{}', 0, 0, 0, 0, '{}', 'individual', false, NULL, NULL, 'text', 'public', NULL, NULL, NULL, NULL, NULL, 0.00, '2025-08-19 02:44:36.075339+00'),
	('06aad14d-e9b4-4293-a0ed-20779632a4e3', 'b474d5f5-cbf2-49af-8d03-2ca4aea11081', 'profile_created', NULL, NULL, '{"user_id": "deca955d-e8c5-4c28-b190-f3ab7b382748", "user_name": "Noah Nelson", "profile_id": "deca955d-e8c5-4c28-b190-f3ab7b382748"}', '2025-07-03 09:08:57.268783+00', NULL, NULL, NULL, NULL, NULL, NULL, NULL, '{}', 0, 0, 0, 0, '{}', 'individual', false, NULL, NULL, 'text', 'public', NULL, NULL, NULL, NULL, NULL, 0.00, '2025-08-19 02:44:36.075339+00'),
	('500d594d-5829-439c-a3eb-836a15788f48', 'b474d5f5-cbf2-49af-8d03-2ca4aea11081', 'profile_created', NULL, NULL, '{"user_id": "97f1407e-dcab-4143-a59e-873634654503", "user_name": "Olivia O''Connor", "profile_id": "97f1407e-dcab-4143-a59e-873634654503"}', '2025-07-03 09:08:57.268783+00', NULL, NULL, NULL, NULL, NULL, NULL, NULL, '{}', 0, 0, 0, 0, '{}', 'individual', false, NULL, NULL, 'text', 'public', NULL, NULL, NULL, NULL, NULL, 0.00, '2025-08-19 02:44:36.075339+00'),
	('adb56cdc-69d3-4cdf-91bf-9374d865045e', 'b474d5f5-cbf2-49af-8d03-2ca4aea11081', 'profile_created', NULL, NULL, '{"user_id": "05b4dc59-ae8e-47a1-8409-936b159c2c22", "user_name": "Paul Parker", "profile_id": "05b4dc59-ae8e-47a1-8409-936b159c2c22"}', '2025-07-03 09:08:57.268783+00', NULL, NULL, NULL, NULL, NULL, NULL, NULL, '{}', 0, 0, 0, 0, '{}', 'individual', false, NULL, NULL, 'text', 'public', NULL, NULL, NULL, NULL, NULL, 0.00, '2025-08-19 02:44:36.075339+00'),
	('871057d9-5dbc-4939-ad38-439226c54fc1', 'b474d5f5-cbf2-49af-8d03-2ca4aea11081', 'profile_created', NULL, NULL, '{"user_id": "6bea7109-b400-4124-839e-3fe6466f3ae8", "user_name": "Quinn Quinn", "profile_id": "6bea7109-b400-4124-839e-3fe6466f3ae8"}', '2025-07-03 09:08:57.268783+00', NULL, NULL, NULL, NULL, NULL, NULL, NULL, '{}', 0, 0, 0, 0, '{}', 'individual', false, NULL, NULL, 'text', 'public', NULL, NULL, NULL, NULL, NULL, 0.00, '2025-08-19 02:44:36.075339+00'),
	('74893965-499b-4c73-935f-feb75aeb012a', 'b474d5f5-cbf2-49af-8d03-2ca4aea11081', 'profile_created', NULL, NULL, '{"user_id": "5969c24a-1dd6-47ec-9e19-e22a0d5ebf40", "user_name": "Ruby Roberts", "profile_id": "5969c24a-1dd6-47ec-9e19-e22a0d5ebf40"}', '2025-07-03 09:08:57.268783+00', NULL, NULL, NULL, NULL, NULL, NULL, NULL, '{}', 0, 0, 0, 0, '{}', 'individual', false, NULL, NULL, 'text', 'public', NULL, NULL, NULL, NULL, NULL, 0.00, '2025-08-19 02:44:36.075339+00'),
	('d0c09b39-0070-4964-bc9f-0bfcb9c711ea', 'b474d5f5-cbf2-49af-8d03-2ca4aea11081', 'profile_created', NULL, NULL, '{"user_id": "4ca9b634-8557-427f-9b7f-1d8679b7f332", "user_name": "Sam Smith", "profile_id": "4ca9b634-8557-427f-9b7f-1d8679b7f332"}', '2025-07-03 09:08:57.268783+00', NULL, NULL, NULL, NULL, NULL, NULL, NULL, '{}', 0, 0, 0, 0, '{}', 'individual', false, NULL, NULL, 'text', 'public', NULL, NULL, NULL, NULL, NULL, 0.00, '2025-08-19 02:44:36.075339+00'),
	('22cc19f5-4d0c-4580-bb30-f2d5c160b134', 'b474d5f5-cbf2-49af-8d03-2ca4aea11081', 'profile_created', NULL, NULL, '{"user_id": "2f4e5e3b-9aa3-45cf-9edf-86815d76f735", "user_name": "Tara Taylor", "profile_id": "2f4e5e3b-9aa3-45cf-9edf-86815d76f735"}', '2025-07-03 09:08:57.268783+00', NULL, NULL, NULL, NULL, NULL, NULL, NULL, '{}', 0, 0, 0, 0, '{}', 'individual', false, NULL, NULL, 'text', 'public', NULL, NULL, NULL, NULL, NULL, 0.00, '2025-08-19 02:44:36.075339+00'),
	('0406fbbd-21c9-4373-a205-119ef2e281b8', 'b474d5f5-cbf2-49af-8d03-2ca4aea11081', 'profile_created', NULL, NULL, '{"user_id": "78b8de0c-9469-4b38-96bb-c97bbf3d8607", "user_name": "Uma Upton", "profile_id": "78b8de0c-9469-4b38-96bb-c97bbf3d8607"}', '2025-07-03 09:08:57.268783+00', NULL, NULL, NULL, NULL, NULL, NULL, NULL, '{}', 0, 0, 0, 0, '{}', 'individual', false, NULL, NULL, 'text', 'public', NULL, NULL, NULL, NULL, NULL, 0.00, '2025-08-19 02:44:36.075339+00'),
	('511cb0ec-a40a-45e4-896d-890f1836199e', 'b474d5f5-cbf2-49af-8d03-2ca4aea11081', 'profile_created', NULL, NULL, '{"user_id": "e81a2715-e3dd-4133-ad2a-e400a74e24ad", "user_name": "Victor Vargas", "profile_id": "e81a2715-e3dd-4133-ad2a-e400a74e24ad"}', '2025-07-03 09:08:57.268783+00', NULL, NULL, NULL, NULL, NULL, NULL, NULL, '{}', 0, 0, 0, 0, '{}', 'individual', false, NULL, NULL, 'text', 'public', NULL, NULL, NULL, NULL, NULL, 0.00, '2025-08-19 02:44:36.075339+00'),
	('9329c847-9673-4414-98e8-f80d1d41552e', 'b474d5f5-cbf2-49af-8d03-2ca4aea11081', 'profile_created', NULL, NULL, '{"user_id": "c954586e-f506-48b3-ba5d-c6b0d3d561c8", "user_name": "Wendy Wilson", "profile_id": "c954586e-f506-48b3-ba5d-c6b0d3d561c8"}', '2025-07-03 09:08:57.268783+00', NULL, NULL, NULL, NULL, NULL, NULL, NULL, '{}', 0, 0, 0, 0, '{}', 'individual', false, NULL, NULL, 'text', 'public', NULL, NULL, NULL, NULL, NULL, 0.00, '2025-08-19 02:44:36.075339+00'),
	('d93f5b11-a7f7-4d23-b6de-6e1fab6dc130', 'b474d5f5-cbf2-49af-8d03-2ca4aea11081', 'profile_created', NULL, NULL, '{"user_id": "fcc9099b-5297-418b-b164-adf93af0e0fa", "user_name": "Xander Xavier", "profile_id": "fcc9099b-5297-418b-b164-adf93af0e0fa"}', '2025-07-03 09:08:57.268783+00', NULL, NULL, NULL, NULL, NULL, NULL, NULL, '{}', 0, 0, 0, 0, '{}', 'individual', false, NULL, NULL, 'text', 'public', NULL, NULL, NULL, NULL, NULL, 0.00, '2025-08-19 02:44:36.075339+00'),
	('a4079d15-ec1a-4598-ba1b-1851ee2af8b1', 'b474d5f5-cbf2-49af-8d03-2ca4aea11081', 'profile_created', NULL, NULL, '{"user_id": "eb6c0fb9-6baf-4a90-870d-06d87849efa5", "user_name": "Yara Young", "profile_id": "eb6c0fb9-6baf-4a90-870d-06d87849efa5"}', '2025-07-03 09:08:57.268783+00', NULL, NULL, NULL, NULL, NULL, NULL, NULL, '{}', 0, 0, 0, 0, '{}', 'individual', false, NULL, NULL, 'text', 'public', NULL, NULL, NULL, NULL, NULL, 0.00, '2025-08-19 02:44:36.075339+00'),
	('5378099c-7fcb-497d-ab26-862c6ebc93f8', 'b474d5f5-cbf2-49af-8d03-2ca4aea11081', 'profile_created', NULL, NULL, '{"user_id": "a213628a-3e5a-4471-8b72-001ae4683c31", "user_name": "Zoe Zimmerman", "profile_id": "a213628a-3e5a-4471-8b72-001ae4683c31"}', '2025-07-03 09:08:57.268783+00', NULL, NULL, NULL, NULL, NULL, NULL, NULL, '{}', 0, 0, 0, 0, '{}', 'individual', false, NULL, NULL, 'text', 'public', NULL, NULL, NULL, NULL, NULL, 0.00, '2025-08-19 02:44:36.075339+00'),
	('ee40d422-d15d-422d-9515-a3de43e0bdbf', 'b474d5f5-cbf2-49af-8d03-2ca4aea11081', 'profile_created', NULL, NULL, '{"user_id": "719afc5a-0063-4fa4-9d8d-f91e8bfacb47", "user_name": "Alex Adams", "profile_id": "719afc5a-0063-4fa4-9d8d-f91e8bfacb47"}', '2025-07-03 09:08:57.268783+00', NULL, NULL, NULL, NULL, NULL, NULL, NULL, '{}', 0, 0, 0, 0, '{}', 'individual', false, NULL, NULL, 'text', 'public', NULL, NULL, NULL, NULL, NULL, 0.00, '2025-08-19 02:44:36.075339+00'),
	('a92bad0f-2518-492c-b83b-409a2368708a', 'b474d5f5-cbf2-49af-8d03-2ca4aea11081', 'profile_created', NULL, NULL, '{"user_id": "dedfeba8-312b-4c56-91a9-9bf0ffe7d0c6", "user_name": "Blake Baker", "profile_id": "dedfeba8-312b-4c56-91a9-9bf0ffe7d0c6"}', '2025-07-03 09:08:57.268783+00', NULL, NULL, NULL, NULL, NULL, NULL, NULL, '{}', 0, 0, 0, 0, '{}', 'individual', false, NULL, NULL, 'text', 'public', NULL, NULL, NULL, NULL, NULL, 0.00, '2025-08-19 02:44:36.075339+00'),
	('80b75824-24d8-4835-90db-367da1fcc544', 'b474d5f5-cbf2-49af-8d03-2ca4aea11081', 'profile_created', NULL, NULL, '{"user_id": "b529a24a-4840-4771-919c-baf2142f91a2", "user_name": "Casey Cooper", "profile_id": "b529a24a-4840-4771-919c-baf2142f91a2"}', '2025-07-03 09:08:57.268783+00', NULL, NULL, NULL, NULL, NULL, NULL, NULL, '{}', 0, 0, 0, 0, '{}', 'individual', false, NULL, NULL, 'text', 'public', NULL, NULL, NULL, NULL, NULL, 0.00, '2025-08-19 02:44:36.075339+00'),
	('6aad96ab-6bde-40f1-80d1-b782ff26558e', 'b474d5f5-cbf2-49af-8d03-2ca4aea11081', 'profile_created', NULL, NULL, '{"user_id": "b474d5f5-cbf2-49af-8d03-2ca4aea11081", "user_name": "Drew Dixon", "profile_id": "b474d5f5-cbf2-49af-8d03-2ca4aea11081"}', '2025-07-03 09:08:57.268783+00', NULL, NULL, NULL, NULL, NULL, NULL, NULL, '{}', 0, 0, 0, 0, '{}', 'individual', false, NULL, NULL, 'text', 'public', NULL, NULL, NULL, NULL, NULL, 0.00, '2025-08-19 02:44:36.075339+00'),
	('029f3769-6101-4727-9658-46a3ce613abb', 'b474d5f5-cbf2-49af-8d03-2ca4aea11081', 'profile_created', NULL, NULL, '{"user_id": "e8f2a30e-de7f-40a4-9772-06fca7419908", "user_name": "Ivy Ivanov", "profile_id": "e8f2a30e-de7f-40a4-9772-06fca7419908"}', '2025-07-03 09:08:57.268783+00', NULL, NULL, NULL, NULL, NULL, NULL, NULL, '{}', 0, 0, 0, 0, '{}', 'individual', false, NULL, NULL, 'text', 'public', NULL, NULL, NULL, NULL, NULL, 0.00, '2025-08-19 02:44:36.075339+00'),
	('fd2b3fb5-da73-45de-9c55-f71004ca36d7', 'b474d5f5-cbf2-49af-8d03-2ca4aea11081', 'book_added', NULL, NULL, '{"author_id": "8e75e51f-701f-4f3a-83da-70f625876ca8", "book_title": "Super Simple Mission Kit Featuring Tales of the Not Forgotten: A Fully-resources Missions Curriculum (Kids Serving Kids)", "author_name": "Beth Guckenberger", "book_author": "Beth Guckenberger"}', '2025-07-08 09:49:44.668053+00', NULL, NULL, NULL, '8366132b-50b4-452a-88b3-cd7368ecfd71', '8e75e51f-701f-4f3a-83da-70f625876ca8', NULL, NULL, '{}', 0, 0, 0, 0, '{}', 'individual', false, NULL, NULL, 'text', 'public', NULL, NULL, NULL, NULL, NULL, 0.00, '2025-08-19 02:44:36.075339+00'),
	('e47d7588-12d4-4fa2-bba6-64b60aa294d1', 'b474d5f5-cbf2-49af-8d03-2ca4aea11081', 'book_added', NULL, NULL, '{"author_id": "e31e061d-a4a8-4cc8-af18-754786ad5ee3", "book_title": "High Rollers", "author_name": "Envy Red", "book_author": "Envy Red"}', '2025-07-13 07:13:15.753895+00', NULL, NULL, NULL, '235ce1e2-e5a5-4db9-9d2b-22093d960566', 'e31e061d-a4a8-4cc8-af18-754786ad5ee3', NULL, NULL, '{}', 0, 0, 0, 0, '{}', 'individual', false, NULL, NULL, 'text', 'public', NULL, NULL, NULL, NULL, NULL, 0.00, '2025-08-19 02:44:36.075339+00'),
	('b7855eaa-83a2-4064-b299-e4a418b8ca8e', 'b474d5f5-cbf2-49af-8d03-2ca4aea11081', 'book_added', NULL, NULL, '{"author_id": "e31e061d-a4a8-4cc8-af18-754786ad5ee3", "book_title": "Touch", "author_name": "Envy Red", "book_author": "Envy Red"}', '2025-07-13 07:13:18.397727+00', NULL, NULL, NULL, '9a5909bb-e759-44ab-b8d0-7143482f66e8', 'e31e061d-a4a8-4cc8-af18-754786ad5ee3', NULL, NULL, '{}', 0, 0, 0, 0, '{}', 'individual', false, NULL, NULL, 'text', 'public', NULL, NULL, NULL, NULL, NULL, 0.00, '2025-08-19 02:44:36.075339+00'),
	('3b82c79f-f620-4fde-804f-fdc5dea595cd', 'b474d5f5-cbf2-49af-8d03-2ca4aea11081', 'book_added', NULL, NULL, '{"author_id": "e31e061d-a4a8-4cc8-af18-754786ad5ee3", "book_title": "Jaded", "author_name": "Envy Red", "book_author": "Envy Red"}', '2025-07-13 07:13:20.319565+00', NULL, NULL, NULL, '492d0538-5ab2-43bc-bc7b-e538da900639', 'e31e061d-a4a8-4cc8-af18-754786ad5ee3', NULL, NULL, '{}', 0, 0, 0, 0, '{}', 'individual', false, NULL, NULL, 'text', 'public', NULL, NULL, NULL, NULL, NULL, 0.00, '2025-08-19 02:44:36.075339+00'),
	('58b0573a-bd21-42af-b48f-2e5126e70d4b', 'b474d5f5-cbf2-49af-8d03-2ca4aea11081', 'author_created', NULL, NULL, '{"author_id": "9953a3e0-4982-4ae5-8093-829c4320ef8d", "author_name": "Katherine Garbera", "books_count": 0}', '2025-07-06 07:13:55.071969+00', NULL, NULL, NULL, NULL, '9953a3e0-4982-4ae5-8093-829c4320ef8d', NULL, NULL, '{}', 0, 0, 0, 0, '{}', 'individual', false, NULL, NULL, 'text', 'public', NULL, NULL, NULL, NULL, NULL, 0.00, '2025-08-19 02:44:36.075339+00'),
	('8dac2823-46ed-4b9d-86c1-f98f14208e64', 'b474d5f5-cbf2-49af-8d03-2ca4aea11081', 'author_created', NULL, NULL, '{"author_id": "8e75e51f-701f-4f3a-83da-70f625876ca8", "author_name": "Beth Guckenberger", "books_count": 1}', '2025-07-08 00:11:48.482659+00', NULL, NULL, NULL, NULL, '8e75e51f-701f-4f3a-83da-70f625876ca8', NULL, NULL, '{}', 0, 0, 0, 0, '{}', 'individual', false, NULL, NULL, 'text', 'public', NULL, NULL, NULL, NULL, NULL, 0.00, '2025-08-19 02:44:36.075339+00'),
	('2dad62e1-58eb-46b1-ba11-840623082c90', 'b474d5f5-cbf2-49af-8d03-2ca4aea11081', 'book_added', NULL, NULL, '{"author_id": "8e75e51f-701f-4f3a-83da-70f625876ca8", "book_title": "Super Simple Mission Kit Featuring Tales of the Not Forgotten: A Fully-resources Missions Curriculum (Kids Serving Kids)", "author_name": "Beth Guckenberger", "book_author": "Beth Guckenberger"}', '2025-07-08 09:49:44.668053+00', NULL, NULL, NULL, '8366132b-50b4-452a-88b3-cd7368ecfd71', '8e75e51f-701f-4f3a-83da-70f625876ca8', NULL, NULL, '{}', 0, 0, 0, 0, '{}', 'individual', false, NULL, NULL, 'text', 'public', NULL, NULL, NULL, NULL, NULL, 0.00, '2025-08-19 02:44:36.075339+00'),
	('53ca944a-aa59-41af-80a6-f61f6700e833', 'b474d5f5-cbf2-49af-8d03-2ca4aea11081', 'author_created', NULL, NULL, '{"author_id": "e31e061d-a4a8-4cc8-af18-754786ad5ee3", "author_name": "Envy Red", "books_count": 3}', '2025-07-13 07:13:14.630895+00', NULL, NULL, NULL, NULL, 'e31e061d-a4a8-4cc8-af18-754786ad5ee3', NULL, NULL, '{}', 0, 0, 0, 0, '{}', 'individual', false, NULL, NULL, 'text', 'public', NULL, NULL, NULL, NULL, NULL, 0.00, '2025-08-19 02:44:36.075339+00'),
	('4c119869-c152-4972-957f-71769cf192bc', 'b474d5f5-cbf2-49af-8d03-2ca4aea11081', 'book_added', NULL, NULL, '{"author_id": "e31e061d-a4a8-4cc8-af18-754786ad5ee3", "book_title": "High Rollers", "author_name": "Envy Red", "book_author": "Envy Red"}', '2025-07-13 07:13:15.753895+00', NULL, NULL, NULL, '235ce1e2-e5a5-4db9-9d2b-22093d960566', 'e31e061d-a4a8-4cc8-af18-754786ad5ee3', NULL, NULL, '{}', 0, 0, 0, 0, '{}', 'individual', false, NULL, NULL, 'text', 'public', NULL, NULL, NULL, NULL, NULL, 0.00, '2025-08-19 02:44:36.075339+00'),
	('b97abd9e-a56c-4ace-aa73-769d5500d554', 'b474d5f5-cbf2-49af-8d03-2ca4aea11081', 'book_added', NULL, NULL, '{"author_id": "e31e061d-a4a8-4cc8-af18-754786ad5ee3", "book_title": "Touch", "author_name": "Envy Red", "book_author": "Envy Red"}', '2025-07-13 07:13:18.397727+00', NULL, NULL, NULL, '9a5909bb-e759-44ab-b8d0-7143482f66e8', 'e31e061d-a4a8-4cc8-af18-754786ad5ee3', NULL, NULL, '{}', 0, 0, 0, 0, '{}', 'individual', false, NULL, NULL, 'text', 'public', NULL, NULL, NULL, NULL, NULL, 0.00, '2025-08-19 02:44:36.075339+00'),
	('55016fc0-99bd-44b5-bdbe-6967ee6cb50b', 'b474d5f5-cbf2-49af-8d03-2ca4aea11081', 'book_added', NULL, NULL, '{"author_id": "e31e061d-a4a8-4cc8-af18-754786ad5ee3", "book_title": "Jaded", "author_name": "Envy Red", "book_author": "Envy Red"}', '2025-07-13 07:13:20.319565+00', NULL, NULL, NULL, '492d0538-5ab2-43bc-bc7b-e538da900639', 'e31e061d-a4a8-4cc8-af18-754786ad5ee3', NULL, NULL, '{}', 0, 0, 0, 0, '{}', 'individual', false, NULL, NULL, 'text', 'public', NULL, NULL, NULL, NULL, NULL, 0.00, '2025-08-19 02:44:36.075339+00'),
	('74c3397e-d5fa-4dfe-839f-e1e8b0ab3e06', 'b474d5f5-cbf2-49af-8d03-2ca4aea11081', 'author_created', NULL, NULL, '{"author_id": "9953a3e0-4982-4ae5-8093-829c4320ef8d", "author_name": "Katherine Garbera", "books_count": 0}', '2025-07-06 07:13:55.071969+00', NULL, NULL, NULL, NULL, '9953a3e0-4982-4ae5-8093-829c4320ef8d', NULL, NULL, '{}', 0, 0, 0, 0, '{}', 'individual', false, NULL, NULL, 'text', 'public', NULL, NULL, NULL, NULL, NULL, 0.00, '2025-08-19 02:44:36.075339+00'),
	('8bef0bf9-3606-4917-9207-9a8b7168efd0', 'b474d5f5-cbf2-49af-8d03-2ca4aea11081', 'author_created', NULL, NULL, '{"author_id": "8e75e51f-701f-4f3a-83da-70f625876ca8", "author_name": "Beth Guckenberger", "books_count": 1}', '2025-07-08 00:11:48.482659+00', NULL, NULL, NULL, NULL, '8e75e51f-701f-4f3a-83da-70f625876ca8', NULL, NULL, '{}', 0, 0, 0, 0, '{}', 'individual', false, NULL, NULL, 'text', 'public', NULL, NULL, NULL, NULL, NULL, 0.00, '2025-08-19 02:44:36.075339+00'),
	('d25b3dd0-1b9c-47c4-b6ee-e344ad262145', 'b474d5f5-cbf2-49af-8d03-2ca4aea11081', 'book_added', NULL, NULL, '{"author_id": "8e75e51f-701f-4f3a-83da-70f625876ca8", "book_title": "Super Simple Mission Kit Featuring Tales of the Not Forgotten: A Fully-resources Missions Curriculum (Kids Serving Kids)", "author_name": "Beth Guckenberger", "book_author": "Beth Guckenberger"}', '2025-07-08 09:49:44.668053+00', NULL, NULL, NULL, '8366132b-50b4-452a-88b3-cd7368ecfd71', '8e75e51f-701f-4f3a-83da-70f625876ca8', NULL, NULL, '{}', 0, 0, 0, 0, '{}', 'individual', false, NULL, NULL, 'text', 'public', NULL, NULL, NULL, NULL, NULL, 0.00, '2025-08-19 02:44:36.075339+00'),
	('b8c058b9-2b9a-4c6d-a88d-e6c39c7d1821', 'b474d5f5-cbf2-49af-8d03-2ca4aea11081', 'author_created', NULL, NULL, '{"author_id": "e31e061d-a4a8-4cc8-af18-754786ad5ee3", "author_name": "Envy Red", "books_count": 3}', '2025-07-13 07:13:14.630895+00', NULL, NULL, NULL, NULL, 'e31e061d-a4a8-4cc8-af18-754786ad5ee3', NULL, NULL, '{}', 0, 0, 0, 0, '{}', 'individual', false, NULL, NULL, 'text', 'public', NULL, NULL, NULL, NULL, NULL, 0.00, '2025-08-19 02:44:36.075339+00'),
	('ffde3f24-3350-45f7-87e2-04a728cf95b6', 'b474d5f5-cbf2-49af-8d03-2ca4aea11081', 'book_added', NULL, NULL, '{"author_id": "e31e061d-a4a8-4cc8-af18-754786ad5ee3", "book_title": "High Rollers", "author_name": "Envy Red", "book_author": "Envy Red"}', '2025-07-13 07:13:15.753895+00', NULL, NULL, NULL, '235ce1e2-e5a5-4db9-9d2b-22093d960566', 'e31e061d-a4a8-4cc8-af18-754786ad5ee3', NULL, NULL, '{}', 0, 0, 0, 0, '{}', 'individual', false, NULL, NULL, 'text', 'public', NULL, NULL, NULL, NULL, NULL, 0.00, '2025-08-19 02:44:36.075339+00'),
	('cf8b263a-d505-46dd-a2f2-271d1f8a2ea6', 'b474d5f5-cbf2-49af-8d03-2ca4aea11081', 'book_added', NULL, NULL, '{"author_id": "e31e061d-a4a8-4cc8-af18-754786ad5ee3", "book_title": "Touch", "author_name": "Envy Red", "book_author": "Envy Red"}', '2025-07-13 07:13:18.397727+00', NULL, NULL, NULL, '9a5909bb-e759-44ab-b8d0-7143482f66e8', 'e31e061d-a4a8-4cc8-af18-754786ad5ee3', NULL, NULL, '{}', 0, 0, 0, 0, '{}', 'individual', false, NULL, NULL, 'text', 'public', NULL, NULL, NULL, NULL, NULL, 0.00, '2025-08-19 02:44:36.075339+00'),
	('aa3a64ba-c903-4c36-9fae-27ffafa4bc4d', 'b474d5f5-cbf2-49af-8d03-2ca4aea11081', 'book_added', NULL, NULL, '{"author_id": "e31e061d-a4a8-4cc8-af18-754786ad5ee3", "book_title": "Jaded", "author_name": "Envy Red", "book_author": "Envy Red"}', '2025-07-13 07:13:20.319565+00', NULL, NULL, NULL, '492d0538-5ab2-43bc-bc7b-e538da900639', 'e31e061d-a4a8-4cc8-af18-754786ad5ee3', NULL, NULL, '{}', 0, 0, 0, 0, '{}', 'individual', false, NULL, NULL, 'text', 'public', NULL, NULL, NULL, NULL, NULL, 0.00, '2025-08-19 02:44:36.075339+00'),
	('efd79cc1-e181-4362-87ba-924f96184e80', 'b474d5f5-cbf2-49af-8d03-2ca4aea11081', 'book_added', NULL, NULL, '{"author_id": "8e75e51f-701f-4f3a-83da-70f625876ca8", "book_title": "Super Simple Mission Kit Featuring Tales of the Not Forgotten: A Fully-resources Missions Curriculum (Kids Serving Kids)", "author_name": "Beth Guckenberger", "book_author": "Beth Guckenberger"}', '2025-07-08 09:49:44.668053+00', NULL, NULL, NULL, '8366132b-50b4-452a-88b3-cd7368ecfd71', '8e75e51f-701f-4f3a-83da-70f625876ca8', NULL, NULL, '{}', 0, 0, 0, 0, '{}', 'individual', false, NULL, NULL, 'text', 'public', NULL, NULL, NULL, NULL, NULL, 0.00, '2025-08-19 02:44:36.075339+00'),
	('858abe8c-bca3-4767-b0f4-68da8de8bf9d', 'b474d5f5-cbf2-49af-8d03-2ca4aea11081', 'book_added', NULL, NULL, '{"author_id": "e31e061d-a4a8-4cc8-af18-754786ad5ee3", "book_title": "High Rollers", "author_name": "Envy Red", "book_author": "Envy Red"}', '2025-07-13 07:13:15.753895+00', NULL, NULL, NULL, '235ce1e2-e5a5-4db9-9d2b-22093d960566', 'e31e061d-a4a8-4cc8-af18-754786ad5ee3', NULL, NULL, '{}', 0, 0, 0, 0, '{}', 'individual', false, NULL, NULL, 'text', 'public', NULL, NULL, NULL, NULL, NULL, 0.00, '2025-08-19 02:44:36.075339+00'),
	('fdd841ea-1d55-450b-837c-23620113d623', 'b474d5f5-cbf2-49af-8d03-2ca4aea11081', 'book_added', NULL, NULL, '{"author_id": "e31e061d-a4a8-4cc8-af18-754786ad5ee3", "book_title": "Touch", "author_name": "Envy Red", "book_author": "Envy Red"}', '2025-07-13 07:13:18.397727+00', NULL, NULL, NULL, '9a5909bb-e759-44ab-b8d0-7143482f66e8', 'e31e061d-a4a8-4cc8-af18-754786ad5ee3', NULL, NULL, '{}', 0, 0, 0, 0, '{}', 'individual', false, NULL, NULL, 'text', 'public', NULL, NULL, NULL, NULL, NULL, 0.00, '2025-08-19 02:44:36.075339+00'),
	('3d4c498b-2434-4433-948c-1a78dc511de1', 'b474d5f5-cbf2-49af-8d03-2ca4aea11081', 'book_added', NULL, NULL, '{"author_id": "e31e061d-a4a8-4cc8-af18-754786ad5ee3", "book_title": "Jaded", "author_name": "Envy Red", "book_author": "Envy Red"}', '2025-07-13 07:13:20.319565+00', NULL, NULL, NULL, '492d0538-5ab2-43bc-bc7b-e538da900639', 'e31e061d-a4a8-4cc8-af18-754786ad5ee3', NULL, NULL, '{}', 0, 0, 0, 0, '{}', 'individual', false, NULL, NULL, 'text', 'public', NULL, NULL, NULL, NULL, NULL, 0.00, '2025-08-19 02:44:36.075339+00'),
	('4e562670-374a-4dfd-a5e7-c7b2699bcd19', 'b474d5f5-cbf2-49af-8d03-2ca4aea11081', 'profile_created', NULL, NULL, '{"user_id": "e06cdf85-b449-4dcb-b943-068aaad8cfa3", "user_name": "Alice Anderson", "profile_id": "e06cdf85-b449-4dcb-b943-068aaad8cfa3"}', '2025-07-03 09:08:57.268783+00', NULL, NULL, NULL, NULL, NULL, NULL, NULL, '{}', 0, 0, 0, 0, '{}', 'individual', false, NULL, NULL, 'text', 'public', NULL, NULL, NULL, NULL, NULL, 0.00, '2025-08-19 02:44:36.075339+00'),
	('d2593817-cbef-4bac-85a5-34e385c3fa44', 'b474d5f5-cbf2-49af-8d03-2ca4aea11081', 'profile_created', NULL, NULL, '{"user_id": "2474659f-003e-4faa-8c53-9969c33f20b2", "user_name": "Bob Brown", "profile_id": "2474659f-003e-4faa-8c53-9969c33f20b2"}', '2025-07-03 09:08:57.268783+00', NULL, NULL, NULL, NULL, NULL, NULL, NULL, '{}', 0, 0, 0, 0, '{}', 'individual', false, NULL, NULL, 'text', 'public', NULL, NULL, NULL, NULL, NULL, 0.00, '2025-08-19 02:44:36.075339+00'),
	('112bbdc8-2fce-455e-995c-a1d0a86bb15f', 'b474d5f5-cbf2-49af-8d03-2ca4aea11081', 'profile_created', NULL, NULL, '{"user_id": "45f98998-ba1d-4439-b2ee-1d403fee0e7c", "user_name": "Charlie Clark", "profile_id": "45f98998-ba1d-4439-b2ee-1d403fee0e7c"}', '2025-07-03 09:08:57.268783+00', NULL, NULL, NULL, NULL, NULL, NULL, NULL, '{}', 0, 0, 0, 0, '{}', 'individual', false, NULL, NULL, 'text', 'public', NULL, NULL, NULL, NULL, NULL, 0.00, '2025-08-19 02:44:36.075339+00'),
	('26ac703c-80a6-46d5-90fa-d3f61e64e323', 'b474d5f5-cbf2-49af-8d03-2ca4aea11081', 'profile_created', NULL, NULL, '{"user_id": "c5b68ab4-e8bc-4291-a646-7f8ab4b99528", "user_name": "Diana Davis", "profile_id": "c5b68ab4-e8bc-4291-a646-7f8ab4b99528"}', '2025-07-03 09:08:57.268783+00', NULL, NULL, NULL, NULL, NULL, NULL, NULL, '{}', 0, 0, 0, 0, '{}', 'individual', false, NULL, NULL, 'text', 'public', NULL, NULL, NULL, NULL, NULL, 0.00, '2025-08-19 02:44:36.075339+00'),
	('65cf6a71-8359-41a3-a7e5-0e149c6aea76', 'b474d5f5-cbf2-49af-8d03-2ca4aea11081', 'profile_created', NULL, NULL, '{"user_id": "355dd8d6-7ef5-46cf-9bad-67fd863cbc88", "user_name": "Eve Evans", "profile_id": "355dd8d6-7ef5-46cf-9bad-67fd863cbc88"}', '2025-07-03 09:08:57.268783+00', NULL, NULL, NULL, NULL, NULL, NULL, NULL, '{}', 0, 0, 0, 0, '{}', 'individual', false, NULL, NULL, 'text', 'public', NULL, NULL, NULL, NULL, NULL, 0.00, '2025-08-19 02:44:36.075339+00'),
	('19f36cf2-9106-4b7d-8942-fd06493ed0f2', 'b474d5f5-cbf2-49af-8d03-2ca4aea11081', 'profile_created', NULL, NULL, '{"user_id": "62be2226-e3d4-4b10-951d-13c3972145b1", "user_name": "Frank Fisher", "profile_id": "62be2226-e3d4-4b10-951d-13c3972145b1"}', '2025-07-03 09:08:57.268783+00', NULL, NULL, NULL, NULL, NULL, NULL, NULL, '{}', 0, 0, 0, 0, '{}', 'individual', false, NULL, NULL, 'text', 'public', NULL, NULL, NULL, NULL, NULL, 0.00, '2025-08-19 02:44:36.075339+00'),
	('5a0bd94f-e34a-427a-8f26-5c0d01eac0cd', 'b474d5f5-cbf2-49af-8d03-2ca4aea11081', 'profile_created', NULL, NULL, '{"user_id": "8dd18808-4777-4877-bde1-b54b1d3ffa81", "user_name": "Grace Garcia", "profile_id": "8dd18808-4777-4877-bde1-b54b1d3ffa81"}', '2025-07-03 09:08:57.268783+00', NULL, NULL, NULL, NULL, NULL, NULL, NULL, '{}', 0, 0, 0, 0, '{}', 'individual', false, NULL, NULL, 'text', 'public', NULL, NULL, NULL, NULL, NULL, 0.00, '2025-08-19 02:44:36.075339+00'),
	('5363a45e-01cd-4561-95b4-86c54ce48c7a', 'b474d5f5-cbf2-49af-8d03-2ca4aea11081', 'profile_created', NULL, NULL, '{"user_id": "0d1f32d3-18b4-4aa8-b858-141b139aacd8", "user_name": "Henry Harris", "profile_id": "0d1f32d3-18b4-4aa8-b858-141b139aacd8"}', '2025-07-03 09:08:57.268783+00', NULL, NULL, NULL, NULL, NULL, NULL, NULL, '{}', 0, 0, 0, 0, '{}', 'individual', false, NULL, NULL, 'text', 'public', NULL, NULL, NULL, NULL, NULL, 0.00, '2025-08-19 02:44:36.075339+00'),
	('24269abb-5391-4f22-9e66-41d67ec142dc', 'b474d5f5-cbf2-49af-8d03-2ca4aea11081', 'profile_created', NULL, NULL, '{"user_id": "b3bd5d6b-e22a-4d61-a4a7-eee77a7063ce", "user_name": "Jack Johnson", "profile_id": "b3bd5d6b-e22a-4d61-a4a7-eee77a7063ce"}', '2025-07-03 09:08:57.268783+00', NULL, NULL, NULL, NULL, NULL, NULL, NULL, '{}', 0, 0, 0, 0, '{}', 'individual', false, NULL, NULL, 'text', 'public', NULL, NULL, NULL, NULL, NULL, 0.00, '2025-08-19 02:44:36.075339+00'),
	('8e21f76f-f978-426d-bcaa-89806df16918', 'b474d5f5-cbf2-49af-8d03-2ca4aea11081', 'profile_created', NULL, NULL, '{"user_id": "da99da90-51c9-46b6-9b1a-5b28603a2aa7", "user_name": "Liam Lee", "profile_id": "da99da90-51c9-46b6-9b1a-5b28603a2aa7"}', '2025-07-03 09:08:57.268783+00', NULL, NULL, NULL, NULL, NULL, NULL, NULL, '{}', 0, 0, 0, 0, '{}', 'individual', false, NULL, NULL, 'text', 'public', NULL, NULL, NULL, NULL, NULL, 0.00, '2025-08-19 02:44:36.075339+00'),
	('7b6b7c59-7ec1-4672-85c3-c16d4e68d0a4', 'b474d5f5-cbf2-49af-8d03-2ca4aea11081', 'profile_created', NULL, NULL, '{"user_id": "deca955d-e8c5-4c28-b190-f3ab7b382748", "user_name": "Noah Nelson", "profile_id": "deca955d-e8c5-4c28-b190-f3ab7b382748"}', '2025-07-03 09:08:57.268783+00', NULL, NULL, NULL, NULL, NULL, NULL, NULL, '{}', 0, 0, 0, 0, '{}', 'individual', false, NULL, NULL, 'text', 'public', NULL, NULL, NULL, NULL, NULL, 0.00, '2025-08-19 02:44:36.075339+00'),
	('1deccf82-e74a-4836-a7ca-e500086695d3', 'b474d5f5-cbf2-49af-8d03-2ca4aea11081', 'profile_created', NULL, NULL, '{"user_id": "05b4dc59-ae8e-47a1-8409-936b159c2c22", "user_name": "Paul Parker", "profile_id": "05b4dc59-ae8e-47a1-8409-936b159c2c22"}', '2025-07-03 09:08:57.268783+00', NULL, NULL, NULL, NULL, NULL, NULL, NULL, '{}', 0, 0, 0, 0, '{}', 'individual', false, NULL, NULL, 'text', 'public', NULL, NULL, NULL, NULL, NULL, 0.00, '2025-08-19 02:44:36.075339+00'),
	('e859f669-f456-4ad1-bb51-0d0828aa4b07', 'b474d5f5-cbf2-49af-8d03-2ca4aea11081', 'profile_created', NULL, NULL, '{"user_id": "5969c24a-1dd6-47ec-9e19-e22a0d5ebf40", "user_name": "Ruby Roberts", "profile_id": "5969c24a-1dd6-47ec-9e19-e22a0d5ebf40"}', '2025-07-03 09:08:57.268783+00', NULL, NULL, NULL, NULL, NULL, NULL, NULL, '{}', 0, 0, 0, 0, '{}', 'individual', false, NULL, NULL, 'text', 'public', NULL, NULL, NULL, NULL, NULL, 0.00, '2025-08-19 02:44:36.075339+00'),
	('2ab68835-4519-454b-bd4d-719f469491ff', 'b474d5f5-cbf2-49af-8d03-2ca4aea11081', 'profile_created', NULL, NULL, '{"user_id": "2f4e5e3b-9aa3-45cf-9edf-86815d76f735", "user_name": "Tara Taylor", "profile_id": "2f4e5e3b-9aa3-45cf-9edf-86815d76f735"}', '2025-07-03 09:08:57.268783+00', NULL, NULL, NULL, NULL, NULL, NULL, NULL, '{}', 0, 0, 0, 0, '{}', 'individual', false, NULL, NULL, 'text', 'public', NULL, NULL, NULL, NULL, NULL, 0.00, '2025-08-19 02:44:36.075339+00'),
	('6a938b4b-3b73-492b-883f-b15d1e03316e', 'b474d5f5-cbf2-49af-8d03-2ca4aea11081', 'profile_created', NULL, NULL, '{"user_id": "e81a2715-e3dd-4133-ad2a-e400a74e24ad", "user_name": "Victor Vargas", "profile_id": "e81a2715-e3dd-4133-ad2a-e400a74e24ad"}', '2025-07-03 09:08:57.268783+00', NULL, NULL, NULL, NULL, NULL, NULL, NULL, '{}', 0, 0, 0, 0, '{}', 'individual', false, NULL, NULL, 'text', 'public', NULL, NULL, NULL, NULL, NULL, 0.00, '2025-08-19 02:44:36.075339+00'),
	('0d04ebdf-c61b-4ff3-a2f9-bfd427204247', 'b474d5f5-cbf2-49af-8d03-2ca4aea11081', 'profile_created', NULL, NULL, '{"user_id": "fcc9099b-5297-418b-b164-adf93af0e0fa", "user_name": "Xander Xavier", "profile_id": "fcc9099b-5297-418b-b164-adf93af0e0fa"}', '2025-07-03 09:08:57.268783+00', NULL, NULL, NULL, NULL, NULL, NULL, NULL, '{}', 0, 0, 0, 0, '{}', 'individual', false, NULL, NULL, 'text', 'public', NULL, NULL, NULL, NULL, NULL, 0.00, '2025-08-19 02:44:36.075339+00'),
	('d93eaf1b-fc19-472c-bb46-23232d960282', 'b474d5f5-cbf2-49af-8d03-2ca4aea11081', 'profile_created', NULL, NULL, '{"user_id": "a213628a-3e5a-4471-8b72-001ae4683c31", "user_name": "Zoe Zimmerman", "profile_id": "a213628a-3e5a-4471-8b72-001ae4683c31"}', '2025-07-03 09:08:57.268783+00', NULL, NULL, NULL, NULL, NULL, NULL, NULL, '{}', 0, 0, 0, 0, '{}', 'individual', false, NULL, NULL, 'text', 'public', NULL, NULL, NULL, NULL, NULL, 0.00, '2025-08-19 02:44:36.075339+00'),
	('fcfd92c6-e4d4-4348-b2ce-bfb743045c71', 'b474d5f5-cbf2-49af-8d03-2ca4aea11081', 'profile_created', NULL, NULL, '{"user_id": "dedfeba8-312b-4c56-91a9-9bf0ffe7d0c6", "user_name": "Blake Baker", "profile_id": "dedfeba8-312b-4c56-91a9-9bf0ffe7d0c6"}', '2025-07-03 09:08:57.268783+00', NULL, NULL, NULL, NULL, NULL, NULL, NULL, '{}', 0, 0, 0, 0, '{}', 'individual', false, NULL, NULL, 'text', 'public', NULL, NULL, NULL, NULL, NULL, 0.00, '2025-08-19 02:44:36.075339+00'),
	('e5d16de3-3392-4dd2-9a40-a398eef3d0aa', 'b474d5f5-cbf2-49af-8d03-2ca4aea11081', 'profile_created', NULL, NULL, '{"user_id": "b474d5f5-cbf2-49af-8d03-2ca4aea11081", "user_name": "Drew Dixon", "profile_id": "b474d5f5-cbf2-49af-8d03-2ca4aea11081"}', '2025-07-03 09:08:57.268783+00', NULL, NULL, NULL, NULL, NULL, NULL, NULL, '{}', 0, 0, 0, 0, '{}', 'individual', false, NULL, NULL, 'text', 'public', NULL, NULL, NULL, NULL, NULL, 0.00, '2025-08-19 02:44:36.075339+00'),
	('082ba1d6-f1ad-4831-97d1-e2083035b7d7', 'b474d5f5-cbf2-49af-8d03-2ca4aea11081', 'profile_created', NULL, NULL, '{"user_id": "04d0c415-9de4-43dc-99fd-bcc8f980cefc", "user_name": "Kate King", "profile_id": "04d0c415-9de4-43dc-99fd-bcc8f980cefc"}', '2025-07-03 09:08:57.268783+00', NULL, NULL, NULL, NULL, NULL, NULL, NULL, '{}', 0, 0, 0, 0, '{}', 'individual', false, NULL, NULL, 'text', 'public', NULL, NULL, NULL, NULL, NULL, 0.00, '2025-08-19 02:44:36.075339+00'),
	('cdd6a201-d455-4fd7-aace-a91d8fdbaf52', 'b474d5f5-cbf2-49af-8d03-2ca4aea11081', 'profile_created', NULL, NULL, '{"user_id": "fdcbe6e9-108d-4939-b10f-77b422731a18", "user_name": "Maya Miller", "profile_id": "fdcbe6e9-108d-4939-b10f-77b422731a18"}', '2025-07-03 09:08:57.268783+00', NULL, NULL, NULL, NULL, NULL, NULL, NULL, '{}', 0, 0, 0, 0, '{}', 'individual', false, NULL, NULL, 'text', 'public', NULL, NULL, NULL, NULL, NULL, 0.00, '2025-08-19 02:44:36.075339+00'),
	('c1a00b46-196b-4ea5-a7f9-e9f511acd6eb', 'b474d5f5-cbf2-49af-8d03-2ca4aea11081', 'profile_created', NULL, NULL, '{"user_id": "97f1407e-dcab-4143-a59e-873634654503", "user_name": "Olivia O''Connor", "profile_id": "97f1407e-dcab-4143-a59e-873634654503"}', '2025-07-03 09:08:57.268783+00', NULL, NULL, NULL, NULL, NULL, NULL, NULL, '{}', 0, 0, 0, 0, '{}', 'individual', false, NULL, NULL, 'text', 'public', NULL, NULL, NULL, NULL, NULL, 0.00, '2025-08-19 02:44:36.075339+00'),
	('3e578867-c71a-4a8b-9014-1a2f5a5d318a', 'b474d5f5-cbf2-49af-8d03-2ca4aea11081', 'profile_created', NULL, NULL, '{"user_id": "6bea7109-b400-4124-839e-3fe6466f3ae8", "user_name": "Quinn Quinn", "profile_id": "6bea7109-b400-4124-839e-3fe6466f3ae8"}', '2025-07-03 09:08:57.268783+00', NULL, NULL, NULL, NULL, NULL, NULL, NULL, '{}', 0, 0, 0, 0, '{}', 'individual', false, NULL, NULL, 'text', 'public', NULL, NULL, NULL, NULL, NULL, 0.00, '2025-08-19 02:44:36.075339+00'),
	('f95f0af4-96fc-4b1e-819f-7111228fa91b', 'b474d5f5-cbf2-49af-8d03-2ca4aea11081', 'profile_created', NULL, NULL, '{"user_id": "4ca9b634-8557-427f-9b7f-1d8679b7f332", "user_name": "Sam Smith", "profile_id": "4ca9b634-8557-427f-9b7f-1d8679b7f332"}', '2025-07-03 09:08:57.268783+00', NULL, NULL, NULL, NULL, NULL, NULL, NULL, '{}', 0, 0, 0, 0, '{}', 'individual', false, NULL, NULL, 'text', 'public', NULL, NULL, NULL, NULL, NULL, 0.00, '2025-08-19 02:44:36.075339+00'),
	('e9b5948b-a33a-45d5-880a-5f60f3fa9749', 'b474d5f5-cbf2-49af-8d03-2ca4aea11081', 'profile_created', NULL, NULL, '{"user_id": "78b8de0c-9469-4b38-96bb-c97bbf3d8607", "user_name": "Uma Upton", "profile_id": "78b8de0c-9469-4b38-96bb-c97bbf3d8607"}', '2025-07-03 09:08:57.268783+00', NULL, NULL, NULL, NULL, NULL, NULL, NULL, '{}', 0, 0, 0, 0, '{}', 'individual', false, NULL, NULL, 'text', 'public', NULL, NULL, NULL, NULL, NULL, 0.00, '2025-08-19 02:44:36.075339+00'),
	('7842a924-f444-465c-9463-27b107ab8f38', 'b474d5f5-cbf2-49af-8d03-2ca4aea11081', 'profile_created', NULL, NULL, '{"user_id": "c954586e-f506-48b3-ba5d-c6b0d3d561c8", "user_name": "Wendy Wilson", "profile_id": "c954586e-f506-48b3-ba5d-c6b0d3d561c8"}', '2025-07-03 09:08:57.268783+00', NULL, NULL, NULL, NULL, NULL, NULL, NULL, '{}', 0, 0, 0, 0, '{}', 'individual', false, NULL, NULL, 'text', 'public', NULL, NULL, NULL, NULL, NULL, 0.00, '2025-08-19 02:44:36.075339+00'),
	('5e2361dc-4fa1-4361-add8-efd992ed506b', 'b474d5f5-cbf2-49af-8d03-2ca4aea11081', 'profile_created', NULL, NULL, '{"user_id": "eb6c0fb9-6baf-4a90-870d-06d87849efa5", "user_name": "Yara Young", "profile_id": "eb6c0fb9-6baf-4a90-870d-06d87849efa5"}', '2025-07-03 09:08:57.268783+00', NULL, NULL, NULL, NULL, NULL, NULL, NULL, '{}', 0, 0, 0, 0, '{}', 'individual', false, NULL, NULL, 'text', 'public', NULL, NULL, NULL, NULL, NULL, 0.00, '2025-08-19 02:44:36.075339+00'),
	('518dd213-28a5-491c-b94d-2335fa821ec7', 'b474d5f5-cbf2-49af-8d03-2ca4aea11081', 'profile_created', NULL, NULL, '{"user_id": "719afc5a-0063-4fa4-9d8d-f91e8bfacb47", "user_name": "Alex Adams", "profile_id": "719afc5a-0063-4fa4-9d8d-f91e8bfacb47"}', '2025-07-03 09:08:57.268783+00', NULL, NULL, NULL, NULL, NULL, NULL, NULL, '{}', 0, 0, 0, 0, '{}', 'individual', false, NULL, NULL, 'text', 'public', NULL, NULL, NULL, NULL, NULL, 0.00, '2025-08-19 02:44:36.075339+00'),
	('ec94e79c-e4c6-4b53-954c-7d7e19c7bac7', 'b474d5f5-cbf2-49af-8d03-2ca4aea11081', 'profile_created', NULL, NULL, '{"user_id": "b529a24a-4840-4771-919c-baf2142f91a2", "user_name": "Casey Cooper", "profile_id": "b529a24a-4840-4771-919c-baf2142f91a2"}', '2025-07-03 09:08:57.268783+00', NULL, NULL, NULL, NULL, NULL, NULL, NULL, '{}', 0, 0, 0, 0, '{}', 'individual', false, NULL, NULL, 'text', 'public', NULL, NULL, NULL, NULL, NULL, 0.00, '2025-08-19 02:44:36.075339+00'),
	('a63d3800-5405-477e-b437-9e67f97a28f0', '2474659f-003e-4faa-8c53-9969c33f20b2', 'group_created', NULL, NULL, '{"group_id": "992d1918-3e5e-464c-99af-ad026a7bad17", "creator_id": "2474659f-003e-4faa-8c53-9969c33f20b2", "group_name": "Book Lovers Community", "creator_name": "Bob Brown", "member_count": 1}', '2025-07-08 13:00:49.481243+00', NULL, NULL, NULL, NULL, NULL, NULL, NULL, '{}', 0, 0, 0, 0, '{}', 'individual', false, NULL, NULL, 'text', 'public', NULL, NULL, NULL, NULL, NULL, 0.00, '2025-08-19 02:44:36.075339+00'),
	('cd52b151-59b2-48f7-beb6-4f5449ff3d1e', 'b474d5f5-cbf2-49af-8d03-2ca4aea11081', 'author_created', NULL, NULL, '{"author_id": "9953a3e0-4982-4ae5-8093-829c4320ef8d", "author_name": "Katherine Garbera", "books_count": 0}', '2025-07-06 07:13:55.071969+00', NULL, NULL, NULL, NULL, '9953a3e0-4982-4ae5-8093-829c4320ef8d', NULL, NULL, '{}', 0, 0, 0, 0, '{}', 'individual', false, NULL, NULL, 'text', 'public', NULL, NULL, NULL, NULL, NULL, 0.00, '2025-08-19 02:44:36.075339+00'),
	('f50b5c2a-6169-471a-989d-101cc45683c0', 'b474d5f5-cbf2-49af-8d03-2ca4aea11081', 'author_created', NULL, NULL, '{"author_id": "8e75e51f-701f-4f3a-83da-70f625876ca8", "author_name": "Beth Guckenberger", "books_count": 1}', '2025-07-08 00:11:48.482659+00', NULL, NULL, NULL, NULL, '8e75e51f-701f-4f3a-83da-70f625876ca8', NULL, NULL, '{}', 0, 0, 0, 0, '{}', 'individual', false, NULL, NULL, 'text', 'public', NULL, NULL, NULL, NULL, NULL, 0.00, '2025-08-19 02:44:36.075339+00'),
	('9423e48b-a05a-4a88-b5f3-eb3a756dc999', 'b474d5f5-cbf2-49af-8d03-2ca4aea11081', 'book_added', NULL, NULL, '{"author_id": "8e75e51f-701f-4f3a-83da-70f625876ca8", "book_title": "Super Simple Mission Kit Featuring Tales of the Not Forgotten: A Fully-resources Missions Curriculum (Kids Serving Kids)", "author_name": "Beth Guckenberger", "book_author": "Beth Guckenberger"}', '2025-07-08 09:49:44.668053+00', NULL, NULL, NULL, '8366132b-50b4-452a-88b3-cd7368ecfd71', '8e75e51f-701f-4f3a-83da-70f625876ca8', NULL, NULL, '{}', 0, 0, 0, 0, '{}', 'individual', false, NULL, NULL, 'text', 'public', NULL, NULL, NULL, NULL, NULL, 0.00, '2025-08-19 02:44:36.075339+00'),
	('cf90b670-034c-4616-abd8-178b14853c93', 'b474d5f5-cbf2-49af-8d03-2ca4aea11081', 'author_created', NULL, NULL, '{"author_id": "e31e061d-a4a8-4cc8-af18-754786ad5ee3", "author_name": "Envy Red", "books_count": 3}', '2025-07-13 07:13:14.630895+00', NULL, NULL, NULL, NULL, 'e31e061d-a4a8-4cc8-af18-754786ad5ee3', NULL, NULL, '{}', 0, 0, 0, 0, '{}', 'individual', false, NULL, NULL, 'text', 'public', NULL, NULL, NULL, NULL, NULL, 0.00, '2025-08-19 02:44:36.075339+00'),
	('67a0049a-5177-45d2-b109-d82f2643c626', 'b474d5f5-cbf2-49af-8d03-2ca4aea11081', 'book_added', NULL, NULL, '{"author_id": "e31e061d-a4a8-4cc8-af18-754786ad5ee3", "book_title": "High Rollers", "author_name": "Envy Red", "book_author": "Envy Red"}', '2025-07-13 07:13:15.753895+00', NULL, NULL, NULL, '235ce1e2-e5a5-4db9-9d2b-22093d960566', 'e31e061d-a4a8-4cc8-af18-754786ad5ee3', NULL, NULL, '{}', 0, 0, 0, 0, '{}', 'individual', false, NULL, NULL, 'text', 'public', NULL, NULL, NULL, NULL, NULL, 0.00, '2025-08-19 02:44:36.075339+00'),
	('e619bb1e-78bb-4df4-afc6-7e187dcc9f48', 'b474d5f5-cbf2-49af-8d03-2ca4aea11081', 'book_added', NULL, NULL, '{"author_id": "e31e061d-a4a8-4cc8-af18-754786ad5ee3", "book_title": "Touch", "author_name": "Envy Red", "book_author": "Envy Red"}', '2025-07-13 07:13:18.397727+00', NULL, NULL, NULL, '9a5909bb-e759-44ab-b8d0-7143482f66e8', 'e31e061d-a4a8-4cc8-af18-754786ad5ee3', NULL, NULL, '{}', 0, 0, 0, 0, '{}', 'individual', false, NULL, NULL, 'text', 'public', NULL, NULL, NULL, NULL, NULL, 0.00, '2025-08-19 02:44:36.075339+00'),
	('9f1c6a5f-97b4-4d20-81dc-0b775ba6bb23', 'b474d5f5-cbf2-49af-8d03-2ca4aea11081', 'book_added', NULL, NULL, '{"author_id": "e31e061d-a4a8-4cc8-af18-754786ad5ee3", "book_title": "Jaded", "author_name": "Envy Red", "book_author": "Envy Red"}', '2025-07-13 07:13:20.319565+00', NULL, NULL, NULL, '492d0538-5ab2-43bc-bc7b-e538da900639', 'e31e061d-a4a8-4cc8-af18-754786ad5ee3', NULL, NULL, '{}', 0, 0, 0, 0, '{}', 'individual', false, NULL, NULL, 'text', 'public', NULL, NULL, NULL, NULL, NULL, 0.00, '2025-08-19 02:44:36.075339+00'),
	('d1f20bc2-b575-4808-b833-96242f5259c5', 'b474d5f5-cbf2-49af-8d03-2ca4aea11081', 'book_added', NULL, NULL, '{"author_id": "8e75e51f-701f-4f3a-83da-70f625876ca8", "book_title": "Super Simple Mission Kit Featuring Tales of the Not Forgotten: A Fully-resources Missions Curriculum (Kids Serving Kids)", "author_name": "Beth Guckenberger", "book_author": "Beth Guckenberger"}', '2025-07-08 09:49:44.668053+00', NULL, NULL, NULL, '8366132b-50b4-452a-88b3-cd7368ecfd71', '8e75e51f-701f-4f3a-83da-70f625876ca8', NULL, NULL, '{}', 0, 0, 0, 0, '{}', 'individual', false, NULL, NULL, 'text', 'public', NULL, NULL, NULL, NULL, NULL, 0.00, '2025-08-19 02:44:36.075339+00'),
	('b63e79ef-94dc-4062-acef-e4d028658a39', 'b474d5f5-cbf2-49af-8d03-2ca4aea11081', 'book_added', NULL, NULL, '{"author_id": "e31e061d-a4a8-4cc8-af18-754786ad5ee3", "book_title": "High Rollers", "author_name": "Envy Red", "book_author": "Envy Red"}', '2025-07-13 07:13:15.753895+00', NULL, NULL, NULL, '235ce1e2-e5a5-4db9-9d2b-22093d960566', 'e31e061d-a4a8-4cc8-af18-754786ad5ee3', NULL, NULL, '{}', 0, 0, 0, 0, '{}', 'individual', false, NULL, NULL, 'text', 'public', NULL, NULL, NULL, NULL, NULL, 0.00, '2025-08-19 02:44:36.075339+00'),
	('d822b8dd-6759-4e50-93a0-cde1550af506', 'b474d5f5-cbf2-49af-8d03-2ca4aea11081', 'book_added', NULL, NULL, '{"author_id": "e31e061d-a4a8-4cc8-af18-754786ad5ee3", "book_title": "Touch", "author_name": "Envy Red", "book_author": "Envy Red"}', '2025-07-13 07:13:18.397727+00', NULL, NULL, NULL, '9a5909bb-e759-44ab-b8d0-7143482f66e8', 'e31e061d-a4a8-4cc8-af18-754786ad5ee3', NULL, NULL, '{}', 0, 0, 0, 0, '{}', 'individual', false, NULL, NULL, 'text', 'public', NULL, NULL, NULL, NULL, NULL, 0.00, '2025-08-19 02:44:36.075339+00'),
	('a517a6e5-0d95-4212-bf84-42b148a7a04c', 'b474d5f5-cbf2-49af-8d03-2ca4aea11081', 'book_added', NULL, NULL, '{"author_id": "e31e061d-a4a8-4cc8-af18-754786ad5ee3", "book_title": "Jaded", "author_name": "Envy Red", "book_author": "Envy Red"}', '2025-07-13 07:13:20.319565+00', NULL, NULL, NULL, '492d0538-5ab2-43bc-bc7b-e538da900639', 'e31e061d-a4a8-4cc8-af18-754786ad5ee3', NULL, NULL, '{}', 0, 0, 0, 0, '{}', 'individual', false, NULL, NULL, 'text', 'public', NULL, NULL, NULL, NULL, NULL, 0.00, '2025-08-19 02:44:36.075339+00'),
	('a919d35b-cec3-4501-9caa-e01c5298f930', 'b474d5f5-cbf2-49af-8d03-2ca4aea11081', 'profile_created', NULL, NULL, '{"user_id": "e06cdf85-b449-4dcb-b943-068aaad8cfa3", "user_name": "Alice Anderson", "profile_id": "e06cdf85-b449-4dcb-b943-068aaad8cfa3"}', '2025-07-03 09:08:57.268783+00', NULL, NULL, NULL, NULL, NULL, NULL, NULL, '{}', 0, 0, 0, 0, '{}', 'individual', false, NULL, NULL, 'text', 'public', NULL, NULL, NULL, NULL, NULL, 0.00, '2025-08-19 02:44:36.075339+00'),
	('e7d836ba-ecf9-446a-9b42-1ab168fcc2db', 'b474d5f5-cbf2-49af-8d03-2ca4aea11081', 'profile_created', NULL, NULL, '{"user_id": "2474659f-003e-4faa-8c53-9969c33f20b2", "user_name": "Bob Brown", "profile_id": "2474659f-003e-4faa-8c53-9969c33f20b2"}', '2025-07-03 09:08:57.268783+00', NULL, NULL, NULL, NULL, NULL, NULL, NULL, '{}', 0, 0, 0, 0, '{}', 'individual', false, NULL, NULL, 'text', 'public', NULL, NULL, NULL, NULL, NULL, 0.00, '2025-08-19 02:44:36.075339+00'),
	('960d1a72-f260-4fa0-936f-110af37acbeb', 'b474d5f5-cbf2-49af-8d03-2ca4aea11081', 'profile_created', NULL, NULL, '{"user_id": "45f98998-ba1d-4439-b2ee-1d403fee0e7c", "user_name": "Charlie Clark", "profile_id": "45f98998-ba1d-4439-b2ee-1d403fee0e7c"}', '2025-07-03 09:08:57.268783+00', NULL, NULL, NULL, NULL, NULL, NULL, NULL, '{}', 0, 0, 0, 0, '{}', 'individual', false, NULL, NULL, 'text', 'public', NULL, NULL, NULL, NULL, NULL, 0.00, '2025-08-19 02:44:36.075339+00'),
	('870162b1-e0ea-4784-9155-41ea4ebba1cd', 'b474d5f5-cbf2-49af-8d03-2ca4aea11081', 'profile_created', NULL, NULL, '{"user_id": "c5b68ab4-e8bc-4291-a646-7f8ab4b99528", "user_name": "Diana Davis", "profile_id": "c5b68ab4-e8bc-4291-a646-7f8ab4b99528"}', '2025-07-03 09:08:57.268783+00', NULL, NULL, NULL, NULL, NULL, NULL, NULL, '{}', 0, 0, 0, 0, '{}', 'individual', false, NULL, NULL, 'text', 'public', NULL, NULL, NULL, NULL, NULL, 0.00, '2025-08-19 02:44:36.075339+00'),
	('4c36ee32-9cfb-4c14-897a-8361f5e62b5b', 'b474d5f5-cbf2-49af-8d03-2ca4aea11081', 'profile_created', NULL, NULL, '{"user_id": "355dd8d6-7ef5-46cf-9bad-67fd863cbc88", "user_name": "Eve Evans", "profile_id": "355dd8d6-7ef5-46cf-9bad-67fd863cbc88"}', '2025-07-03 09:08:57.268783+00', NULL, NULL, NULL, NULL, NULL, NULL, NULL, '{}', 0, 0, 0, 0, '{}', 'individual', false, NULL, NULL, 'text', 'public', NULL, NULL, NULL, NULL, NULL, 0.00, '2025-08-19 02:44:36.075339+00'),
	('1947d94b-d2ee-49c2-b976-f09ffdd872f9', 'b474d5f5-cbf2-49af-8d03-2ca4aea11081', 'profile_created', NULL, NULL, '{"user_id": "62be2226-e3d4-4b10-951d-13c3972145b1", "user_name": "Frank Fisher", "profile_id": "62be2226-e3d4-4b10-951d-13c3972145b1"}', '2025-07-03 09:08:57.268783+00', NULL, NULL, NULL, NULL, NULL, NULL, NULL, '{}', 0, 0, 0, 0, '{}', 'individual', false, NULL, NULL, 'text', 'public', NULL, NULL, NULL, NULL, NULL, 0.00, '2025-08-19 02:44:36.075339+00'),
	('fd02c66d-4552-4081-a6a4-ac863d673da7', 'b474d5f5-cbf2-49af-8d03-2ca4aea11081', 'profile_created', NULL, NULL, '{"user_id": "8dd18808-4777-4877-bde1-b54b1d3ffa81", "user_name": "Grace Garcia", "profile_id": "8dd18808-4777-4877-bde1-b54b1d3ffa81"}', '2025-07-03 09:08:57.268783+00', NULL, NULL, NULL, NULL, NULL, NULL, NULL, '{}', 0, 0, 0, 0, '{}', 'individual', false, NULL, NULL, 'text', 'public', NULL, NULL, NULL, NULL, NULL, 0.00, '2025-08-19 02:44:36.075339+00'),
	('d3decec8-67e9-4a97-b440-cba776cb7764', 'b474d5f5-cbf2-49af-8d03-2ca4aea11081', 'profile_created', NULL, NULL, '{"user_id": "0d1f32d3-18b4-4aa8-b858-141b139aacd8", "user_name": "Henry Harris", "profile_id": "0d1f32d3-18b4-4aa8-b858-141b139aacd8"}', '2025-07-03 09:08:57.268783+00', NULL, NULL, NULL, NULL, NULL, NULL, NULL, '{}', 0, 0, 0, 0, '{}', 'individual', false, NULL, NULL, 'text', 'public', NULL, NULL, NULL, NULL, NULL, 0.00, '2025-08-19 02:44:36.075339+00'),
	('21600896-4010-4b33-a483-230e73b47dc0', 'b474d5f5-cbf2-49af-8d03-2ca4aea11081', 'profile_created', NULL, NULL, '{"user_id": "e8f2a30e-de7f-40a4-9772-06fca7419908", "user_name": "Ivy Ivanov", "profile_id": "e8f2a30e-de7f-40a4-9772-06fca7419908"}', '2025-07-03 09:08:57.268783+00', NULL, NULL, NULL, NULL, NULL, NULL, NULL, '{}', 0, 0, 0, 0, '{}', 'individual', false, NULL, NULL, 'text', 'public', NULL, NULL, NULL, NULL, NULL, 0.00, '2025-08-19 02:44:36.075339+00'),
	('79b6fc7a-e029-45e5-83b6-fb0884afc2e2', 'b474d5f5-cbf2-49af-8d03-2ca4aea11081', 'profile_created', NULL, NULL, '{"user_id": "b3bd5d6b-e22a-4d61-a4a7-eee77a7063ce", "user_name": "Jack Johnson", "profile_id": "b3bd5d6b-e22a-4d61-a4a7-eee77a7063ce"}', '2025-07-03 09:08:57.268783+00', NULL, NULL, NULL, NULL, NULL, NULL, NULL, '{}', 0, 0, 0, 0, '{}', 'individual', false, NULL, NULL, 'text', 'public', NULL, NULL, NULL, NULL, NULL, 0.00, '2025-08-19 02:44:36.075339+00'),
	('869b1c56-d339-4d26-abf7-9323f3acaf18', 'b474d5f5-cbf2-49af-8d03-2ca4aea11081', 'profile_created', NULL, NULL, '{"user_id": "04d0c415-9de4-43dc-99fd-bcc8f980cefc", "user_name": "Kate King", "profile_id": "04d0c415-9de4-43dc-99fd-bcc8f980cefc"}', '2025-07-03 09:08:57.268783+00', NULL, NULL, NULL, NULL, NULL, NULL, NULL, '{}', 0, 0, 0, 0, '{}', 'individual', false, NULL, NULL, 'text', 'public', NULL, NULL, NULL, NULL, NULL, 0.00, '2025-08-19 02:44:36.075339+00'),
	('f8ae2985-1564-4d13-9e70-000277e64eaa', 'b474d5f5-cbf2-49af-8d03-2ca4aea11081', 'profile_created', NULL, NULL, '{"user_id": "da99da90-51c9-46b6-9b1a-5b28603a2aa7", "user_name": "Liam Lee", "profile_id": "da99da90-51c9-46b6-9b1a-5b28603a2aa7"}', '2025-07-03 09:08:57.268783+00', NULL, NULL, NULL, NULL, NULL, NULL, NULL, '{}', 0, 0, 0, 0, '{}', 'individual', false, NULL, NULL, 'text', 'public', NULL, NULL, NULL, NULL, NULL, 0.00, '2025-08-19 02:44:36.075339+00'),
	('2a7d98ed-3ec5-43e2-babe-720f3e33656b', 'b474d5f5-cbf2-49af-8d03-2ca4aea11081', 'profile_created', NULL, NULL, '{"user_id": "fdcbe6e9-108d-4939-b10f-77b422731a18", "user_name": "Maya Miller", "profile_id": "fdcbe6e9-108d-4939-b10f-77b422731a18"}', '2025-07-03 09:08:57.268783+00', NULL, NULL, NULL, NULL, NULL, NULL, NULL, '{}', 0, 0, 0, 0, '{}', 'individual', false, NULL, NULL, 'text', 'public', NULL, NULL, NULL, NULL, NULL, 0.00, '2025-08-19 02:44:36.075339+00'),
	('5c0f14aa-e5a2-46b7-b395-2ae89b96ae1f', 'b474d5f5-cbf2-49af-8d03-2ca4aea11081', 'profile_created', NULL, NULL, '{"user_id": "deca955d-e8c5-4c28-b190-f3ab7b382748", "user_name": "Noah Nelson", "profile_id": "deca955d-e8c5-4c28-b190-f3ab7b382748"}', '2025-07-03 09:08:57.268783+00', NULL, NULL, NULL, NULL, NULL, NULL, NULL, '{}', 0, 0, 0, 0, '{}', 'individual', false, NULL, NULL, 'text', 'public', NULL, NULL, NULL, NULL, NULL, 0.00, '2025-08-19 02:44:36.075339+00'),
	('1bd50a32-d316-47c0-a8ee-161144a8e0e5', 'b474d5f5-cbf2-49af-8d03-2ca4aea11081', 'profile_created', NULL, NULL, '{"user_id": "97f1407e-dcab-4143-a59e-873634654503", "user_name": "Olivia O''Connor", "profile_id": "97f1407e-dcab-4143-a59e-873634654503"}', '2025-07-03 09:08:57.268783+00', NULL, NULL, NULL, NULL, NULL, NULL, NULL, '{}', 0, 0, 0, 0, '{}', 'individual', false, NULL, NULL, 'text', 'public', NULL, NULL, NULL, NULL, NULL, 0.00, '2025-08-19 02:44:36.075339+00'),
	('a10f67c9-afbe-4a97-ade4-894cf9a6140a', 'b474d5f5-cbf2-49af-8d03-2ca4aea11081', 'profile_created', NULL, NULL, '{"user_id": "05b4dc59-ae8e-47a1-8409-936b159c2c22", "user_name": "Paul Parker", "profile_id": "05b4dc59-ae8e-47a1-8409-936b159c2c22"}', '2025-07-03 09:08:57.268783+00', NULL, NULL, NULL, NULL, NULL, NULL, NULL, '{}', 0, 0, 0, 0, '{}', 'individual', false, NULL, NULL, 'text', 'public', NULL, NULL, NULL, NULL, NULL, 0.00, '2025-08-19 02:44:36.075339+00'),
	('583af460-fcf9-4059-b7cc-0fa41fba7eba', 'b474d5f5-cbf2-49af-8d03-2ca4aea11081', 'profile_created', NULL, NULL, '{"user_id": "6bea7109-b400-4124-839e-3fe6466f3ae8", "user_name": "Quinn Quinn", "profile_id": "6bea7109-b400-4124-839e-3fe6466f3ae8"}', '2025-07-03 09:08:57.268783+00', NULL, NULL, NULL, NULL, NULL, NULL, NULL, '{}', 0, 0, 0, 0, '{}', 'individual', false, NULL, NULL, 'text', 'public', NULL, NULL, NULL, NULL, NULL, 0.00, '2025-08-19 02:44:36.075339+00'),
	('ae779a9c-818c-4c27-9cc2-cf9f08817631', 'b474d5f5-cbf2-49af-8d03-2ca4aea11081', 'profile_created', NULL, NULL, '{"user_id": "5969c24a-1dd6-47ec-9e19-e22a0d5ebf40", "user_name": "Ruby Roberts", "profile_id": "5969c24a-1dd6-47ec-9e19-e22a0d5ebf40"}', '2025-07-03 09:08:57.268783+00', NULL, NULL, NULL, NULL, NULL, NULL, NULL, '{}', 0, 0, 0, 0, '{}', 'individual', false, NULL, NULL, 'text', 'public', NULL, NULL, NULL, NULL, NULL, 0.00, '2025-08-19 02:44:36.075339+00'),
	('a8d15d28-d768-4a49-a4cc-c6f20fe3ba01', 'b474d5f5-cbf2-49af-8d03-2ca4aea11081', 'profile_created', NULL, NULL, '{"user_id": "4ca9b634-8557-427f-9b7f-1d8679b7f332", "user_name": "Sam Smith", "profile_id": "4ca9b634-8557-427f-9b7f-1d8679b7f332"}', '2025-07-03 09:08:57.268783+00', NULL, NULL, NULL, NULL, NULL, NULL, NULL, '{}', 0, 0, 0, 0, '{}', 'individual', false, NULL, NULL, 'text', 'public', NULL, NULL, NULL, NULL, NULL, 0.00, '2025-08-19 02:44:36.075339+00'),
	('f473b8fc-df33-405f-a55f-c8f9c8b70a9f', 'b474d5f5-cbf2-49af-8d03-2ca4aea11081', 'profile_created', NULL, NULL, '{"user_id": "2f4e5e3b-9aa3-45cf-9edf-86815d76f735", "user_name": "Tara Taylor", "profile_id": "2f4e5e3b-9aa3-45cf-9edf-86815d76f735"}', '2025-07-03 09:08:57.268783+00', NULL, NULL, NULL, NULL, NULL, NULL, NULL, '{}', 0, 0, 0, 0, '{}', 'individual', false, NULL, NULL, 'text', 'public', NULL, NULL, NULL, NULL, NULL, 0.00, '2025-08-19 02:44:36.075339+00'),
	('3369632a-2d3d-4e19-9987-0187e7f0cefd', 'b474d5f5-cbf2-49af-8d03-2ca4aea11081', 'profile_created', NULL, NULL, '{"user_id": "78b8de0c-9469-4b38-96bb-c97bbf3d8607", "user_name": "Uma Upton", "profile_id": "78b8de0c-9469-4b38-96bb-c97bbf3d8607"}', '2025-07-03 09:08:57.268783+00', NULL, NULL, NULL, NULL, NULL, NULL, NULL, '{}', 0, 0, 0, 0, '{}', 'individual', false, NULL, NULL, 'text', 'public', NULL, NULL, NULL, NULL, NULL, 0.00, '2025-08-19 02:44:36.075339+00'),
	('9a233ba2-067d-4888-92e5-ca293e4bf344', 'b474d5f5-cbf2-49af-8d03-2ca4aea11081', 'profile_created', NULL, NULL, '{"user_id": "c954586e-f506-48b3-ba5d-c6b0d3d561c8", "user_name": "Wendy Wilson", "profile_id": "c954586e-f506-48b3-ba5d-c6b0d3d561c8"}', '2025-07-03 09:08:57.268783+00', NULL, NULL, NULL, NULL, NULL, NULL, NULL, '{}', 0, 0, 0, 0, '{}', 'individual', false, NULL, NULL, 'text', 'public', NULL, NULL, NULL, NULL, NULL, 0.00, '2025-08-19 02:44:36.075339+00'),
	('b0ef1052-035b-44d6-8346-6e429a6c6bb4', 'b474d5f5-cbf2-49af-8d03-2ca4aea11081', 'profile_created', NULL, NULL, '{"user_id": "eb6c0fb9-6baf-4a90-870d-06d87849efa5", "user_name": "Yara Young", "profile_id": "eb6c0fb9-6baf-4a90-870d-06d87849efa5"}', '2025-07-03 09:08:57.268783+00', NULL, NULL, NULL, NULL, NULL, NULL, NULL, '{}', 0, 0, 0, 0, '{}', 'individual', false, NULL, NULL, 'text', 'public', NULL, NULL, NULL, NULL, NULL, 0.00, '2025-08-19 02:44:36.075339+00'),
	('fe24d022-f3e2-4f28-9649-8bebfe056efd', 'b474d5f5-cbf2-49af-8d03-2ca4aea11081', 'profile_created', NULL, NULL, '{"user_id": "719afc5a-0063-4fa4-9d8d-f91e8bfacb47", "user_name": "Alex Adams", "profile_id": "719afc5a-0063-4fa4-9d8d-f91e8bfacb47"}', '2025-07-03 09:08:57.268783+00', NULL, NULL, NULL, NULL, NULL, NULL, NULL, '{}', 0, 0, 0, 0, '{}', 'individual', false, NULL, NULL, 'text', 'public', NULL, NULL, NULL, NULL, NULL, 0.00, '2025-08-19 02:44:36.075339+00'),
	('901fdc59-d597-4751-9b58-44f02a61ea1c', 'b474d5f5-cbf2-49af-8d03-2ca4aea11081', 'profile_created', NULL, NULL, '{"user_id": "b529a24a-4840-4771-919c-baf2142f91a2", "user_name": "Casey Cooper", "profile_id": "b529a24a-4840-4771-919c-baf2142f91a2"}', '2025-07-03 09:08:57.268783+00', NULL, NULL, NULL, NULL, NULL, NULL, NULL, '{}', 0, 0, 0, 0, '{}', 'individual', false, NULL, NULL, 'text', 'public', NULL, NULL, NULL, NULL, NULL, 0.00, '2025-08-19 02:44:36.075339+00'),
	('b3f61c5c-0dcf-4005-99c2-52a2a88e6f1b', 'b474d5f5-cbf2-49af-8d03-2ca4aea11081', 'profile_created', NULL, NULL, '{"user_id": "e81a2715-e3dd-4133-ad2a-e400a74e24ad", "user_name": "Victor Vargas", "profile_id": "e81a2715-e3dd-4133-ad2a-e400a74e24ad"}', '2025-07-03 09:08:57.268783+00', NULL, NULL, NULL, NULL, NULL, NULL, NULL, '{}', 0, 0, 0, 0, '{}', 'individual', false, NULL, NULL, 'text', 'public', NULL, NULL, NULL, NULL, NULL, 0.00, '2025-08-19 02:44:36.075339+00'),
	('3e86a3e1-518a-4d25-be27-0c130c1ede7a', 'b474d5f5-cbf2-49af-8d03-2ca4aea11081', 'profile_created', NULL, NULL, '{"user_id": "fcc9099b-5297-418b-b164-adf93af0e0fa", "user_name": "Xander Xavier", "profile_id": "fcc9099b-5297-418b-b164-adf93af0e0fa"}', '2025-07-03 09:08:57.268783+00', NULL, NULL, NULL, NULL, NULL, NULL, NULL, '{}', 0, 0, 0, 0, '{}', 'individual', false, NULL, NULL, 'text', 'public', NULL, NULL, NULL, NULL, NULL, 0.00, '2025-08-19 02:44:36.075339+00'),
	('0d81a584-f06e-4fa6-bfc0-ccae06f87c50', 'b474d5f5-cbf2-49af-8d03-2ca4aea11081', 'profile_created', NULL, NULL, '{"user_id": "a213628a-3e5a-4471-8b72-001ae4683c31", "user_name": "Zoe Zimmerman", "profile_id": "a213628a-3e5a-4471-8b72-001ae4683c31"}', '2025-07-03 09:08:57.268783+00', NULL, NULL, NULL, NULL, NULL, NULL, NULL, '{}', 0, 0, 0, 0, '{}', 'individual', false, NULL, NULL, 'text', 'public', NULL, NULL, NULL, NULL, NULL, 0.00, '2025-08-19 02:44:36.075339+00'),
	('c658a431-fbfc-4009-a824-ba6b1da56912', 'b474d5f5-cbf2-49af-8d03-2ca4aea11081', 'profile_created', NULL, NULL, '{"user_id": "dedfeba8-312b-4c56-91a9-9bf0ffe7d0c6", "user_name": "Blake Baker", "profile_id": "dedfeba8-312b-4c56-91a9-9bf0ffe7d0c6"}', '2025-07-03 09:08:57.268783+00', NULL, NULL, NULL, NULL, NULL, NULL, NULL, '{}', 0, 0, 0, 0, '{}', 'individual', false, NULL, NULL, 'text', 'public', NULL, NULL, NULL, NULL, NULL, 0.00, '2025-08-19 02:44:36.075339+00'),
	('bbe5b941-8610-4a91-a16f-50523d6861c1', 'b474d5f5-cbf2-49af-8d03-2ca4aea11081', 'profile_created', NULL, NULL, '{"user_id": "b474d5f5-cbf2-49af-8d03-2ca4aea11081", "user_name": "Drew Dixon", "profile_id": "b474d5f5-cbf2-49af-8d03-2ca4aea11081"}', '2025-07-03 09:08:57.268783+00', NULL, NULL, NULL, NULL, NULL, NULL, NULL, '{}', 0, 0, 0, 0, '{}', 'individual', false, NULL, NULL, 'text', 'public', NULL, NULL, NULL, NULL, NULL, 0.00, '2025-08-19 02:44:36.075339+00'),
	('05ac3333-8e86-478a-bcc5-816b24cb23de', '2474659f-003e-4faa-8c53-9969c33f20b2', 'group_created', NULL, NULL, '{"group_id": "992d1918-3e5e-464c-99af-ad026a7bad17", "creator_id": "2474659f-003e-4faa-8c53-9969c33f20b2", "group_name": "Book Lovers Community", "creator_name": "Bob Brown", "member_count": 1}', '2025-07-08 13:00:49.481243+00', NULL, NULL, NULL, NULL, NULL, NULL, NULL, '{}', 0, 0, 0, 0, '{}', 'individual', false, NULL, NULL, 'text', 'public', NULL, NULL, NULL, NULL, NULL, 0.00, '2025-08-19 02:44:36.075339+00'),
	('59ef6fba-a294-46ce-a141-2d8c7b9ace1e', 'b474d5f5-cbf2-49af-8d03-2ca4aea11081', 'book_added', NULL, NULL, '{"book_title": "Super Simple Mission Kit Featuring Tales of the Not Forgotten: A Fully-resources Missions Curriculum (Kids Serving Kids)", "book_author": "Beth Guckenberger"}', '2025-08-05 14:35:07.657+00', NULL, NULL, NULL, NULL, NULL, 'book', '8366132b-50b4-452a-88b3-cd7368ecfd71', '{}', 0, 0, 0, 0, '{}', 'individual', false, NULL, NULL, 'text', 'public', NULL, NULL, NULL, NULL, NULL, 0.00, '2025-08-19 02:44:36.075339+00'),
	('d65a7957-6a9f-457e-893d-950b82ef5f9a', 'b474d5f5-cbf2-49af-8d03-2ca4aea11081', 'book_added', NULL, NULL, '{"book_title": "High Rollers", "book_author": "Envy Red"}', '2025-08-05 13:35:07.657+00', NULL, NULL, NULL, NULL, NULL, 'book', '235ce1e2-e5a5-4db9-9d2b-22093d960566', '{}', 0, 0, 0, 0, '{}', 'individual', false, NULL, NULL, 'text', 'public', NULL, NULL, NULL, NULL, NULL, 0.00, '2025-08-19 02:44:36.075339+00'),
	('ddf9a509-ea36-48cc-979e-fe876be0de00', 'b474d5f5-cbf2-49af-8d03-2ca4aea11081', 'book_added', NULL, NULL, '{"book_title": "Touch", "book_author": "Envy Red"}', '2025-08-05 12:35:07.657+00', NULL, NULL, NULL, NULL, NULL, 'book', '9a5909bb-e759-44ab-b8d0-7143482f66e8', '{}', 0, 0, 0, 0, '{}', 'individual', false, NULL, NULL, 'text', 'public', NULL, NULL, NULL, NULL, NULL, 0.00, '2025-08-19 02:44:36.075339+00'),
	('5ea86cc9-3b52-4079-8cbc-d767b8b0030f', 'b474d5f5-cbf2-49af-8d03-2ca4aea11081', 'author_created', NULL, NULL, '{"author_name": "Katherine Garbera", "books_count": 1}', '2025-08-05 11:35:07.657+00', NULL, NULL, NULL, NULL, NULL, 'author', '9953a3e0-4982-4ae5-8093-829c4320ef8d', '{}', 0, 0, 0, 0, '{}', 'individual', false, NULL, NULL, 'text', 'public', NULL, NULL, NULL, NULL, NULL, 0.00, '2025-08-19 02:44:36.075339+00'),
	('73c12d79-52e1-492b-a3f5-e8de011117a2', 'b474d5f5-cbf2-49af-8d03-2ca4aea11081', 'author_created', NULL, NULL, '{"author_name": "Beth Guckenberger", "books_count": 3}', '2025-08-05 10:35:07.657+00', NULL, NULL, NULL, NULL, NULL, 'author', '8e75e51f-701f-4f3a-83da-70f625876ca8', '{}', 0, 0, 0, 0, '{}', 'individual', false, NULL, NULL, 'text', 'public', NULL, NULL, NULL, NULL, NULL, 0.00, '2025-08-19 02:44:36.075339+00'),
	('ca89739d-c76d-4037-9a6f-25c5069fa10c', 'b474d5f5-cbf2-49af-8d03-2ca4aea11081', 'profile_created', NULL, NULL, '{"user_id": "e06cdf85-b449-4dcb-b943-068aaad8cfa3", "user_name": "Alice Anderson", "profile_id": "e06cdf85-b449-4dcb-b943-068aaad8cfa3"}', '2025-07-03 09:08:57.268783+00', NULL, NULL, NULL, NULL, NULL, NULL, NULL, '{}', 0, 0, 0, 0, '{}', 'individual', false, NULL, NULL, 'text', 'public', NULL, NULL, NULL, NULL, NULL, 0.00, '2025-08-19 02:44:36.075339+00'),
	('7d82bff6-db26-4b26-ba7e-8f472c6118b6', 'b474d5f5-cbf2-49af-8d03-2ca4aea11081', 'profile_created', NULL, NULL, '{"user_id": "2474659f-003e-4faa-8c53-9969c33f20b2", "user_name": "Bob Brown", "profile_id": "2474659f-003e-4faa-8c53-9969c33f20b2"}', '2025-07-03 09:08:57.268783+00', NULL, NULL, NULL, NULL, NULL, NULL, NULL, '{}', 0, 0, 0, 0, '{}', 'individual', false, NULL, NULL, 'text', 'public', NULL, NULL, NULL, NULL, NULL, 0.00, '2025-08-19 02:44:36.075339+00'),
	('b5a81471-5d74-41a0-ba8c-36c5513f2e9f', 'b474d5f5-cbf2-49af-8d03-2ca4aea11081', 'profile_created', NULL, NULL, '{"user_id": "45f98998-ba1d-4439-b2ee-1d403fee0e7c", "user_name": "Charlie Clark", "profile_id": "45f98998-ba1d-4439-b2ee-1d403fee0e7c"}', '2025-07-03 09:08:57.268783+00', NULL, NULL, NULL, NULL, NULL, NULL, NULL, '{}', 0, 0, 0, 0, '{}', 'individual', false, NULL, NULL, 'text', 'public', NULL, NULL, NULL, NULL, NULL, 0.00, '2025-08-19 02:44:36.075339+00'),
	('2b181597-4de4-4531-93a0-049c7a29d0c6', 'b474d5f5-cbf2-49af-8d03-2ca4aea11081', 'profile_created', NULL, NULL, '{"user_id": "c5b68ab4-e8bc-4291-a646-7f8ab4b99528", "user_name": "Diana Davis", "profile_id": "c5b68ab4-e8bc-4291-a646-7f8ab4b99528"}', '2025-07-03 09:08:57.268783+00', NULL, NULL, NULL, NULL, NULL, NULL, NULL, '{}', 0, 0, 0, 0, '{}', 'individual', false, NULL, NULL, 'text', 'public', NULL, NULL, NULL, NULL, NULL, 0.00, '2025-08-19 02:44:36.075339+00'),
	('b24a8b16-64a9-498a-8026-e63140411f35', 'b474d5f5-cbf2-49af-8d03-2ca4aea11081', 'profile_created', NULL, NULL, '{"user_id": "355dd8d6-7ef5-46cf-9bad-67fd863cbc88", "user_name": "Eve Evans", "profile_id": "355dd8d6-7ef5-46cf-9bad-67fd863cbc88"}', '2025-07-03 09:08:57.268783+00', NULL, NULL, NULL, NULL, NULL, NULL, NULL, '{}', 0, 0, 0, 0, '{}', 'individual', false, NULL, NULL, 'text', 'public', NULL, NULL, NULL, NULL, NULL, 0.00, '2025-08-19 02:44:36.075339+00'),
	('4bfbb79e-bef4-40c8-9052-5c0313584a7e', 'b474d5f5-cbf2-49af-8d03-2ca4aea11081', 'profile_created', NULL, NULL, '{"user_id": "62be2226-e3d4-4b10-951d-13c3972145b1", "user_name": "Frank Fisher", "profile_id": "62be2226-e3d4-4b10-951d-13c3972145b1"}', '2025-07-03 09:08:57.268783+00', NULL, NULL, NULL, NULL, NULL, NULL, NULL, '{}', 0, 0, 0, 0, '{}', 'individual', false, NULL, NULL, 'text', 'public', NULL, NULL, NULL, NULL, NULL, 0.00, '2025-08-19 02:44:36.075339+00'),
	('9b6caedf-dda1-48e3-b7ba-5ba0e17f0951', 'b474d5f5-cbf2-49af-8d03-2ca4aea11081', 'profile_created', NULL, NULL, '{"user_id": "8dd18808-4777-4877-bde1-b54b1d3ffa81", "user_name": "Grace Garcia", "profile_id": "8dd18808-4777-4877-bde1-b54b1d3ffa81"}', '2025-07-03 09:08:57.268783+00', NULL, NULL, NULL, NULL, NULL, NULL, NULL, '{}', 0, 0, 0, 0, '{}', 'individual', false, NULL, NULL, 'text', 'public', NULL, NULL, NULL, NULL, NULL, 0.00, '2025-08-19 02:44:36.075339+00'),
	('512ec107-59c3-4b94-af22-745dd1f3b522', 'b474d5f5-cbf2-49af-8d03-2ca4aea11081', 'profile_created', NULL, NULL, '{"user_id": "0d1f32d3-18b4-4aa8-b858-141b139aacd8", "user_name": "Henry Harris", "profile_id": "0d1f32d3-18b4-4aa8-b858-141b139aacd8"}', '2025-07-03 09:08:57.268783+00', NULL, NULL, NULL, NULL, NULL, NULL, NULL, '{}', 0, 0, 0, 0, '{}', 'individual', false, NULL, NULL, 'text', 'public', NULL, NULL, NULL, NULL, NULL, 0.00, '2025-08-19 02:44:36.075339+00'),
	('19ed31a3-82b1-4476-8258-ff31f251a2eb', 'b474d5f5-cbf2-49af-8d03-2ca4aea11081', 'profile_created', NULL, NULL, '{"user_id": "e8f2a30e-de7f-40a4-9772-06fca7419908", "user_name": "Ivy Ivanov", "profile_id": "e8f2a30e-de7f-40a4-9772-06fca7419908"}', '2025-07-03 09:08:57.268783+00', NULL, NULL, NULL, NULL, NULL, NULL, NULL, '{}', 0, 0, 0, 0, '{}', 'individual', false, NULL, NULL, 'text', 'public', NULL, NULL, NULL, NULL, NULL, 0.00, '2025-08-19 02:44:36.075339+00'),
	('18c8c763-d750-4224-8443-7dc496f39f15', 'b474d5f5-cbf2-49af-8d03-2ca4aea11081', 'profile_created', NULL, NULL, '{"user_id": "b3bd5d6b-e22a-4d61-a4a7-eee77a7063ce", "user_name": "Jack Johnson", "profile_id": "b3bd5d6b-e22a-4d61-a4a7-eee77a7063ce"}', '2025-07-03 09:08:57.268783+00', NULL, NULL, NULL, NULL, NULL, NULL, NULL, '{}', 0, 0, 0, 0, '{}', 'individual', false, NULL, NULL, 'text', 'public', NULL, NULL, NULL, NULL, NULL, 0.00, '2025-08-19 02:44:36.075339+00'),
	('673f10a1-ca04-4ae5-99fc-83a9937c2278', 'b474d5f5-cbf2-49af-8d03-2ca4aea11081', 'profile_created', NULL, NULL, '{"user_id": "04d0c415-9de4-43dc-99fd-bcc8f980cefc", "user_name": "Kate King", "profile_id": "04d0c415-9de4-43dc-99fd-bcc8f980cefc"}', '2025-07-03 09:08:57.268783+00', NULL, NULL, NULL, NULL, NULL, NULL, NULL, '{}', 0, 0, 0, 0, '{}', 'individual', false, NULL, NULL, 'text', 'public', NULL, NULL, NULL, NULL, NULL, 0.00, '2025-08-19 02:44:36.075339+00'),
	('2cf7e366-bebd-4590-977f-62660876c49c', 'b474d5f5-cbf2-49af-8d03-2ca4aea11081', 'profile_created', NULL, NULL, '{"user_id": "da99da90-51c9-46b6-9b1a-5b28603a2aa7", "user_name": "Liam Lee", "profile_id": "da99da90-51c9-46b6-9b1a-5b28603a2aa7"}', '2025-07-03 09:08:57.268783+00', NULL, NULL, NULL, NULL, NULL, NULL, NULL, '{}', 0, 0, 0, 0, '{}', 'individual', false, NULL, NULL, 'text', 'public', NULL, NULL, NULL, NULL, NULL, 0.00, '2025-08-19 02:44:36.075339+00'),
	('d3cbd7ba-606c-46fd-a53a-ffe8c76e37af', 'b474d5f5-cbf2-49af-8d03-2ca4aea11081', 'profile_created', NULL, NULL, '{"user_id": "fdcbe6e9-108d-4939-b10f-77b422731a18", "user_name": "Maya Miller", "profile_id": "fdcbe6e9-108d-4939-b10f-77b422731a18"}', '2025-07-03 09:08:57.268783+00', NULL, NULL, NULL, NULL, NULL, NULL, NULL, '{}', 0, 0, 0, 0, '{}', 'individual', false, NULL, NULL, 'text', 'public', NULL, NULL, NULL, NULL, NULL, 0.00, '2025-08-19 02:44:36.075339+00'),
	('bcad6009-9ce2-43b1-87d6-03998bbaaf61', 'b474d5f5-cbf2-49af-8d03-2ca4aea11081', 'profile_created', NULL, NULL, '{"user_id": "deca955d-e8c5-4c28-b190-f3ab7b382748", "user_name": "Noah Nelson", "profile_id": "deca955d-e8c5-4c28-b190-f3ab7b382748"}', '2025-07-03 09:08:57.268783+00', NULL, NULL, NULL, NULL, NULL, NULL, NULL, '{}', 0, 0, 0, 0, '{}', 'individual', false, NULL, NULL, 'text', 'public', NULL, NULL, NULL, NULL, NULL, 0.00, '2025-08-19 02:44:36.075339+00'),
	('500d1621-089d-48c6-b33f-f58ab72b9dd6', 'b474d5f5-cbf2-49af-8d03-2ca4aea11081', 'profile_created', NULL, NULL, '{"user_id": "97f1407e-dcab-4143-a59e-873634654503", "user_name": "Olivia O''Connor", "profile_id": "97f1407e-dcab-4143-a59e-873634654503"}', '2025-07-03 09:08:57.268783+00', NULL, NULL, NULL, NULL, NULL, NULL, NULL, '{}', 0, 0, 0, 0, '{}', 'individual', false, NULL, NULL, 'text', 'public', NULL, NULL, NULL, NULL, NULL, 0.00, '2025-08-19 02:44:36.075339+00'),
	('a189e0bd-3687-48f5-bff8-172d6e8331e5', 'b474d5f5-cbf2-49af-8d03-2ca4aea11081', 'profile_created', NULL, NULL, '{"user_id": "05b4dc59-ae8e-47a1-8409-936b159c2c22", "user_name": "Paul Parker", "profile_id": "05b4dc59-ae8e-47a1-8409-936b159c2c22"}', '2025-07-03 09:08:57.268783+00', NULL, NULL, NULL, NULL, NULL, NULL, NULL, '{}', 0, 0, 0, 0, '{}', 'individual', false, NULL, NULL, 'text', 'public', NULL, NULL, NULL, NULL, NULL, 0.00, '2025-08-19 02:44:36.075339+00'),
	('ed67ff01-e529-4aca-ad4e-938eef6ca7b9', 'b474d5f5-cbf2-49af-8d03-2ca4aea11081', 'profile_created', NULL, NULL, '{"user_id": "6bea7109-b400-4124-839e-3fe6466f3ae8", "user_name": "Quinn Quinn", "profile_id": "6bea7109-b400-4124-839e-3fe6466f3ae8"}', '2025-07-03 09:08:57.268783+00', NULL, NULL, NULL, NULL, NULL, NULL, NULL, '{}', 0, 0, 0, 0, '{}', 'individual', false, NULL, NULL, 'text', 'public', NULL, NULL, NULL, NULL, NULL, 0.00, '2025-08-19 02:44:36.075339+00'),
	('55b26004-9dbe-4b8f-8386-b8164176a705', 'b474d5f5-cbf2-49af-8d03-2ca4aea11081', 'profile_created', NULL, NULL, '{"user_id": "5969c24a-1dd6-47ec-9e19-e22a0d5ebf40", "user_name": "Ruby Roberts", "profile_id": "5969c24a-1dd6-47ec-9e19-e22a0d5ebf40"}', '2025-07-03 09:08:57.268783+00', NULL, NULL, NULL, NULL, NULL, NULL, NULL, '{}', 0, 0, 0, 0, '{}', 'individual', false, NULL, NULL, 'text', 'public', NULL, NULL, NULL, NULL, NULL, 0.00, '2025-08-19 02:44:36.075339+00'),
	('b71494b5-6c78-4c7f-92a3-49fa3645d688', 'b474d5f5-cbf2-49af-8d03-2ca4aea11081', 'profile_created', NULL, NULL, '{"user_id": "4ca9b634-8557-427f-9b7f-1d8679b7f332", "user_name": "Sam Smith", "profile_id": "4ca9b634-8557-427f-9b7f-1d8679b7f332"}', '2025-07-03 09:08:57.268783+00', NULL, NULL, NULL, NULL, NULL, NULL, NULL, '{}', 0, 0, 0, 0, '{}', 'individual', false, NULL, NULL, 'text', 'public', NULL, NULL, NULL, NULL, NULL, 0.00, '2025-08-19 02:44:36.075339+00'),
	('691e4812-2ffa-4815-b46b-4cba0a533e37', 'b474d5f5-cbf2-49af-8d03-2ca4aea11081', 'profile_created', NULL, NULL, '{"user_id": "2f4e5e3b-9aa3-45cf-9edf-86815d76f735", "user_name": "Tara Taylor", "profile_id": "2f4e5e3b-9aa3-45cf-9edf-86815d76f735"}', '2025-07-03 09:08:57.268783+00', NULL, NULL, NULL, NULL, NULL, NULL, NULL, '{}', 0, 0, 0, 0, '{}', 'individual', false, NULL, NULL, 'text', 'public', NULL, NULL, NULL, NULL, NULL, 0.00, '2025-08-19 02:44:36.075339+00'),
	('ebba2c48-aa08-4cfe-9799-5c2eeeaab62b', 'b474d5f5-cbf2-49af-8d03-2ca4aea11081', 'profile_created', NULL, NULL, '{"user_id": "78b8de0c-9469-4b38-96bb-c97bbf3d8607", "user_name": "Uma Upton", "profile_id": "78b8de0c-9469-4b38-96bb-c97bbf3d8607"}', '2025-07-03 09:08:57.268783+00', NULL, NULL, NULL, NULL, NULL, NULL, NULL, '{}', 0, 0, 0, 0, '{}', 'individual', false, NULL, NULL, 'text', 'public', NULL, NULL, NULL, NULL, NULL, 0.00, '2025-08-19 02:44:36.075339+00'),
	('16804f0e-a27a-49a2-8852-bc96a494c8ac', 'b474d5f5-cbf2-49af-8d03-2ca4aea11081', 'profile_created', NULL, NULL, '{"user_id": "e81a2715-e3dd-4133-ad2a-e400a74e24ad", "user_name": "Victor Vargas", "profile_id": "e81a2715-e3dd-4133-ad2a-e400a74e24ad"}', '2025-07-03 09:08:57.268783+00', NULL, NULL, NULL, NULL, NULL, NULL, NULL, '{}', 0, 0, 0, 0, '{}', 'individual', false, NULL, NULL, 'text', 'public', NULL, NULL, NULL, NULL, NULL, 0.00, '2025-08-19 02:44:36.075339+00'),
	('48a77a52-5828-455c-904c-fca242a84f91', 'b474d5f5-cbf2-49af-8d03-2ca4aea11081', 'profile_created', NULL, NULL, '{"user_id": "c954586e-f506-48b3-ba5d-c6b0d3d561c8", "user_name": "Wendy Wilson", "profile_id": "c954586e-f506-48b3-ba5d-c6b0d3d561c8"}', '2025-07-03 09:08:57.268783+00', NULL, NULL, NULL, NULL, NULL, NULL, NULL, '{}', 0, 0, 0, 0, '{}', 'individual', false, NULL, NULL, 'text', 'public', NULL, NULL, NULL, NULL, NULL, 0.00, '2025-08-19 02:44:36.075339+00'),
	('a803a87a-a692-482e-bef6-82c25a3cba9d', 'b474d5f5-cbf2-49af-8d03-2ca4aea11081', 'profile_created', NULL, NULL, '{"user_id": "fcc9099b-5297-418b-b164-adf93af0e0fa", "user_name": "Xander Xavier", "profile_id": "fcc9099b-5297-418b-b164-adf93af0e0fa"}', '2025-07-03 09:08:57.268783+00', NULL, NULL, NULL, NULL, NULL, NULL, NULL, '{}', 0, 0, 0, 0, '{}', 'individual', false, NULL, NULL, 'text', 'public', NULL, NULL, NULL, NULL, NULL, 0.00, '2025-08-19 02:44:36.075339+00'),
	('93241e05-ea18-47f6-b724-22c467df0208', 'b474d5f5-cbf2-49af-8d03-2ca4aea11081', 'profile_created', NULL, NULL, '{"user_id": "a213628a-3e5a-4471-8b72-001ae4683c31", "user_name": "Zoe Zimmerman", "profile_id": "a213628a-3e5a-4471-8b72-001ae4683c31"}', '2025-07-03 09:08:57.268783+00', NULL, NULL, NULL, NULL, NULL, NULL, NULL, '{}', 0, 0, 0, 0, '{}', 'individual', false, NULL, NULL, 'text', 'public', NULL, NULL, NULL, NULL, NULL, 0.00, '2025-08-19 02:44:36.075339+00'),
	('e381eade-fcac-4f6a-8c96-1eaa801b8b61', 'b474d5f5-cbf2-49af-8d03-2ca4aea11081', 'profile_created', NULL, NULL, '{"user_id": "dedfeba8-312b-4c56-91a9-9bf0ffe7d0c6", "user_name": "Blake Baker", "profile_id": "dedfeba8-312b-4c56-91a9-9bf0ffe7d0c6"}', '2025-07-03 09:08:57.268783+00', NULL, NULL, NULL, NULL, NULL, NULL, NULL, '{}', 0, 0, 0, 0, '{}', 'individual', false, NULL, NULL, 'text', 'public', NULL, NULL, NULL, NULL, NULL, 0.00, '2025-08-19 02:44:36.075339+00'),
	('43a0ca92-b525-4814-b695-5e5e1aee422a', 'b474d5f5-cbf2-49af-8d03-2ca4aea11081', 'profile_created', NULL, NULL, '{"user_id": "b474d5f5-cbf2-49af-8d03-2ca4aea11081", "user_name": "Drew Dixon", "profile_id": "b474d5f5-cbf2-49af-8d03-2ca4aea11081"}', '2025-07-03 09:08:57.268783+00', NULL, NULL, NULL, NULL, NULL, NULL, NULL, '{}', 0, 0, 0, 0, '{}', 'individual', false, NULL, NULL, 'text', 'public', NULL, NULL, NULL, NULL, NULL, 0.00, '2025-08-19 02:44:36.075339+00'),
	('c69bacd2-0c43-4570-9ae4-59fd6c4201f5', 'b474d5f5-cbf2-49af-8d03-2ca4aea11081', 'profile_created', NULL, NULL, '{"user_id": "eb6c0fb9-6baf-4a90-870d-06d87849efa5", "user_name": "Yara Young", "profile_id": "eb6c0fb9-6baf-4a90-870d-06d87849efa5"}', '2025-07-03 09:08:57.268783+00', NULL, NULL, NULL, NULL, NULL, NULL, NULL, '{}', 0, 0, 0, 0, '{}', 'individual', false, NULL, NULL, 'text', 'public', NULL, NULL, NULL, NULL, NULL, 0.00, '2025-08-19 02:44:36.075339+00'),
	('11e1b3f3-cc99-426f-829b-a934062dbcd4', 'b474d5f5-cbf2-49af-8d03-2ca4aea11081', 'profile_created', NULL, NULL, '{"user_id": "719afc5a-0063-4fa4-9d8d-f91e8bfacb47", "user_name": "Alex Adams", "profile_id": "719afc5a-0063-4fa4-9d8d-f91e8bfacb47"}', '2025-07-03 09:08:57.268783+00', NULL, NULL, NULL, NULL, NULL, NULL, NULL, '{}', 0, 0, 0, 0, '{}', 'individual', false, NULL, NULL, 'text', 'public', NULL, NULL, NULL, NULL, NULL, 0.00, '2025-08-19 02:44:36.075339+00'),
	('3903b7a1-c281-4b2a-a8f2-6e8a74cf4d47', 'b474d5f5-cbf2-49af-8d03-2ca4aea11081', 'profile_created', NULL, NULL, '{"user_id": "b529a24a-4840-4771-919c-baf2142f91a2", "user_name": "Casey Cooper", "profile_id": "b529a24a-4840-4771-919c-baf2142f91a2"}', '2025-07-03 09:08:57.268783+00', NULL, NULL, NULL, NULL, NULL, NULL, NULL, '{}', 0, 0, 0, 0, '{}', 'individual', false, NULL, NULL, 'text', 'public', NULL, NULL, NULL, NULL, NULL, 0.00, '2025-08-19 02:44:36.075339+00'),
	('5f6d7566-2787-49f9-9bb4-c1a19860ba8f', 'b474d5f5-cbf2-49af-8d03-2ca4aea11081', 'profile_updated', NULL, NULL, '{"action": "Profile updated with new bio and reading preferences", "user_name": "Drew Dixon"}', '2025-08-04 22:36:44.855+00', NULL, NULL, NULL, NULL, NULL, 'user', 'b474d5f5-cbf2-49af-8d03-2ca4aea11081', '{}', 0, 0, 0, 0, '{}', 'individual', false, NULL, NULL, 'text', 'public', NULL, NULL, NULL, NULL, NULL, 0.00, '2025-08-19 02:44:36.075339+00'),
	('ebbd1b40-75f2-40d7-9d0d-29810eaec993', 'b474d5f5-cbf2-49af-8d03-2ca4aea11081', 'book_added', NULL, NULL, '{"action": "Added to reading list", "book_title": "Super Simple Mission Kit Featuring Tales of the Not Forgotten: A Fully-resources Missions Curriculum (Kids Serving Kids)", "book_author": "Beth Guckenberger", "reading_status": "want_to_read"}', '2025-08-05 14:35:09.611+00', NULL, NULL, NULL, NULL, NULL, 'book', '8366132b-50b4-452a-88b3-cd7368ecfd71', '{}', 0, 0, 0, 0, '{}', 'individual', false, NULL, NULL, 'text', 'public', NULL, NULL, NULL, NULL, NULL, 0.00, '2025-08-19 02:44:36.075339+00'),
	('652857da-02e4-473e-a586-0895104673a4', 'b474d5f5-cbf2-49af-8d03-2ca4aea11081', 'book_added', NULL, NULL, '{"action": "Added to reading list", "book_title": "High Rollers", "book_author": "Envy Red", "reading_status": "currently_reading"}', '2025-08-05 12:35:09.611+00', NULL, NULL, NULL, NULL, NULL, 'book', '235ce1e2-e5a5-4db9-9d2b-22093d960566', '{}', 0, 0, 0, 0, '{}', 'individual', false, NULL, NULL, 'text', 'public', NULL, NULL, NULL, NULL, NULL, 0.00, '2025-08-19 02:44:36.075339+00'),
	('132668ad-c723-467b-bb04-c7580d6367de', 'b474d5f5-cbf2-49af-8d03-2ca4aea11081', 'book_added', NULL, NULL, '{"action": "Added to reading list", "book_title": "Touch", "book_author": "Envy Red", "reading_status": "currently_reading"}', '2025-08-05 10:35:09.611+00', NULL, NULL, NULL, NULL, NULL, 'book', '9a5909bb-e759-44ab-b8d0-7143482f66e8', '{}', 0, 0, 0, 0, '{}', 'individual', false, NULL, NULL, 'text', 'public', NULL, NULL, NULL, NULL, NULL, 0.00, '2025-08-19 02:44:36.075339+00'),
	('0621e38c-953d-4f14-b209-ec68405527e6', 'b474d5f5-cbf2-49af-8d03-2ca4aea11081', 'author_followed', NULL, NULL, '{"action": "Started following author", "author_name": "Katherine Garbera"}', '2025-08-05 04:35:09.611+00', NULL, NULL, NULL, NULL, NULL, 'author', '9953a3e0-4982-4ae5-8093-829c4320ef8d', '{}', 0, 0, 0, 0, '{}', 'individual', false, NULL, NULL, 'text', 'public', NULL, NULL, NULL, NULL, NULL, 0.00, '2025-08-19 02:44:36.075339+00'),
	('bf327e1b-e6cf-490f-8b80-f9b94477ce9d', 'b474d5f5-cbf2-49af-8d03-2ca4aea11081', 'author_followed', NULL, NULL, '{"action": "Started following author", "author_name": "Beth Guckenberger"}', '2025-08-05 00:35:09.611+00', NULL, NULL, NULL, NULL, NULL, 'author', '8e75e51f-701f-4f3a-83da-70f625876ca8', '{}', 0, 0, 0, 0, '{}', 'individual', false, NULL, NULL, 'text', 'public', NULL, NULL, NULL, NULL, NULL, 0.00, '2025-08-19 02:44:36.075339+00'),
	('049ffe8f-ab07-42c2-80a3-2457a7d3fb95', 'b474d5f5-cbf2-49af-8d03-2ca4aea11081', 'group_joined', NULL, NULL, '{"action": "Joined reading group", "group_name": "Book Lovers Community"}', '2025-08-04 20:35:09.611+00', NULL, NULL, NULL, NULL, NULL, 'group', '992d1918-3e5e-464c-99af-ad026a7bad17', '{}', 0, 0, 0, 0, '{}', 'individual', false, NULL, NULL, 'text', 'public', NULL, NULL, NULL, NULL, NULL, 0.00, '2025-08-19 02:44:36.075339+00'),
	('34418109-f9fc-4d8f-b51e-5727b52eadf6', 'e06cdf85-b449-4dcb-b943-068aaad8cfa3', 'profile_updated', NULL, NULL, '{"action": "Profile updated with new bio and reading preferences", "user_name": "Alice Anderson"}', '2025-08-05 12:31:34.802+00', NULL, NULL, NULL, NULL, NULL, 'user', 'e06cdf85-b449-4dcb-b943-068aaad8cfa3', '{}', 0, 0, 0, 0, '{}', 'individual', false, NULL, NULL, 'text', 'public', NULL, NULL, NULL, NULL, NULL, 0.00, '2025-08-19 02:44:36.075339+00'),
	('cf69989d-60c1-47c2-8aaf-5d965395bc86', 'e06cdf85-b449-4dcb-b943-068aaad8cfa3', 'book_added', NULL, NULL, '{"action": "Added to reading list", "book_title": "Super Simple Mission Kit Featuring Tales of the Not Forgotten: A Fully-resources Missions Curriculum (Kids Serving Kids)", "book_author": "Beth Guckenberger", "reading_status": "want_to_read"}', '2025-08-05 14:35:09.612+00', NULL, NULL, NULL, NULL, NULL, 'book', '8366132b-50b4-452a-88b3-cd7368ecfd71', '{}', 0, 0, 0, 0, '{}', 'individual', false, NULL, NULL, 'text', 'public', NULL, NULL, NULL, NULL, NULL, 0.00, '2025-08-19 02:44:36.075339+00'),
	('59ad8dc6-984f-4ff8-8a4f-eb6db7ddab55', 'e06cdf85-b449-4dcb-b943-068aaad8cfa3', 'book_reviewed', NULL, NULL, '{"action": "Rated 4 stars", "rating": 4, "book_title": "Super Simple Mission Kit Featuring Tales of the Not Forgotten: A Fully-resources Missions Curriculum (Kids Serving Kids)", "book_author": "Beth Guckenberger", "review_text": "Solid read with some truly memorable moments."}', '2025-08-05 10:35:09.612+00', NULL, NULL, NULL, NULL, NULL, 'book', '8366132b-50b4-452a-88b3-cd7368ecfd71', '{}', 0, 0, 0, 0, '{}', 'individual', false, NULL, NULL, 'text', 'public', NULL, NULL, NULL, NULL, NULL, 0.00, '2025-08-19 02:44:36.075339+00'),
	('05b70f0b-f211-4d99-9e08-bdd7f3023fd4', 'e06cdf85-b449-4dcb-b943-068aaad8cfa3', 'book_added', NULL, NULL, '{"action": "Added to reading list", "book_title": "High Rollers", "book_author": "Envy Red", "reading_status": "want_to_read"}', '2025-08-05 12:35:09.612+00', NULL, NULL, NULL, NULL, NULL, 'book', '235ce1e2-e5a5-4db9-9d2b-22093d960566', '{}', 0, 0, 0, 0, '{}', 'individual', false, NULL, NULL, 'text', 'public', NULL, NULL, NULL, NULL, NULL, 0.00, '2025-08-19 02:44:36.075339+00'),
	('56d104b3-d978-4efd-979a-2b688c5fcdb2', 'e06cdf85-b449-4dcb-b943-068aaad8cfa3', 'book_added', NULL, NULL, '{"action": "Added to reading list", "book_title": "Touch", "book_author": "Envy Red", "reading_status": "want_to_read"}', '2025-08-05 10:35:09.612+00', NULL, NULL, NULL, NULL, NULL, 'book', '9a5909bb-e759-44ab-b8d0-7143482f66e8', '{}', 0, 0, 0, 0, '{}', 'individual', false, NULL, NULL, 'text', 'public', NULL, NULL, NULL, NULL, NULL, 0.00, '2025-08-19 02:44:36.075339+00'),
	('a612977b-8a71-4ba0-af97-7d58e3f98f0f', 'e06cdf85-b449-4dcb-b943-068aaad8cfa3', 'book_added', NULL, NULL, '{"action": "Added to reading list", "book_title": "Jaded", "book_author": "Envy Red", "reading_status": "want_to_read"}', '2025-08-05 08:35:09.612+00', NULL, NULL, NULL, NULL, NULL, 'book', '492d0538-5ab2-43bc-bc7b-e538da900639', '{}', 0, 0, 0, 0, '{}', 'individual', false, NULL, NULL, 'text', 'public', NULL, NULL, NULL, NULL, NULL, 0.00, '2025-08-19 02:44:36.075339+00'),
	('b72a5af8-a7fd-4f61-be30-1c5f06ce2a61', 'e06cdf85-b449-4dcb-b943-068aaad8cfa3', 'book_reviewed', NULL, NULL, '{"action": "Rated 4 stars", "rating": 4, "book_title": "Jaded", "book_author": "Envy Red", "review_text": "Definitely recommend to fellow readers."}', '2025-08-05 01:35:09.612+00', NULL, NULL, NULL, NULL, NULL, 'book', '492d0538-5ab2-43bc-bc7b-e538da900639', '{}', 0, 0, 0, 0, '{}', 'individual', false, NULL, NULL, 'text', 'public', NULL, NULL, NULL, NULL, NULL, 0.00, '2025-08-19 02:44:36.075339+00'),
	('4dc36d1a-2759-4b11-924b-024adb6bf32e', 'e06cdf85-b449-4dcb-b943-068aaad8cfa3', 'author_followed', NULL, NULL, '{"action": "Started following author", "author_name": "Katherine Garbera"}', '2025-08-05 04:35:09.612+00', NULL, NULL, NULL, NULL, NULL, 'author', '9953a3e0-4982-4ae5-8093-829c4320ef8d', '{}', 0, 0, 0, 0, '{}', 'individual', false, NULL, NULL, 'text', 'public', NULL, NULL, NULL, NULL, NULL, 0.00, '2025-08-19 02:44:36.075339+00'),
	('4b9ca720-0c01-4c15-baf3-f1885df718cf', 'e06cdf85-b449-4dcb-b943-068aaad8cfa3', 'author_followed', NULL, NULL, '{"action": "Started following author", "author_name": "Beth Guckenberger"}', '2025-08-05 00:35:09.612+00', NULL, NULL, NULL, NULL, NULL, 'author', '8e75e51f-701f-4f3a-83da-70f625876ca8', '{}', 0, 0, 0, 0, '{}', 'individual', false, NULL, NULL, 'text', 'public', NULL, NULL, NULL, NULL, NULL, 0.00, '2025-08-19 02:44:36.075339+00'),
	('658b2959-71d1-41b1-9664-cfcbe6dc1ff0', 'e06cdf85-b449-4dcb-b943-068aaad8cfa3', 'author_followed', NULL, NULL, '{"action": "Started following author", "author_name": "Envy Red"}', '2025-08-04 20:35:09.612+00', NULL, NULL, NULL, NULL, NULL, 'author', 'e31e061d-a4a8-4cc8-af18-754786ad5ee3', '{}', 0, 0, 0, 0, '{}', 'individual', false, NULL, NULL, 'text', 'public', NULL, NULL, NULL, NULL, NULL, 0.00, '2025-08-19 02:44:36.075339+00'),
	('80166c8b-99a3-41ed-a084-b973554c7396', 'e06cdf85-b449-4dcb-b943-068aaad8cfa3', 'group_joined', NULL, NULL, '{"action": "Joined reading group", "group_name": "Book Lovers Community"}', '2025-08-04 20:35:09.612+00', NULL, NULL, NULL, NULL, NULL, 'group', '992d1918-3e5e-464c-99af-ad026a7bad17', '{}', 0, 0, 0, 0, '{}', 'individual', false, NULL, NULL, 'text', 'public', NULL, NULL, NULL, NULL, NULL, 0.00, '2025-08-19 02:44:36.075339+00'),
	('95c33b3a-abb6-4dbc-b6e3-18457524eed2', 'e06cdf85-b449-4dcb-b943-068aaad8cfa3', 'reading_progress', NULL, NULL, '{"action": "Updated reading progress", "book_title": "High Rollers", "book_author": "Envy Red", "progress_percentage": 40}', '2025-08-05 14:35:09.612+00', NULL, NULL, NULL, NULL, NULL, 'book', '235ce1e2-e5a5-4db9-9d2b-22093d960566', '{}', 0, 0, 0, 0, '{}', 'individual', false, NULL, NULL, 'text', 'public', NULL, NULL, NULL, NULL, NULL, 0.00, '2025-08-19 02:44:36.075339+00'),
	('910403fc-b354-4074-96af-081c3e981064', '2474659f-003e-4faa-8c53-9969c33f20b2', 'profile_updated', NULL, NULL, '{"action": "Profile updated with new bio and reading preferences", "user_name": "Bob Brown"}', '2025-08-05 12:32:46.834+00', NULL, NULL, NULL, NULL, NULL, 'user', '2474659f-003e-4faa-8c53-9969c33f20b2', '{}', 0, 0, 0, 0, '{}', 'individual', false, NULL, NULL, 'text', 'public', NULL, NULL, NULL, NULL, NULL, 0.00, '2025-08-19 02:44:36.075339+00'),
	('585af75b-f85d-47ef-8ce0-23996afc2875', '2474659f-003e-4faa-8c53-9969c33f20b2', 'book_added', NULL, NULL, '{"action": "Added to reading list", "book_title": "Super Simple Mission Kit Featuring Tales of the Not Forgotten: A Fully-resources Missions Curriculum (Kids Serving Kids)", "book_author": "Beth Guckenberger", "reading_status": "currently_reading"}', '2025-08-05 14:35:09.612+00', NULL, NULL, NULL, NULL, NULL, 'book', '8366132b-50b4-452a-88b3-cd7368ecfd71', '{}', 0, 0, 0, 0, '{}', 'individual', false, NULL, NULL, 'text', 'public', NULL, NULL, NULL, NULL, NULL, 0.00, '2025-08-19 02:44:36.075339+00'),
	('28217113-e1dc-47f8-9167-15e400088a71', '2474659f-003e-4faa-8c53-9969c33f20b2', 'book_added', NULL, NULL, '{"action": "Added to reading list", "book_title": "High Rollers", "book_author": "Envy Red", "reading_status": "want_to_read"}', '2025-08-05 12:35:09.612+00', NULL, NULL, NULL, NULL, NULL, 'book', '235ce1e2-e5a5-4db9-9d2b-22093d960566', '{}', 0, 0, 0, 0, '{}', 'individual', false, NULL, NULL, 'text', 'public', NULL, NULL, NULL, NULL, NULL, 0.00, '2025-08-19 02:44:36.075339+00'),
	('22605d6e-89d0-4220-822e-2bb7624d4531', '2474659f-003e-4faa-8c53-9969c33f20b2', 'book_added', NULL, NULL, '{"action": "Added to reading list", "book_title": "Touch", "book_author": "Envy Red", "reading_status": "want_to_read"}', '2025-08-05 10:35:09.612+00', NULL, NULL, NULL, NULL, NULL, 'book', '9a5909bb-e759-44ab-b8d0-7143482f66e8', '{}', 0, 0, 0, 0, '{}', 'individual', false, NULL, NULL, 'text', 'public', NULL, NULL, NULL, NULL, NULL, 0.00, '2025-08-19 02:44:36.075339+00'),
	('ff6c8dec-c656-45b1-8fc3-ce74124d03b8', '2474659f-003e-4faa-8c53-9969c33f20b2', 'book_reviewed', NULL, NULL, '{"action": "Rated 4 stars", "rating": 4, "book_title": "Touch", "book_author": "Envy Red", "review_text": "Really enjoyed this one. Great character development."}', '2025-08-05 04:35:09.612+00', NULL, NULL, NULL, NULL, NULL, 'book', '9a5909bb-e759-44ab-b8d0-7143482f66e8', '{}', 0, 0, 0, 0, '{}', 'individual', false, NULL, NULL, 'text', 'public', NULL, NULL, NULL, NULL, NULL, 0.00, '2025-08-19 02:44:36.075339+00'),
	('3b696290-f438-4925-9176-c1e4be464abc', '2474659f-003e-4faa-8c53-9969c33f20b2', 'author_followed', NULL, NULL, '{"action": "Started following author", "author_name": "Katherine Garbera"}', '2025-08-05 04:35:09.612+00', NULL, NULL, NULL, NULL, NULL, 'author', '9953a3e0-4982-4ae5-8093-829c4320ef8d', '{}', 0, 0, 0, 0, '{}', 'individual', false, NULL, NULL, 'text', 'public', NULL, NULL, NULL, NULL, NULL, 0.00, '2025-08-19 02:44:36.075339+00'),
	('c7c04b3e-ed0e-4ee4-b670-06ccc3a3d35b', '2474659f-003e-4faa-8c53-9969c33f20b2', 'author_followed', NULL, NULL, '{"action": "Started following author", "author_name": "Beth Guckenberger"}', '2025-08-05 00:35:09.612+00', NULL, NULL, NULL, NULL, NULL, 'author', '8e75e51f-701f-4f3a-83da-70f625876ca8', '{}', 0, 0, 0, 0, '{}', 'individual', false, NULL, NULL, 'text', 'public', NULL, NULL, NULL, NULL, NULL, 0.00, '2025-08-19 02:44:36.075339+00'),
	('9ab2442e-d9c6-4d85-aa1c-f2a0fb271a4f', '2474659f-003e-4faa-8c53-9969c33f20b2', 'group_joined', NULL, NULL, '{"action": "Joined reading group", "group_name": "Book Lovers Community"}', '2025-08-04 20:35:09.612+00', NULL, NULL, NULL, NULL, NULL, 'group', '992d1918-3e5e-464c-99af-ad026a7bad17', '{}', 0, 0, 0, 0, '{}', 'individual', false, NULL, NULL, 'text', 'public', NULL, NULL, NULL, NULL, NULL, 0.00, '2025-08-19 02:44:36.075339+00'),
	('cde77580-1de2-4419-ad9f-edcbc7d21652', 'e06cdf85-b449-4dcb-b943-068aaad8cfa3', 'reading_progress', NULL, NULL, '{"action": "Updated reading progress", "book_title": "Super Simple Mission Kit Featuring Tales of the Not Forgotten: A Fully-resources Missions Curriculum (Kids Serving Kids)", "book_author": "Beth Guckenberger", "progress_percentage": 88}', '2025-08-05 15:35:09.612+00', NULL, NULL, NULL, NULL, NULL, 'book', '8366132b-50b4-452a-88b3-cd7368ecfd71', '{"last_engagement": "2025-08-05T23:53:01.149Z", "engagement_count": 3, "engagement_history": [{"action": "like", "user_id": "anonymous", "timestamp": "2025-08-05T23:52:53.548Z"}, {"action": "comment", "user_id": "anonymous", "timestamp": "2025-08-05T23:52:59.467Z"}, {"action": "share", "user_id": "anonymous", "timestamp": "2025-08-05T23:53:01.149Z"}]}', 0, 0, 0, 0, '{}', 'individual', false, NULL, NULL, 'text', 'public', NULL, NULL, NULL, NULL, NULL, 0.00, '2025-08-19 02:44:36.075339+00'),
	('46b837e2-8afb-458a-9d98-dec24097575e', 'e06cdf85-b449-4dcb-b943-068aaad8cfa3', 'book_added', NULL, NULL, '{"shelf": "Read", "book_title": "Super Simple Mission Kit Featuring Tales of the Not Forgotten: A Fully-resources Missions Curriculum (Kids Serving Kids)", "book_author": "Beth Guckenberger"}', '2025-08-05 21:24:20.322183+00', NULL, NULL, NULL, NULL, NULL, 'book', '8366132b-50b4-452a-88b3-cd7368ecfd71', '{"is_premium": false, "privacy_level": "private", "last_engagement": "2025-08-06T00:37:11.565Z", "engagement_count": 1, "engagement_history": [{"action": "comment", "user_id": "anonymous", "timestamp": "2025-08-06T00:37:11.565Z"}]}', 0, 0, 0, 0, '{}', 'individual', false, NULL, NULL, 'text', 'public', NULL, NULL, NULL, NULL, NULL, 0.00, '2025-08-19 02:44:36.075339+00'),
	('7320297d-1b92-4959-9738-292abfafacd9', '2474659f-003e-4faa-8c53-9969c33f20b2', 'post_created', NULL, NULL, '{"content": "What is this second coponent lol", "content_type": "text", "content_summary": "What is this second coponent lol"}', '2025-08-14 00:30:06.356179+00', NULL, NULL, NULL, NULL, NULL, 'user', '2474659f-003e-4faa-8c53-9969c33f20b2', '{"privacy_level": "public", "engagement_count": 0}', 0, 0, 0, 0, '{}', 'individual', false, NULL, NULL, 'text', 'public', 'What is this second coponent lol', 'What is this second coponent lol', NULL, '{}', NULL, 0.00, '2025-08-19 02:44:36.075339+00'),
	('2b2e3264-b561-4aa4-8f21-bcd71d7d799f', '2474659f-003e-4faa-8c53-9969c33f20b2', 'post_created', NULL, NULL, '{"content": "I hope this works", "content_type": "text", "image_metadata": {"uploaded_at": "2025-08-14T00:37:17.366Z", "content_type": "image", "storage_provider": "cloudinary"}, "content_summary": "I hope this works"}', '2025-08-14 00:37:17.853147+00', NULL, NULL, NULL, NULL, NULL, 'user', '2474659f-003e-4faa-8c53-9969c33f20b2', '{"privacy_level": "public", "engagement_count": 0}', 0, 0, 0, 0, '{}', 'individual', false, NULL, NULL, 'text', 'public', 'I hope this works', 'I hope this works', 'https://res.cloudinary.com/dj8yugwyp/image/upload/v1755131813/authorsinfo/post_photos/l7k1g4q33y2b6lniawu3.webp', '{}', NULL, 0.00, '2025-08-19 02:44:36.075339+00'),
	('ccd82b14-ab1b-471f-8b51-46f431c6d272', '2474659f-003e-4faa-8c53-9969c33f20b2', 'post_created', NULL, NULL, '{"content": "This has an image", "content_type": "text", "content_summary": "This has an image"}', '2025-08-14 00:43:38.349838+00', NULL, NULL, NULL, NULL, NULL, 'user', '2474659f-003e-4faa-8c53-9969c33f20b2', '{"privacy_level": "public", "engagement_count": 0}', 0, 0, 0, 0, '{}', 'individual', false, NULL, NULL, 'text', 'public', 'This has an image', 'This has an image', NULL, '{}', NULL, 0.00, '2025-08-19 02:44:36.075339+00'),
	('9cc569fc-58f4-412e-90a6-3e29cad19d6e', '2474659f-003e-4faa-8c53-9969c33f20b2', 'post_created', NULL, NULL, '{"content": "I hope this works", "content_type": "image", "image_metadata": {"uploaded_at": "2025-08-14T00:56:14.736Z", "content_type": "image", "storage_provider": "cloudinary"}, "content_summary": "I hope this works"}', '2025-08-14 00:56:15.230135+00', NULL, NULL, NULL, NULL, NULL, 'user', '2474659f-003e-4faa-8c53-9969c33f20b2', '{"privacy_level": "public", "engagement_count": 0}', 0, 0, 0, 0, '{}', 'individual', false, NULL, NULL, 'image', 'public', 'I hope this works', 'I hope this works', 'https://res.cloudinary.com/dj8yugwyp/image/upload/v1755132942/authorsinfo/post_photos/f6u9bvtymy3knzlgjh0h.webp', '{}', NULL, 0.00, '2025-08-19 02:44:36.075339+00'),
	('04cbd731-7775-4319-80c5-9c60e8c5e71b', '2474659f-003e-4faa-8c53-9969c33f20b2', 'post_created', NULL, NULL, '{"content": "The image post test", "content_type": "image", "image_metadata": {"uploaded_at": "2025-08-14T17:05:01.255Z", "content_type": "image", "storage_provider": "cloudinary"}, "content_summary": "The image post test"}', '2025-08-14 17:05:01.395623+00', NULL, NULL, NULL, NULL, NULL, 'user', '2474659f-003e-4faa-8c53-9969c33f20b2', '{"privacy_level": "public", "engagement_count": 0}', 0, 0, 0, 0, '{}', 'individual', false, NULL, NULL, 'image', 'public', 'The image post test', 'The image post test', 'https://res.cloudinary.com/dj8yugwyp/image/upload/v1755191074/authorsinfo/post_photos/ib1rdnvchgrtmvmewaxu.webp', '{}', NULL, 0.00, '2025-08-19 02:44:36.075339+00'),
	('d8919480-f223-4e90-be0e-a2198c34b427', '2474659f-003e-4faa-8c53-9969c33f20b2', 'post_created', NULL, NULL, '{"content": "Here again is a new test", "content_type": "image", "image_metadata": {"uploaded_at": "2025-08-14T17:29:35.902Z", "content_type": "image", "storage_provider": "cloudinary"}, "content_summary": "Here again is a new test"}', '2025-08-14 17:29:35.996012+00', NULL, NULL, NULL, NULL, NULL, 'user', '2474659f-003e-4faa-8c53-9969c33f20b2', '{"privacy_level": "public", "engagement_count": 0}', 0, 0, 0, 0, '{}', 'individual', false, NULL, NULL, 'image', 'public', 'Here again is a new test', 'Here again is a new test', 'https://res.cloudinary.com/dj8yugwyp/image/upload/v1755192568/authorsinfo/post_photos/ozr1iafl7xkzi9kjsbhe.webp', '{}', NULL, 0.00, '2025-08-19 02:44:36.075339+00'),
	('de350c78-d4f7-4c22-9e9d-2ab0688f2fbc', '2474659f-003e-4faa-8c53-9969c33f20b2', 'post_created', NULL, NULL, '{"content": "That''s much better now.", "content_type": "image", "image_metadata": {"album_id": "14cd6818-b297-43b1-a3f7-356e8d3adcba", "image_count": 10, "uploaded_at": "2025-08-14T23:06:21.839Z", "content_type": "image", "is_multi_image": true, "storage_provider": "cloudinary"}, "content_summary": "That''s much better now."}', '2025-08-14 23:06:21.940535+00', NULL, NULL, NULL, NULL, NULL, 'user', '2474659f-003e-4faa-8c53-9969c33f20b2', '{"album_id": "14cd6818-b297-43b1-a3f7-356e8d3adcba", "image_count": 10, "privacy_level": "public", "engagement_count": 0}', 0, 0, 0, 0, '{}', 'individual', false, NULL, NULL, 'image', 'public', 'That''s much better now.', 'That''s much better now.', 'https://res.cloudinary.com/dj8yugwyp/image/upload/v1755199712/authorsinfo/post_photos/qtrsbshl85fpwu2qbpe5.webp, https://res.cloudinary.com/dj8yugwyp/image/upload/v1755199714/authorsinfo/post_photos/lh5sa29i8bwjbucebaoh.webp, https://res.cloudinary.com/dj8yugwyp/image/upload/v1755199715/authorsinfo/post_photos/jdw7b2enoy7f4w9icdmv.webp, https://res.cloudinary.com/dj8yugwyp/image/upload/v1755199748/authorsinfo/post_photos/uuqgqw9l461tzxkibp0r.webp, https://res.cloudinary.com/dj8yugwyp/image/upload/v1755199750/authorsinfo/post_photos/a3vj0rnmvu06fauvuzvv.webp, https://res.cloudinary.com/dj8yugwyp/image/upload/v1755199751/authorsinfo/post_photos/aqnv2xjt8j3amdw4milz.webp, https://res.cloudinary.com/dj8yugwyp/image/upload/v1755199752/authorsinfo/post_photos/xe9nrv9cs1ugo4ms2gar.webp, https://res.cloudinary.com/dj8yugwyp/image/upload/v1755199753/authorsinfo/post_photos/qysabx5rjzqorvcjzqx5.webp, https://res.cloudinary.com/dj8yugwyp/image/upload/v1755199754/authorsinfo/post_photos/y6yrs43og7cxgebedkve.webp, https://res.cloudinary.com/dj8yugwyp/image/upload/v1755199755/authorsinfo/post_photos/sa7rotorrez627lfvvss.webp', '{}', NULL, 0.00, '2025-08-19 02:44:36.075339+00'),
	('47329866-82d0-4629-bde0-27053b88ddbc', '2474659f-003e-4faa-8c53-9969c33f20b2', 'post_created', NULL, NULL, '{"content": "I want to see 5 images", "content_type": "text", "content_summary": "I want to see 5 images"}', '2025-08-14 23:14:31.300423+00', NULL, NULL, NULL, NULL, NULL, 'user', '2474659f-003e-4faa-8c53-9969c33f20b2', '{"album_id": null, "image_count": 0, "privacy_level": "public", "engagement_count": 0}', 0, 0, 0, 0, '{}', 'individual', false, NULL, NULL, 'text', 'public', 'I want to see 5 images', 'I want to see 5 images', NULL, '{}', NULL, 0.00, '2025-08-19 02:44:36.075339+00'),
	('59a27aeb-2a8a-48bc-b2e2-1362b79b8443', '2474659f-003e-4faa-8c53-9969c33f20b2', 'post_created', NULL, NULL, '{"content": "Only 2 images here", "content_type": "image", "image_metadata": {"album_id": "14cd6818-b297-43b1-a3f7-356e8d3adcba", "image_count": 2, "uploaded_at": "2025-08-14T23:15:40.940Z", "content_type": "image", "is_multi_image": true, "storage_provider": "cloudinary"}, "content_summary": "Only 2 images here"}', '2025-08-14 23:15:40.940554+00', NULL, NULL, NULL, NULL, NULL, 'user', '2474659f-003e-4faa-8c53-9969c33f20b2', '{"album_id": "14cd6818-b297-43b1-a3f7-356e8d3adcba", "image_count": 2, "privacy_level": "public", "engagement_count": 0}', 0, 0, 0, 0, '{}', 'individual', false, NULL, NULL, 'image', 'public', 'Only 2 images here', 'Only 2 images here', 'https://res.cloudinary.com/dj8yugwyp/image/upload/v1755213310/authorsinfo/post_photos/agxaljgpur0sh1aubmcb.webp, https://res.cloudinary.com/dj8yugwyp/image/upload/v1755213311/authorsinfo/post_photos/wunnd2o1ruqs5pajwzue.webp', '{}', NULL, 0.00, '2025-08-19 02:44:36.075339+00'),
	('31a16169-20fa-4709-acf4-d414c71ad069', '2474659f-003e-4faa-8c53-9969c33f20b2', 'post_created', NULL, NULL, '{"content": "This lady alonen", "content_type": "image", "image_metadata": {"album_id": null, "image_count": 1, "uploaded_at": "2025-08-15T00:37:33.947Z", "content_type": "image", "is_multi_image": false, "storage_provider": "cloudinary"}, "content_summary": "This lady alonen"}', '2025-08-15 00:37:34.23495+00', NULL, NULL, NULL, NULL, NULL, 'user', '2474659f-003e-4faa-8c53-9969c33f20b2', '{"album_id": null, "image_count": 1, "privacy_level": "public", "engagement_count": 0}', 0, 0, 0, 0, '{}', 'individual', false, NULL, NULL, 'image', 'public', 'This lady alonen', 'This lady alonen', 'https://res.cloudinary.com/dj8yugwyp/image/upload/v1755218227/authorsinfo/post_photos/hxpqlokbws6cboh2rtxk.webp', '{}', NULL, 0.00, '2025-08-19 02:44:36.075339+00'),
	('bf2469c0-4619-42e3-a971-162cfcc74994', '2474659f-003e-4faa-8c53-9969c33f20b2', 'post_created', NULL, NULL, '{"content": "Here are 3 images", "content_type": "text", "content_summary": "Here are 3 images"}', '2025-08-15 01:25:28.325526+00', NULL, NULL, NULL, NULL, NULL, 'user', '2474659f-003e-4faa-8c53-9969c33f20b2', '{"image_count": 0, "privacy_level": "public", "engagement_count": 0}', 0, 0, 0, 0, '{}', 'individual', false, NULL, NULL, 'text', 'public', 'Here are 3 images', 'Here are 3 images', NULL, '{}', NULL, 0.00, '2025-08-19 02:44:36.075339+00'),
	('0026d021-1000-4684-bf7b-ff5b74145e43', '2474659f-003e-4faa-8c53-9969c33f20b2', 'post_created', NULL, NULL, '{"content": "Try to post 3 photos and some text", "content_type": "text", "content_summary": "Try to post 3 photos and some text"}', '2025-08-15 01:50:50.541567+00', NULL, NULL, NULL, NULL, NULL, 'user', '2474659f-003e-4faa-8c53-9969c33f20b2', '{"image_count": 0, "privacy_level": "public", "engagement_count": 0}', 0, 0, 0, 0, '{}', 'individual', false, NULL, NULL, 'text', 'public', 'Try to post 3 photos and some text', 'Try to post 3 photos and some text', NULL, '{}', NULL, 0.00, '2025-08-19 02:44:36.075339+00'),
	('96f979e4-362d-411b-96b4-9963fae4723d', '2474659f-003e-4faa-8c53-9969c33f20b2', 'post_created', NULL, NULL, '{"content": "This was working ", "content_type": "text", "content_summary": "This was working "}', '2025-08-15 01:59:35.297871+00', NULL, NULL, NULL, NULL, NULL, 'user', '2474659f-003e-4faa-8c53-9969c33f20b2', '{"image_count": 0, "privacy_level": "public", "engagement_count": 0}', 0, 0, 0, 0, '{}', 'individual', false, NULL, NULL, 'text', 'public', 'This was working ', 'This was working ', NULL, '{}', NULL, 0.00, '2025-08-19 02:44:36.075339+00'),
	('14242c72-9f97-4cb9-9100-8b07a0185af2', '2474659f-003e-4faa-8c53-9969c33f20b2', 'post_created', NULL, NULL, '{"content": "I hope this works", "content_type": "image", "image_metadata": {"image_count": 5, "uploaded_at": "2025-08-15T04:03:18.624Z", "content_type": "image", "is_multi_image": true, "storage_provider": "cloudinary"}, "content_summary": "I hope this works"}', '2025-08-15 04:03:18.969564+00', NULL, NULL, NULL, NULL, NULL, 'user', '2474659f-003e-4faa-8c53-9969c33f20b2', '{"image_count": 5, "privacy_level": "public", "engagement_count": 0}', 0, 0, 0, 0, '{}', 'individual', false, NULL, NULL, 'image', 'public', 'I hope this works', 'I hope this works', 'https://res.cloudinary.com/dj8yugwyp/image/upload/v1755230548/authorsinfo/post_photos/sntbvdvoxv1qghkxeliq.webp, https://res.cloudinary.com/dj8yugwyp/image/upload/v1755230549/authorsinfo/post_photos/txygfuojwnydreozijsc.webp, https://res.cloudinary.com/dj8yugwyp/image/upload/v1755230550/authorsinfo/post_photos/mcg6ttapvzjj2s9qeflz.webp, https://res.cloudinary.com/dj8yugwyp/image/upload/v1755230551/authorsinfo/post_photos/n7y1yhbjxxxf7b1ququd.webp, https://res.cloudinary.com/dj8yugwyp/image/upload/v1755230551/authorsinfo/post_photos/rt0uel5pvxp6bz2filp9.webp', '{}', NULL, 0.00, '2025-08-19 02:44:36.075339+00'),
	('4a11929f-61f1-4a5c-94ea-0bc7ef731c1c', '2474659f-003e-4faa-8c53-9969c33f20b2', 'post_shared', NULL, NULL, '{"content": "Is it going to work this time?", "album_id": null, "shared_to": "Alice Anderson", "image_count": 0, "shared_from": "timeline", "content_type": "text", "is_multi_image": false, "content_summary": "Shared by You: Is it going to work this time?"}', '2025-08-15 04:31:16.438706+00', NULL, NULL, NULL, NULL, NULL, 'user', '2474659f-003e-4faa-8c53-9969c33f20b2', '{"album_id": null, "image_count": 0, "target_user": "Alice Anderson", "cross_posted": true, "privacy_level": "friends", "engagement_count": 0}', 0, 0, 0, 0, '{}', 'individual', false, NULL, NULL, 'text', 'friends', 'Shared by You: Is it going to work this time?', 'Is it going to work this time?', NULL, NULL, NULL, 0.00, '2025-08-19 02:44:36.075339+00'),
	('5ada5ec3-6eee-42fc-b845-8d84ec8c62e0', '2474659f-003e-4faa-8c53-9969c33f20b2', 'post_shared', NULL, NULL, '{"content": "Is it going to work this time?", "album_id": null, "shared_to": "Bob Smith", "image_count": 0, "shared_from": "timeline", "content_type": "text", "is_multi_image": false, "content_summary": "Shared by You: Is it going to work this time?"}', '2025-08-15 04:31:16.560299+00', NULL, NULL, NULL, NULL, NULL, 'user', '2474659f-003e-4faa-8c53-9969c33f20b2', '{"album_id": null, "image_count": 0, "target_user": "Bob Smith", "cross_posted": true, "privacy_level": "friends", "engagement_count": 0}', 0, 0, 0, 0, '{}', 'individual', false, NULL, NULL, 'text', 'friends', 'Shared by You: Is it going to work this time?', 'Is it going to work this time?', NULL, NULL, NULL, 0.00, '2025-08-19 02:44:36.075339+00'),
	('3e0466d4-daf8-436a-8295-04841d5163c2', '2474659f-003e-4faa-8c53-9969c33f20b2', 'post_shared', NULL, NULL, '{"content": "Is it going to work this time?", "album_id": null, "shared_to": "Carol Johnson", "image_count": 0, "shared_from": "timeline", "content_type": "text", "is_multi_image": false, "content_summary": "Shared by You: Is it going to work this time?"}', '2025-08-15 04:31:16.653819+00', NULL, NULL, NULL, NULL, NULL, 'user', '2474659f-003e-4faa-8c53-9969c33f20b2', '{"album_id": null, "image_count": 0, "target_user": "Carol Johnson", "cross_posted": true, "privacy_level": "friends", "engagement_count": 0}', 0, 0, 0, 0, '{}', 'individual', false, NULL, NULL, 'text', 'friends', 'Shared by You: Is it going to work this time?', 'Is it going to work this time?', NULL, NULL, NULL, 0.00, '2025-08-19 02:44:36.075339+00'),
	('5c0e1ad4-0cb3-41cd-b54a-2957fc3e5d2d', '2474659f-003e-4faa-8c53-9969c33f20b2', 'post_shared', NULL, NULL, '{"content": "Is it going to work this time?", "album_id": null, "shared_to": "David Wilson", "image_count": 0, "shared_from": "timeline", "content_type": "text", "is_multi_image": false, "content_summary": "Shared by You: Is it going to work this time?"}', '2025-08-15 04:31:16.809717+00', NULL, NULL, NULL, NULL, NULL, 'user', '2474659f-003e-4faa-8c53-9969c33f20b2', '{"album_id": null, "image_count": 0, "target_user": "David Wilson", "cross_posted": true, "privacy_level": "friends", "engagement_count": 0}', 0, 0, 0, 0, '{}', 'individual', false, NULL, NULL, 'text', 'friends', 'Shared by You: Is it going to work this time?', 'Is it going to work this time?', NULL, NULL, NULL, 0.00, '2025-08-19 02:44:36.075339+00'),
	('dcf59e9d-f25e-4a9e-b3b0-99ba421edb1a', '2474659f-003e-4faa-8c53-9969c33f20b2', 'post_shared', NULL, NULL, '{"content": "Is it going to work this time?", "album_id": null, "shared_to": "Eva Brown", "image_count": 0, "shared_from": "timeline", "content_type": "text", "is_multi_image": false, "content_summary": "Shared by You: Is it going to work this time?"}', '2025-08-15 04:31:16.902496+00', NULL, NULL, NULL, NULL, NULL, 'user', '2474659f-003e-4faa-8c53-9969c33f20b2', '{"album_id": null, "image_count": 0, "target_user": "Eva Brown", "cross_posted": true, "privacy_level": "friends", "engagement_count": 0}', 0, 0, 0, 0, '{}', 'individual', false, NULL, NULL, 'text', 'friends', 'Shared by You: Is it going to work this time?', 'Is it going to work this time?', NULL, NULL, NULL, 0.00, '2025-08-19 02:44:36.075339+00'),
	('34614dcb-d629-43e5-a2ce-fbc44a53cb4c', '2474659f-003e-4faa-8c53-9969c33f20b2', 'post_created', NULL, NULL, '{"content": "Lets try it now", "content_type": "image", "image_metadata": {"image_count": 3, "uploaded_at": "2025-08-15T04:32:48.867Z", "content_type": "image", "is_multi_image": true, "storage_provider": "cloudinary"}, "content_summary": "Lets try it now"}', '2025-08-15 04:32:49.162195+00', NULL, NULL, NULL, NULL, NULL, 'user', '2474659f-003e-4faa-8c53-9969c33f20b2', '{"image_count": 3, "privacy_level": "public", "engagement_count": 0}', 0, 0, 0, 0, '{}', 'individual', false, NULL, NULL, 'image', 'public', 'Lets try it now', 'Lets try it now', 'https://res.cloudinary.com/dj8yugwyp/image/upload/v1755232355/authorsinfo/post_photos/bpx51ooj6skir86lvfzw.webp, https://res.cloudinary.com/dj8yugwyp/image/upload/v1755232356/authorsinfo/post_photos/ioajyqwnvif9ohpl9elc.webp, https://res.cloudinary.com/dj8yugwyp/image/upload/v1755232357/authorsinfo/post_photos/wj7zjrhl715ccyhdf4vp.webp', '{}', NULL, 0.00, '2025-08-19 02:44:36.075339+00'),
	('f4cd6e44-e756-4538-bb52-4769083ed715', '2474659f-003e-4faa-8c53-9969c33f20b2', 'post_created', NULL, NULL, '{"content": "The test", "content_type": "image", "image_metadata": {"image_count": 3, "uploaded_at": "2025-08-15T05:30:16.701Z", "content_type": "image", "is_multi_image": true, "storage_provider": "cloudinary"}, "content_summary": "The test"}', '2025-08-15 05:30:17.053183+00', NULL, NULL, NULL, NULL, NULL, 'user', '2474659f-003e-4faa-8c53-9969c33f20b2', '{"image_count": 3, "privacy_level": "public", "engagement_count": 0}', 0, 0, 0, 0, '{}', 'individual', false, NULL, NULL, 'image', 'public', 'The test', 'The test', 'https://res.cloudinary.com/dj8yugwyp/image/upload/v1755235802/authorsinfo/post_photos/ycotp0gystqa0pdvupqt.webp, https://res.cloudinary.com/dj8yugwyp/image/upload/v1755235803/authorsinfo/post_photos/wkkqsbdrwqpzepg8c9qn.webp, https://res.cloudinary.com/dj8yugwyp/image/upload/v1755235804/authorsinfo/post_photos/tnfrttxgktq9xmbiocns.webp', '{}', NULL, 0.00, '2025-08-19 02:44:36.075339+00'),
	('6745e6e1-ae12-4b45-a287-2c3e733c727b', '2474659f-003e-4faa-8c53-9969c33f20b2', 'post_created', NULL, NULL, '{"content": "This is a book cover", "content_type": "image", "image_metadata": {"image_count": 1, "uploaded_at": "2025-08-16T00:17:51.510Z", "content_type": "image", "is_multi_image": false, "storage_provider": "cloudinary"}, "content_summary": "This is a book cover"}', '2025-08-16 00:17:52.603076+00', NULL, NULL, NULL, NULL, NULL, 'user', '2474659f-003e-4faa-8c53-9969c33f20b2', '{"image_count": 1, "privacy_level": "public", "engagement_count": 0}', 0, 0, 0, 0, '{}', 'individual', false, NULL, NULL, 'image', 'public', 'This is a book cover', 'This is a book cover', 'https://res.cloudinary.com/dj8yugwyp/image/upload/v1755303441/authorsinfo/post_photos/cy60sxgzmyuqz6nvoznf.webp', '{}', NULL, 0.00, '2025-08-19 02:44:36.075339+00'),
	('f15abf5c-0f52-4c1e-835e-c78711ed07b0', '2474659f-003e-4faa-8c53-9969c33f20b2', 'post_created', NULL, NULL, '{"content": "This is my book Touch", "content_type": "image", "image_metadata": {"image_count": 1, "uploaded_at": "2025-08-16T17:55:21.959Z", "content_type": "image", "is_multi_image": false, "storage_provider": "cloudinary"}, "content_summary": "This is my book Touch"}', '2025-08-16 17:55:22.643286+00', NULL, NULL, NULL, NULL, NULL, 'user', '2474659f-003e-4faa-8c53-9969c33f20b2', '{"image_count": 1, "privacy_level": "public", "engagement_count": 0}', 0, 0, 0, 0, '{}', 'individual', false, NULL, NULL, 'image', 'public', 'This is my book Touch', 'This is my book Touch', 'https://res.cloudinary.com/dj8yugwyp/image/upload/v1755366887/authorsinfo/post_photos/cx8nuusizvok0rduldkj.webp', '{}', NULL, 0.00, '2025-08-19 02:44:36.075339+00'),
	('ffbc4ec3-0ddc-4ed7-b10e-d40f481f25e7', '2474659f-003e-4faa-8c53-9969c33f20b2', 'post_created', NULL, NULL, '{"content": "testing", "content_type": "image", "image_metadata": {"image_count": 1, "uploaded_at": "2025-08-16T18:10:31.424Z", "content_type": "image", "is_multi_image": false, "storage_provider": "cloudinary"}, "content_summary": "testing"}', '2025-08-16 18:10:31.845894+00', NULL, NULL, NULL, NULL, NULL, 'user', '2474659f-003e-4faa-8c53-9969c33f20b2', '{"image_count": 1, "privacy_level": "public", "engagement_count": 0}', 0, 0, 0, 0, '{}', 'individual', false, NULL, NULL, 'image', 'public', 'testing', 'testing', 'https://res.cloudinary.com/dj8yugwyp/image/upload/v1755367779/authorsinfo/post_photos/glpgul8ypncmuiikzcx3.webp', '{}', NULL, 0.00, '2025-08-19 02:44:36.075339+00'),
	('b859387f-f471-47c0-a47e-7ec8128813c0', '2474659f-003e-4faa-8c53-9969c33f20b2', 'post_created', NULL, NULL, '{"content": "now what", "content_type": "image", "image_metadata": {"image_count": 1, "uploaded_at": "2025-08-16T18:17:10.518Z", "content_type": "image", "is_multi_image": false, "storage_provider": "cloudinary"}, "content_summary": "now what"}', '2025-08-16 18:17:10.755488+00', NULL, NULL, NULL, NULL, NULL, 'user', '2474659f-003e-4faa-8c53-9969c33f20b2', '{"image_count": 1, "privacy_level": "public", "engagement_count": 0}', 0, 0, 0, 0, '{}', 'individual', false, NULL, NULL, 'image', 'public', 'now what', 'now what', 'https://res.cloudinary.com/dj8yugwyp/image/upload/v1755368207/authorsinfo/post_photos/sgrcuuekkor46p6xcxjt.webp', '{}', NULL, 0.00, '2025-08-19 02:44:36.075339+00'),
	('efcd4c2d-9a72-470a-8e88-b2f80a00c284', '2474659f-003e-4faa-8c53-9969c33f20b2', 'post_created', NULL, NULL, '{"content": "one photo post here", "content_type": "image", "image_metadata": {"image_count": 1, "uploaded_at": "2025-08-17T04:43:15.569Z", "content_type": "image", "is_multi_image": false, "storage_provider": "cloudinary"}, "content_summary": "one photo post here"}', '2025-08-17 04:43:16.021484+00', NULL, NULL, NULL, NULL, NULL, 'user', '2474659f-003e-4faa-8c53-9969c33f20b2', '{"image_count": 1, "privacy_level": "public", "engagement_count": 0}', 0, 0, 0, 0, '{}', 'individual', false, NULL, NULL, 'image', 'public', 'one photo post here', 'one photo post here', 'https://res.cloudinary.com/dj8yugwyp/image/upload/v1755405769/authorsinfo/post_photos/umqlrnvjho3nwa4pdmez.webp', '{}', NULL, 0.00, '2025-08-19 02:44:36.075339+00'),
	('9d5f2031-2acb-40f9-aed7-420574179baf', '2474659f-003e-4faa-8c53-9969c33f20b2', 'book_added', NULL, NULL, '{"shelf": "Read", "book_title": "Touch", "book_author": "Envy Red"}', '2025-08-17 05:17:02.340514+00', NULL, NULL, NULL, NULL, NULL, 'book', '9a5909bb-e759-44ab-b8d0-7143482f66e8', '{"is_premium": false, "privacy_level": "private", "engagement_count": 0}', 0, 0, 0, 0, '{}', 'individual', false, NULL, NULL, 'text', 'public', NULL, NULL, NULL, NULL, NULL, 0.00, '2025-08-19 02:44:36.075339+00'),
	('839d168d-5b7c-4993-b7e2-507763edf254', '2474659f-003e-4faa-8c53-9969c33f20b2', 'post_created', NULL, NULL, '{"content": "one face", "content_type": "image", "image_metadata": {"image_count": 1, "uploaded_at": "2025-08-17T05:18:11.101Z", "content_type": "image", "is_multi_image": false, "storage_provider": "cloudinary"}, "content_summary": "one face"}', '2025-08-17 05:18:11.652787+00', NULL, NULL, NULL, NULL, NULL, 'user', '2474659f-003e-4faa-8c53-9969c33f20b2', '{"image_count": 1, "privacy_level": "public", "engagement_count": 0}', 0, 0, 0, 0, '{}', 'individual', false, NULL, NULL, 'image', 'public', 'one face', 'one face', 'https://res.cloudinary.com/dj8yugwyp/image/upload/v1755407876/authorsinfo/post_photos/eh5xirjpste9nfe2rhji.webp', '{}', NULL, 0.00, '2025-08-19 02:44:36.075339+00'),
	('cf40344f-924f-46b0-947f-adffce2aab6f', '2474659f-003e-4faa-8c53-9969c33f20b2', 'post_created', NULL, NULL, '{"content": "I hope so ", "content_type": "image", "image_metadata": {"image_count": 1, "uploaded_at": "2025-08-17T16:40:27.685Z", "content_type": "image", "is_multi_image": false, "storage_provider": "cloudinary"}, "content_summary": "I hope so "}', '2025-08-17 16:40:28.360953+00', NULL, NULL, NULL, NULL, NULL, 'user', '2474659f-003e-4faa-8c53-9969c33f20b2', '{"image_count": 1, "privacy_level": "public", "engagement_count": 0}', 0, 0, 0, 0, '{}', 'individual', false, NULL, NULL, 'image', 'public', 'I hope so ', 'I hope so ', 'https://res.cloudinary.com/dj8yugwyp/image/upload/v1755448819/authorsinfo/post_photos/rvulfrd4sdqcpp2wvdww.webp', '{}', NULL, 0.00, '2025-08-19 02:44:36.075339+00'),
	('983ddd71-5354-40ee-9c0c-0aca03bde0b0', '2474659f-003e-4faa-8c53-9969c33f20b2', 'post_created', NULL, NULL, '{"content": "This has 4 images", "content_type": "image", "image_metadata": {"image_count": 4, "uploaded_at": "2025-08-17T16:48:46.124Z", "content_type": "image", "is_multi_image": true, "storage_provider": "cloudinary"}, "content_summary": "This has 4 images"}', '2025-08-17 16:48:46.602776+00', NULL, NULL, NULL, NULL, NULL, 'user', '2474659f-003e-4faa-8c53-9969c33f20b2', '{"image_count": 4, "privacy_level": "public", "engagement_count": 0}', 0, 0, 0, 0, '{}', 'individual', false, NULL, NULL, 'image', 'public', 'This has 4 images', 'This has 4 images', 'https://res.cloudinary.com/dj8yugwyp/image/upload/v1755449307/authorsinfo/post_photos/noutgvz9yqvmpfypjmuf.webp, https://res.cloudinary.com/dj8yugwyp/image/upload/v1755449308/authorsinfo/post_photos/iq8wgreq8vlovcytlec6.webp, https://res.cloudinary.com/dj8yugwyp/image/upload/v1755449308/authorsinfo/post_photos/tlxcy5kgqndk9zdapdyj.webp, https://res.cloudinary.com/dj8yugwyp/image/upload/v1755449309/authorsinfo/post_photos/qwtp0txht26r5tyvkszn.webp', '{}', NULL, 0.00, '2025-08-19 02:44:36.075339+00'),
	('a00ecab3-0d7a-4891-8917-17126e8ceba2', '2474659f-003e-4faa-8c53-9969c33f20b2', 'post_created', NULL, NULL, '{"content": "This post has 5 images", "content_type": "image", "image_metadata": {"image_count": 5, "uploaded_at": "2025-08-17T16:56:56.447Z", "content_type": "image", "is_multi_image": true, "storage_provider": "cloudinary"}, "content_summary": "This post has 5 images"}', '2025-08-17 16:56:56.955847+00', NULL, NULL, NULL, NULL, NULL, 'user', '2474659f-003e-4faa-8c53-9969c33f20b2', '{"image_count": 5, "privacy_level": "public", "engagement_count": 0}', 0, 0, 0, 0, '{}', 'individual', false, NULL, NULL, 'image', 'public', 'This post has 5 images', 'This post has 5 images', 'https://res.cloudinary.com/dj8yugwyp/image/upload/v1755449799/authorsinfo/post_photos/cqjcuheqivyncoxll4oq.webp, https://res.cloudinary.com/dj8yugwyp/image/upload/v1755449800/authorsinfo/post_photos/z6bgrp2ddrm4fqketq2a.webp, https://res.cloudinary.com/dj8yugwyp/image/upload/v1755449801/authorsinfo/post_photos/twumvpn4tkvrraoljzjq.webp, https://res.cloudinary.com/dj8yugwyp/image/upload/v1755449801/authorsinfo/post_photos/u7aixwwelhuoggtbq5nq.webp, https://res.cloudinary.com/dj8yugwyp/image/upload/v1755449802/authorsinfo/post_photos/lvhsov0szpzkgsmxlvof.webp', '{}', NULL, 0.00, '2025-08-19 02:44:36.075339+00'),
	('6cf815c9-2339-48d5-9eed-309f59b56ca5', '2474659f-003e-4faa-8c53-9969c33f20b2', 'post_created', NULL, NULL, '{"content": "this has 3 images", "content_type": "image", "image_metadata": {"image_count": 3, "uploaded_at": "2025-08-17T21:43:22.061Z", "content_type": "image", "is_multi_image": true, "storage_provider": "cloudinary"}, "content_summary": "this has 3 images"}', '2025-08-17 21:43:22.69017+00', NULL, NULL, NULL, NULL, NULL, 'user', '2474659f-003e-4faa-8c53-9969c33f20b2', '{"image_count": 3, "privacy_level": "public", "engagement_count": 0}', 0, 0, 0, 0, '{}', 'individual', false, NULL, NULL, 'image', 'public', 'this has 3 images', 'this has 3 images', 'https://res.cloudinary.com/dj8yugwyp/image/upload/v1755466986/authorsinfo/post_photos/wds9vne10bqmsw2lejq3.webp, https://res.cloudinary.com/dj8yugwyp/image/upload/v1755466987/authorsinfo/post_photos/a2yy7yx7ijklt2rxu72s.webp, https://res.cloudinary.com/dj8yugwyp/image/upload/v1755466988/authorsinfo/post_photos/nfjh4e7y0fje1v8g125m.webp', '{}', NULL, 0.00, '2025-08-19 02:44:36.075339+00'),
	('2e9f99f3-47e2-4a34-ae8e-9db03dc43eac', '2474659f-003e-4faa-8c53-9969c33f20b2', 'post', NULL, NULL, NULL, '2025-08-18 00:04:17.907119+00', NULL, NULL, NULL, NULL, NULL, 'book', '9a5909bb-e759-44ab-b8d0-7143482f66e8', '{"link_url": "", "post_type": "text", "entity_name": "Touch", "entity_type": "book"}', 0, 0, 0, 0, '{}', 'individual', false, NULL, NULL, 'text', 'public', NULL, 'Hello, how is this working?', NULL, '{}', NULL, 0.00, '2025-08-19 02:44:36.075339+00'),
	('e1fcb778-38f7-4989-a12e-6e39e85274c6', '2474659f-003e-4faa-8c53-9969c33f20b2', 'post_created', NULL, NULL, '{"content": "The new feed with 3 photos", "content_type": "image", "image_metadata": {"image_count": 3, "uploaded_at": "2025-08-19T00:04:22.815Z", "content_type": "image", "is_multi_image": true, "storage_provider": "cloudinary"}, "content_summary": "The new feed with 3 photos"}', '2025-08-19 00:04:24.078866+00', NULL, NULL, NULL, NULL, NULL, 'user', '2474659f-003e-4faa-8c53-9969c33f20b2', '{"image_count": 3, "privacy_level": "public", "engagement_count": 0}', 0, 0, 0, 0, '{}', 'individual', false, NULL, NULL, 'image', 'public', 'The new feed with 3 photos', 'The new feed with 3 photos', 'https://res.cloudinary.com/dj8yugwyp/image/upload/v1755561833/authorsinfo/post_photos/ziffj5a7brrzcsngl67s.webp,https://res.cloudinary.com/dj8yugwyp/image/upload/v1755561833/authorsinfo/post_photos/m19yo0vl6ebahn9cv7ae.webp,https://res.cloudinary.com/dj8yugwyp/image/upload/v1755561832/authorsinfo/post_photos/wbewcnzymcuc0hrzzzjo.webp', '{}', NULL, 0.00, '2025-08-19 16:34:31.89+00'),
	('5c3fd9e9-0b8b-466d-bda8-d41a78027428', '2474659f-003e-4faa-8c53-9969c33f20b2', 'book_added', NULL, NULL, '{"shelf": "Currently Reading", "book_title": "Jaded", "book_author": "Envy Red"}', '2025-08-20 15:13:31.74096+00', NULL, NULL, NULL, NULL, NULL, 'book', '492d0538-5ab2-43bc-bc7b-e538da900639', '{"is_premium": false, "privacy_level": "private", "engagement_count": 0}', 0, 0, 0, 0, '{}', 'individual', false, NULL, NULL, 'text', 'public', NULL, NULL, NULL, NULL, NULL, 0.00, '2025-08-20 15:13:31.74096+00'),
	('8291e0bc-1f44-44d9-a1f3-078d60164eb0', 'e06cdf85-b449-4dcb-b943-068aaad8cfa3', 'post_created', NULL, NULL, '{"post_id": "29d4fb60-b609-47df-89f3-c0ed4bdc19d9", "entity_id": "e06cdf85-b449-4dcb-b943-068aaad8cfa3", "entity_type": "user", "content_type": "text", "content_summary": "hello"}', '2025-08-06 05:59:31.476411+00', NULL, NULL, NULL, NULL, NULL, 'post', '29d4fb60-b609-47df-89f3-c0ed4bdc19d9', '{"is_premium": false, "privacy_level": "public", "engagement_count": 0}', 0, 0, 0, 0, '{}', 'individual', false, NULL, NULL, 'text', 'public', NULL, 'Post content', NULL, NULL, NULL, 0.00, '2025-08-06 05:59:31.476411+00'),
	('b9099a06-509e-4ca5-bd66-169107d43956', 'e06cdf85-b449-4dcb-b943-068aaad8cfa3', 'post_created', NULL, NULL, '{"post_id": "5295339e-d924-4bf8-b6db-f998b04c3254", "entity_id": "e06cdf85-b449-4dcb-b943-068aaad8cfa3", "entity_type": "user", "content_type": "text", "content_summary": "hello\n"}', '2025-08-06 06:17:23.861157+00', NULL, NULL, NULL, NULL, NULL, 'post', '5295339e-d924-4bf8-b6db-f998b04c3254', '{"is_premium": false, "privacy_level": "public", "engagement_count": 0}', 0, 0, 0, 0, '{}', 'individual', false, NULL, NULL, 'text', 'public', NULL, 'Post content', NULL, NULL, NULL, 0.00, '2025-08-06 06:17:23.861157+00'),
	('2cb9d499-8120-4ac2-a485-14be5a7ad3b3', 'e06cdf85-b449-4dcb-b943-068aaad8cfa3', 'post_created', NULL, NULL, '{"post_id": "bf84c662-ba8f-4c17-93c5-c66fc0b3bed0", "entity_id": "e06cdf85-b449-4dcb-b943-068aaad8cfa3", "entity_type": "user", "content_type": "text", "content_summary": "Hello"}', '2025-08-06 12:48:30.035701+00', NULL, NULL, NULL, NULL, NULL, 'post', 'bf84c662-ba8f-4c17-93c5-c66fc0b3bed0', '{"is_premium": false, "privacy_level": "public", "engagement_count": 0}', 0, 0, 0, 0, '{}', 'individual', false, NULL, NULL, 'text', 'public', NULL, 'Post content', NULL, NULL, NULL, 0.00, '2025-08-06 12:48:30.035701+00'),
	('e7325065-7798-4154-8078-94b92aff9276', 'e06cdf85-b449-4dcb-b943-068aaad8cfa3', 'post_created', NULL, NULL, '{"post_id": "80a59d3e-5bad-4cce-ae27-219ee1ff7a8e", "entity_id": "e06cdf85-b449-4dcb-b943-068aaad8cfa3", "entity_type": "user", "content_type": "text", "content_summary": "Hello"}', '2025-08-06 12:53:32.515538+00', NULL, NULL, NULL, NULL, NULL, 'post', '80a59d3e-5bad-4cce-ae27-219ee1ff7a8e', '{"is_premium": false, "privacy_level": "public", "engagement_count": 0}', 0, 0, 0, 0, '{}', 'individual', false, NULL, NULL, 'text', 'public', NULL, 'Post content', NULL, NULL, NULL, 0.00, '2025-08-06 12:53:32.515538+00'),
	('b0347948-a8eb-4c63-988d-0403f76b1f53', 'e06cdf85-b449-4dcb-b943-068aaad8cfa3', 'post_created', NULL, NULL, '{"post_id": "d0a0b196-3fef-41da-be12-9aafcd8241c9", "entity_id": "e06cdf85-b449-4dcb-b943-068aaad8cfa3", "entity_type": "user", "content_type": "text", "content_summary": "hello"}', '2025-08-06 12:53:56.733921+00', NULL, NULL, NULL, NULL, NULL, 'post', 'd0a0b196-3fef-41da-be12-9aafcd8241c9', '{"is_premium": false, "privacy_level": "public", "engagement_count": 0}', 0, 0, 0, 0, '{}', 'individual', false, NULL, NULL, 'text', 'public', NULL, 'Post content', NULL, NULL, NULL, 0.00, '2025-08-06 12:53:56.733921+00'),
	('2b535a21-5e37-4882-a081-63bfa1c46fea', 'e06cdf85-b449-4dcb-b943-068aaad8cfa3', 'post_created', NULL, NULL, '{"post_id": "a6de2f62-1358-457d-9dbe-20035990a343", "entity_id": "e06cdf85-b449-4dcb-b943-068aaad8cfa3", "entity_type": "user", "content_type": "text", "content_summary": "With some love"}', '2025-08-06 13:10:48.095152+00', NULL, NULL, NULL, NULL, NULL, 'post', 'a6de2f62-1358-457d-9dbe-20035990a343', '{"is_premium": false, "privacy_level": "public", "engagement_count": 0}', 0, 0, 0, 0, '{}', 'individual', false, NULL, NULL, 'text', 'public', NULL, 'Post content', NULL, NULL, NULL, 0.00, '2025-08-06 13:10:48.095152+00'),
	('627bc97f-efe4-4554-a4d8-4c65d8b573d8', 'e06cdf85-b449-4dcb-b943-068aaad8cfa3', 'post_created', NULL, NULL, '{"post_id": "18cb4767-5182-45ca-b657-2275d38a4d02", "entity_id": "e06cdf85-b449-4dcb-b943-068aaad8cfa3", "entity_type": "user", "content_type": "text", "content_summary": "hello"}', '2025-08-10 02:01:44.378251+00', NULL, NULL, NULL, NULL, NULL, 'post', '18cb4767-5182-45ca-b657-2275d38a4d02', '{"is_premium": false, "privacy_level": "public", "engagement_count": 0}', 0, 0, 0, 0, '{}', 'individual', false, NULL, NULL, 'text', 'public', NULL, 'Post content', NULL, NULL, NULL, 0.00, '2025-08-10 02:01:44.378251+00'),
	('72e21602-ff49-4e1a-91ab-47ab9bd35954', 'e06cdf85-b449-4dcb-b943-068aaad8cfa3', 'post_created', NULL, NULL, '{"post_id": "b680736e-8af8-4d86-9fbf-65197c81ae20", "entity_id": "e06cdf85-b449-4dcb-b943-068aaad8cfa3", "entity_type": "user", "content_type": "text", "content_summary": "Hello world"}', '2025-08-10 04:10:27.202342+00', NULL, NULL, NULL, NULL, NULL, 'post', 'b680736e-8af8-4d86-9fbf-65197c81ae20', '{"is_premium": false, "privacy_level": "public", "engagement_count": 0}', 0, 0, 0, 0, '{}', 'individual', false, NULL, NULL, 'text', 'public', NULL, 'Post content', NULL, NULL, NULL, 0.00, '2025-08-10 04:10:27.202342+00'),
	('2217e02c-febb-4b42-876b-70d7e2e3c539', 'e06cdf85-b449-4dcb-b943-068aaad8cfa3', 'post_created', NULL, NULL, '{"post_id": "55450e75-c1e2-4905-b3a8-152de7be6a73", "entity_id": "e06cdf85-b449-4dcb-b943-068aaad8cfa3", "entity_type": "user", "content_type": "text", "content_summary": "What is going on now with this thing"}', '2025-08-10 04:17:40.468969+00', NULL, NULL, NULL, NULL, NULL, 'post', '55450e75-c1e2-4905-b3a8-152de7be6a73', '{"is_premium": false, "privacy_level": "public", "engagement_count": 0}', 0, 0, 0, 0, '{}', 'individual', false, NULL, NULL, 'text', 'public', NULL, 'Post content', NULL, NULL, NULL, 0.00, '2025-08-10 04:17:40.468969+00'),
	('0018f90a-7acd-4afc-91a3-1a66ca96489a', 'e06cdf85-b449-4dcb-b943-068aaad8cfa3', 'post_created', NULL, NULL, '{"post_id": "1a628bf3-60f3-477e-9128-d4a02ab92d61", "entity_id": "e06cdf85-b449-4dcb-b943-068aaad8cfa3", "entity_type": "user", "content_type": "text", "content_summary": "Hello world..."}', '2025-08-10 23:21:41.921622+00', NULL, NULL, NULL, NULL, NULL, 'post', '1a628bf3-60f3-477e-9128-d4a02ab92d61', '{"is_premium": false, "privacy_level": "public", "engagement_count": 0}', 0, 0, 0, 0, '{}', 'individual', false, NULL, NULL, 'text', 'public', NULL, 'Post content', NULL, NULL, NULL, 0.00, '2025-08-10 23:21:41.921622+00'),
	('20c47fcd-4e8b-4753-8e5e-33a79dfff9b8', 'e06cdf85-b449-4dcb-b943-068aaad8cfa3', 'post_created', NULL, NULL, '{"content": "This is a test", "post_id": "70bd716e-1805-4c56-bb8a-02699b82c18e", "created_at": "2025-08-11T04:43:45.735Z", "visibility": "public", "ai_metadata": {}, "content_type": "text", "content_length": 14, "allowed_user_ids": [], "original_metadata": {}}', '2025-08-11 04:43:45.945375+00', NULL, NULL, NULL, NULL, NULL, 'user', 'e06cdf85-b449-4dcb-b943-068aaad8cfa3', '{}', 0, 0, 0, 0, '{}', 'individual', false, NULL, NULL, 'text', 'public', NULL, 'Post content', NULL, NULL, NULL, 0.00, '2025-08-11 04:43:45.945375+00'),
	('e80c6648-093d-466a-9ba6-21821365c2f1', 'e06cdf85-b449-4dcb-b943-068aaad8cfa3', 'post_created', NULL, NULL, '{"content": "What is this", "post_id": "402e34f7-30c9-403a-aca2-bc315ab78c52", "created_at": "2025-08-11T04:49:06.476Z", "visibility": "public", "ai_metadata": {}, "content_type": "text", "content_length": 12, "allowed_user_ids": [], "original_metadata": {}}', '2025-08-11 04:49:06.664096+00', NULL, NULL, NULL, NULL, NULL, 'user', 'e06cdf85-b449-4dcb-b943-068aaad8cfa3', '{}', 0, 0, 0, 0, '{}', 'individual', false, NULL, NULL, 'text', 'public', NULL, 'Post content', NULL, NULL, NULL, 0.00, '2025-08-11 04:49:06.664096+00'),
	('4c622742-ae9f-4ab3-9c73-2229a064162d', 'e06cdf85-b449-4dcb-b943-068aaad8cfa3', 'post_created', NULL, NULL, '{"text": "Testing this thing", "content": "Testing this thing", "post_id": "6cb696ab-3bd9-4b8a-b251-5314e0884ea1", "created_at": "2025-08-11T04:54:46.987Z", "visibility": "public", "ai_metadata": {}, "content_type": "text", "content_length": 18, "allowed_user_ids": [], "original_metadata": {}}', '2025-08-11 04:54:47.169727+00', NULL, NULL, NULL, NULL, NULL, 'user', 'e06cdf85-b449-4dcb-b943-068aaad8cfa3', '{}', 0, 0, 0, 0, '{}', 'individual', false, NULL, NULL, 'text', 'public', NULL, 'Post content', NULL, NULL, NULL, 0.00, '2025-08-11 04:54:47.169727+00'),
	('f183a90f-26de-4eb9-8780-3b0edc31e938', 'e06cdf85-b449-4dcb-b943-068aaad8cfa3', 'post_created', NULL, NULL, '{"content": "What is this you made now", "post_id": "d9ac4252-6227-465e-8def-9e66f3857688"}', '2025-08-11 05:49:06.715253+00', NULL, NULL, NULL, NULL, NULL, 'user', 'e06cdf85-b449-4dcb-b943-068aaad8cfa3', '{}', 0, 0, 0, 0, '{}', 'individual', false, NULL, NULL, 'text', 'public', NULL, 'Post content', NULL, NULL, NULL, 0.00, '2025-08-11 05:49:06.715253+00'),
	('cb73f2a9-5e7f-4a76-9fbf-495e8e5886c4', 'e06cdf85-b449-4dcb-b943-068aaad8cfa3', 'post_created', NULL, NULL, '{"content": "Look at this thing", "post_id": "3080d1a8-14ba-4f8d-9a37-b27da964162b"}', '2025-08-12 22:47:57.675556+00', NULL, NULL, NULL, NULL, NULL, 'user', 'e06cdf85-b449-4dcb-b943-068aaad8cfa3', '{}', 0, 0, 0, 0, '{}', 'individual', false, NULL, NULL, 'text', 'public', NULL, 'Post content', NULL, NULL, NULL, 0.00, '2025-08-12 22:47:57.675556+00'),
	('8bca9553-2142-4d2a-8c7d-cdfe70e79381', 'e06cdf85-b449-4dcb-b943-068aaad8cfa3', 'post_created', NULL, NULL, '{"content": "Testing this thing once again", "post_id": "e449fbb8-f193-4efb-bc71-38cb230e598b"}', '2025-08-12 23:13:06.732622+00', NULL, NULL, NULL, NULL, NULL, 'user', 'e06cdf85-b449-4dcb-b943-068aaad8cfa3', '{}', 0, 0, 0, 0, '{}', 'individual', false, NULL, NULL, 'text', 'public', NULL, 'Post content', NULL, NULL, NULL, 0.00, '2025-08-12 23:13:06.732622+00'),
	('08b42c21-8b75-4dbc-8ebf-d0a45d24a2cc', 'e06cdf85-b449-4dcb-b943-068aaad8cfa3', 'post_created', NULL, NULL, '{"content": "What now", "post_id": "5ff479f7-7395-4872-803d-4d9ee044a489"}', '2025-08-12 23:34:54.196214+00', NULL, NULL, NULL, NULL, NULL, 'user', 'e06cdf85-b449-4dcb-b943-068aaad8cfa3', '{}', 0, 0, 0, 0, '{}', 'individual', false, NULL, NULL, 'text', 'public', NULL, 'Post content', NULL, NULL, NULL, 0.00, '2025-08-12 23:34:54.196214+00'),
	('bbbfe41d-e28a-426f-a272-047d4af98fe9', 'e06cdf85-b449-4dcb-b943-068aaad8cfa3', 'post_created', NULL, NULL, '{"content": "Let me test this mess", "post_id": "358f2ae2-3fcc-4703-b4a4-44d954f640e0"}', '2025-08-13 13:30:25.645461+00', NULL, NULL, NULL, NULL, NULL, 'user', 'e06cdf85-b449-4dcb-b943-068aaad8cfa3', '{}', 0, 0, 0, 0, '{}', 'individual', false, NULL, NULL, 'text', 'public', NULL, 'Post content', NULL, NULL, NULL, 0.00, '2025-08-13 13:30:25.645461+00'),
	('b0ed6d11-15e8-45a9-9cbe-f739ca7bf16f', '2474659f-003e-4faa-8c53-9969c33f20b2', 'post_created', NULL, NULL, '{"content": "Hello world", "post_id": "96341be8-fa62-4ee1-a09f-834d6453219a"}', '2025-08-13 14:58:49.998328+00', NULL, NULL, NULL, NULL, NULL, 'user', '2474659f-003e-4faa-8c53-9969c33f20b2', '{}', 0, 0, 0, 0, '{}', 'individual', false, NULL, NULL, 'text', 'public', NULL, 'Post content', NULL, NULL, NULL, 0.00, '2025-08-13 14:58:49.998328+00'),
	('52d46f02-7747-422a-bd67-7dbad348d8be', '2474659f-003e-4faa-8c53-9969c33f20b2', 'post_created', NULL, NULL, '{"content": "what is this", "post_id": "2f97b818-a760-4df4-9745-5f1b7be954fd"}', '2025-08-14 00:29:34.231625+00', NULL, NULL, NULL, NULL, NULL, 'user', '2474659f-003e-4faa-8c53-9969c33f20b2', '{}', 0, 0, 0, 0, '{}', 'individual', false, NULL, NULL, 'text', 'public', NULL, 'Post content', NULL, NULL, NULL, 0.00, '2025-08-14 00:29:34.231625+00');


--
-- Data for Name: activity_comments; Type: TABLE DATA; Schema: public; Owner: postgres
--



--
-- Data for Name: activity_likes; Type: TABLE DATA; Schema: public; Owner: postgres
--



--
-- Data for Name: activity_log; Type: TABLE DATA; Schema: public; Owner: postgres
--



--
-- Data for Name: ai_image_analysis; Type: TABLE DATA; Schema: public; Owner: postgres
--



--
-- Data for Name: album_analytics; Type: TABLE DATA; Schema: public; Owner: postgres
--



--
-- Data for Name: photo_albums; Type: TABLE DATA; Schema: public; Owner: postgres
--

INSERT INTO "public"."photo_albums" ("id", "name", "description", "cover_image_id", "owner_id", "is_public", "view_count", "like_count", "share_count", "entity_id", "entity_type", "metadata", "created_at", "updated_at", "deleted_at", "monetization_enabled", "premium_content", "community_features", "ai_enhanced", "analytics_enabled", "revenue_generated", "total_subscribers", "community_score", "entity_metadata") VALUES
	('6ede8636-bc84-4f49-a8a8-ae073c586484', 'Great Books', '', NULL, 'e06cdf85-b449-4dcb-b943-068aaad8cfa3', true, 0, 0, 0, 'e06cdf85-b449-4dcb-b943-068aaad8cfa3', 'user', '{"updated_at": "2025-07-06T05:05:35.789Z", "show_in_feed": true, "privacy_level": "public", "allowed_viewers": []}', '2025-07-06 04:46:13.96564+00', '2025-07-06 04:46:13.96564+00', NULL, false, false, false, false, false, 0.00, 0, 0.00, '{}'),
	('94ee882d-6be4-4ebf-afaa-cd338254af2c', 'First book', '', NULL, 'e06cdf85-b449-4dcb-b943-068aaad8cfa3', true, 0, 0, 0, 'e06cdf85-b449-4dcb-b943-068aaad8cfa3', 'user', '{"created_at": "2025-07-06T05:06:04.910Z", "show_in_feed": true, "privacy_level": "public", "allowed_viewers": []}', '2025-07-06 05:06:05.716497+00', '2025-07-06 05:06:05.716497+00', NULL, false, false, false, false, false, 0.00, 0, 0.00, '{}'),
	('a3231fc2-9374-47bb-9787-5cfa7a0c9890', 'Test books', 'These are the books I like', NULL, 'e06cdf85-b449-4dcb-b943-068aaad8cfa3', true, 0, 0, 0, 'e06cdf85-b449-4dcb-b943-068aaad8cfa3', 'user', '{"updated_at": "2025-07-29T01:05:41.536Z", "show_in_feed": true, "privacy_level": "public", "allowed_viewers": []}', '2025-07-06 06:48:07.26649+00', '2025-07-29 01:05:41.286869+00', NULL, false, false, false, false, false, 0.00, 0, 0.00, '{}'),
	('dfe0fb85-9fa0-479f-9e21-ea95ceef695b', 'Books', '', NULL, '2474659f-003e-4faa-8c53-9969c33f20b2', true, 0, 0, 0, '2474659f-003e-4faa-8c53-9969c33f20b2', 'user', '{"created_from": "photo_album_creator", "show_in_feed": true, "privacy_level": "public"}', '2025-07-31 03:10:08.236136+00', '2025-07-31 03:10:08.236136+00', NULL, false, false, false, false, false, 0.00, 0, 0.00, '{}'),
	('d677f90e-2d80-433e-90a0-1717fef7bc8d', 'Old Books', 'These are some of my old favorites', NULL, '2474659f-003e-4faa-8c53-9969c33f20b2', true, 0, 0, 0, '2474659f-003e-4faa-8c53-9969c33f20b2', 'user', '{"created_from": "photo_album_creator", "show_in_feed": true, "privacy_level": "public"}', '2025-07-31 05:18:39.708246+00', '2025-07-31 05:18:39.708246+00', NULL, false, false, false, false, false, 0.00, 0, 0.00, '{}'),
	('14cd6818-b297-43b1-a3f7-356e8d3adcba', 'Posts', 'All post images automatically organized here', NULL, '2474659f-003e-4faa-8c53-9969c33f20b2', true, 0, 0, 0, '2474659f-003e-4faa-8c53-9969c33f20b2', 'user', '{"purpose": "post_images", "created_from": "timeline_post", "auto_generated": true}', '2025-08-14 19:31:43.347094+00', '2025-08-14 19:31:43.347094+00', NULL, false, false, false, false, false, 0.00, 0, 0.00, '{}'),
	('419cce19-1c20-44f5-b133-63450a3e8be7', 'Posts', 'Default album for user posts', NULL, '2474659f-003e-4faa-8c53-9969c33f20b2', false, 0, 0, 0, '2474659f-003e-4faa-8c53-9969c33f20b2', 'user_posts', NULL, '2025-08-17 16:40:28.88144+00', '2025-08-17 16:40:28.88144+00', NULL, false, false, false, false, false, 0.00, 0, 0.00, '{}'),
	('8cfee721-5e9c-42da-9640-70ece521ea2f', 'Post 17/08/2025 12:56:56', 'Multi-image post with 5 images', NULL, '2474659f-003e-4faa-8c53-9969c33f20b2', false, 0, 0, 0, '2474659f-003e-4faa-8c53-9969c33f20b2', 'user_posts', '{"post_id": "3d935522-7d0d-48cc-bcd5-e546801f7e9c", "post_type": "multi_image_post", "created_at": "2025-08-17T16:56:56.828Z", "total_images": 5}', '2025-08-17 16:56:57.086613+00', '2025-08-17 16:56:57.086613+00', NULL, false, false, false, false, false, 0.00, 0, 0.00, '{}'),
	('6678812d-534c-4864-9e66-c3863f32dfce', 'Post 17/08/2025 17:43:22', 'Multi-image post with 3 images', NULL, '2474659f-003e-4faa-8c53-9969c33f20b2', false, 0, 0, 0, '2474659f-003e-4faa-8c53-9969c33f20b2', 'user_posts', '{"post_id": "2c3c46c9-4ac5-4327-ba09-d5788f91fef1", "post_type": "multi_image_post", "created_at": "2025-08-17T21:43:22.533Z", "total_images": 3}', '2025-08-17 21:43:22.978699+00', '2025-08-17 21:43:22.978699+00', NULL, false, false, false, false, false, 0.00, 0, 0.00, '{}'),
	('7cfffdc4-24e9-4472-a1e4-79683e8ede6f', 'book_entity_header_album', 'Auto-created entity_header album for book 9a5909bb-e759-44ab-b8d0-7143482f66e8', NULL, '2474659f-003e-4faa-8c53-9969c33f20b2', false, 0, 0, 0, '9a5909bb-e759-44ab-b8d0-7143482f66e8', 'book', '{"total_images": 1, "last_modified": "2025-08-20T01:54:42.103Z"}', '2025-08-20 01:54:42.158367+00', '2025-08-20 01:54:43.198489+00', NULL, false, false, false, false, false, 0.00, 0, 0.00, '{}'),
	('295e578e-bbe2-4361-8362-18cc0b87f254', 'book_entity_header_album', 'Auto-created entity_header album for book 9a5909bb-e759-44ab-b8d0-7143482f66e8', NULL, '2474659f-003e-4faa-8c53-9969c33f20b2', false, 0, 0, 0, '9a5909bb-e759-44ab-b8d0-7143482f66e8', 'book', '{"total_images": 1, "last_modified": "2025-08-20T01:56:15.509Z"}', '2025-08-20 01:56:15.774432+00', '2025-08-20 01:56:16.614036+00', NULL, false, false, false, false, false, 0.00, 0, 0.00, '{}'),
	('720af3e3-c91b-4ec5-a1c5-c58c34a4902a', 'Avatar Images', 'Avatar Images for book 492d0538-5ab2-43bc-bc7b-e538da900639', NULL, '2474659f-003e-4faa-8c53-9969c33f20b2', false, 0, 0, 0, '492d0538-5ab2-43bc-bc7b-e538da900639', 'book', '{"total_images": 4, "album_purpose": "avatar", "last_modified": "2025-08-20T17:45:34.198Z"}', '2025-08-20 17:11:12.453958+00', '2025-08-20 17:45:35.41696+00', NULL, false, false, false, false, false, 0.00, 0, 0.00, '{}'),
	('5102d609-2236-4819-a9df-d80af9163f50', 'Header Cover Images', 'Header Cover Images for book 492d0538-5ab2-43bc-bc7b-e538da900639', NULL, '2474659f-003e-4faa-8c53-9969c33f20b2', false, 0, 0, 0, '492d0538-5ab2-43bc-bc7b-e538da900639', 'book', '{"total_images": 6, "album_purpose": "entity_header", "last_modified": "2025-08-20T17:47:10.703Z"}', '2025-08-20 15:15:07.686706+00', '2025-08-20 17:47:11.913947+00', NULL, false, false, false, false, false, 0.00, 0, 0.00, '{}'),
	('e2b48cb4-2574-4f6b-88ac-8efe4d4122bd', 'Header Cover Images', 'Header Cover Images for book 9a5909bb-e759-44ab-b8d0-7143482f66e8', NULL, '2474659f-003e-4faa-8c53-9969c33f20b2', false, 0, 0, 0, '9a5909bb-e759-44ab-b8d0-7143482f66e8', 'book', '{"total_images": 10, "album_purpose": "entity_header", "last_modified": "2025-08-20T05:48:13.559Z"}', '2025-08-20 02:29:02.095606+00', '2025-08-22 21:38:37.202754+00', NULL, false, false, false, false, false, 0.00, 0, 0.00, '{}');


--
-- Data for Name: album_images; Type: TABLE DATA; Schema: public; Owner: postgres
--

INSERT INTO "public"."album_images" ("id", "album_id", "image_id", "display_order", "is_cover", "is_featured", "metadata", "created_at", "updated_at", "entity_type_id", "entity_id", "view_count", "like_count", "share_count", "revenue_generated", "ai_tags", "community_engagement", "caption", "comment_count", "last_viewed_at", "performance_score", "alt_text", "description") VALUES
	('73e6ed01-545e-4d15-a648-2eff6c8bf7b8', 'a3231fc2-9374-47bb-9787-5cfa7a0c9890', '388ad4fd-5f0e-47bf-a317-a05e6d10eb0d', 0, false, false, '{"file_size": 33106, "mime_type": "image/avif", "uploaded_at": "2025-07-29T01:04:19.482Z", "upload_method": "cloudinary", "original_filename": "zofoggs4jsgant1nasrk.avif"}', '2025-07-29 01:04:19.025611+00', '2025-07-29 01:04:19.025611+00', NULL, NULL, 0, 0, 0, 0.00, '{}', 0.00, NULL, 0, NULL, 0.00, NULL, NULL),
	('713c2d54-26d8-49db-8276-67febc559379', 'a3231fc2-9374-47bb-9787-5cfa7a0c9890', '4a4dd6e1-07ca-4314-9238-67dcbbdd7fe1', 0, false, false, '{"file_size": 17688, "mime_type": "image/avif", "uploaded_at": "2025-07-29T03:11:02.512Z", "upload_method": "cloudinary", "original_filename": "amosackeg6n5rnftp7ab.avif"}', '2025-07-29 03:11:02.087144+00', '2025-07-29 03:11:02.087144+00', NULL, NULL, 0, 0, 0, 0.00, '{}', 0.00, NULL, 0, NULL, 0.00, NULL, NULL),
	('90053f1c-b1d0-45af-97e8-e7f687825a4b', 'a3231fc2-9374-47bb-9787-5cfa7a0c9890', 'c7e8be64-5869-4ab2-9782-16145a869d4d', 0, false, false, '{"file_size": 29215, "mime_type": "image/avif", "uploaded_at": "2025-07-29T03:11:03.707Z", "upload_method": "cloudinary", "original_filename": "j70n2byiegc3kqmpcvbk.avif"}', '2025-07-29 03:11:03.284696+00', '2025-07-29 03:11:03.284696+00', NULL, NULL, 0, 0, 0, 0.00, '{}', 0.00, NULL, 0, NULL, 0.00, NULL, NULL),
	('7c0e6c5b-85fb-4d22-8bcb-96d115dcac39', 'a3231fc2-9374-47bb-9787-5cfa7a0c9890', '93e97afc-45bc-482b-b58a-e8e0804d6d20', 0, false, false, '{"file_size": 17688, "mime_type": "image/avif", "uploaded_at": "2025-07-29T03:21:32.384Z", "upload_method": "cloudinary", "original_filename": "amosackeg6n5rnftp7ab.avif"}', '2025-07-29 03:21:31.984835+00', '2025-07-29 03:21:31.984835+00', NULL, NULL, 0, 0, 0, 0.00, '{}', 0.00, NULL, 0, NULL, 0.00, NULL, NULL),
	('e61cad1b-6d58-4c33-96ef-918220ba7013', 'a3231fc2-9374-47bb-9787-5cfa7a0c9890', '8c75cc2c-dd1a-4485-928f-f239e455759a', 0, false, false, '{"file_size": 29215, "mime_type": "image/avif", "uploaded_at": "2025-07-29T03:21:33.337Z", "upload_method": "cloudinary", "original_filename": "j70n2byiegc3kqmpcvbk.avif"}', '2025-07-29 03:21:32.938234+00', '2025-07-29 03:21:32.938234+00', NULL, NULL, 0, 0, 0, 0.00, '{}', 0.00, NULL, 0, NULL, 0.00, NULL, NULL),
	('854e5cd5-07a3-4bf3-a0a8-ba3b251210f0', 'a3231fc2-9374-47bb-9787-5cfa7a0c9890', '62fea14d-f0ae-43a1-aa02-656231c28e80', 0, false, false, '{"file_size": 33106, "mime_type": "image/avif", "uploaded_at": "2025-07-29T03:21:34.256Z", "upload_method": "cloudinary", "original_filename": "zofoggs4jsgant1nasrk.avif"}', '2025-07-29 03:21:33.83636+00', '2025-07-29 03:21:33.83636+00', NULL, NULL, 0, 0, 0, 0.00, '{}', 0.00, NULL, 0, NULL, 0.00, NULL, NULL),
	('c884693e-fce7-4490-aa1e-f78491bacbdf', 'a3231fc2-9374-47bb-9787-5cfa7a0c9890', '923215ff-9523-4d4c-835a-bf423049e40b', 1, false, false, '{"uploaded_at": "2025-07-30T14:42:51.640Z", "upload_context": "user_album"}', '2025-07-30 14:42:51.672581+00', '2025-07-30 14:42:51.672581+00', NULL, 'e06cdf85-b449-4dcb-b943-068aaad8cfa3', 0, 0, 0, 0.00, '{}', 0.00, NULL, 0, NULL, 0.00, NULL, NULL),
	('cea52a41-6f7d-43a7-8389-04efea032776', 'a3231fc2-9374-47bb-9787-5cfa7a0c9890', '21afd774-f6db-4ea9-a32a-fc1e08706b2a', 2, false, false, '{"uploaded_at": "2025-07-30T14:42:51.640Z", "upload_context": "user_album"}', '2025-07-30 14:42:51.672581+00', '2025-07-30 14:42:51.672581+00', NULL, 'e06cdf85-b449-4dcb-b943-068aaad8cfa3', 0, 0, 0, 0.00, '{}', 0.00, NULL, 0, NULL, 0.00, NULL, NULL),
	('4ce8c9ad-8c43-42d2-9244-4648cd9e457a', 'a3231fc2-9374-47bb-9787-5cfa7a0c9890', '345bf8d4-c852-4f0e-9a15-df8c8bfba1d4', 3, false, false, '{"uploaded_at": "2025-07-30T14:42:51.640Z", "upload_context": "user_album"}', '2025-07-30 14:42:51.672581+00', '2025-07-30 14:42:51.672581+00', NULL, 'e06cdf85-b449-4dcb-b943-068aaad8cfa3', 0, 0, 0, 0.00, '{}', 0.00, NULL, 0, NULL, 0.00, NULL, NULL),
	('001389fa-b62b-4ffe-8b40-86a017e4ffdb', 'a3231fc2-9374-47bb-9787-5cfa7a0c9890', '92faa507-90f9-46ba-8bf8-515d16bbae64', 4, false, false, '{"uploaded_at": "2025-07-30T14:43:16.700Z", "upload_context": "user_album"}', '2025-07-30 14:43:16.712198+00', '2025-07-30 14:43:16.712198+00', NULL, 'e06cdf85-b449-4dcb-b943-068aaad8cfa3', 0, 0, 0, 0.00, '{}', 0.00, NULL, 0, NULL, 0.00, NULL, NULL),
	('4aeea51c-d6d7-431d-8b01-709e03eb09aa', 'a3231fc2-9374-47bb-9787-5cfa7a0c9890', '4906f4f0-45e4-4e12-83de-2f1eb877d3fa', 5, false, false, '{"uploaded_at": "2025-07-30T14:43:16.700Z", "upload_context": "user_album"}', '2025-07-30 14:43:16.712198+00', '2025-07-30 14:43:16.712198+00', NULL, 'e06cdf85-b449-4dcb-b943-068aaad8cfa3', 0, 0, 0, 0.00, '{}', 0.00, NULL, 0, NULL, 0.00, NULL, NULL),
	('478cdff5-19b9-4f20-9602-bc0ce7d8c420', 'a3231fc2-9374-47bb-9787-5cfa7a0c9890', 'bd81bfe6-7876-4279-867d-d1bc04b8c321', 6, false, false, '{"uploaded_at": "2025-07-30T14:43:16.700Z", "upload_context": "user_album"}', '2025-07-30 14:43:16.712198+00', '2025-07-30 14:43:16.712198+00', NULL, 'e06cdf85-b449-4dcb-b943-068aaad8cfa3', 0, 0, 0, 0.00, '{}', 0.00, NULL, 0, NULL, 0.00, NULL, NULL),
	('036b95df-ed32-4f5e-9a61-f2f1b2e393c8', 'a3231fc2-9374-47bb-9787-5cfa7a0c9890', 'f4dcc420-99b2-46ee-b87c-456c75cead59', 7, false, false, '{"uploaded_at": "2025-07-30T15:39:02.227Z", "upload_context": "user_album"}', '2025-07-30 15:39:02.285323+00', '2025-07-30 15:39:02.285323+00', NULL, 'e06cdf85-b449-4dcb-b943-068aaad8cfa3', 0, 0, 0, 0.00, '{}', 0.00, NULL, 0, NULL, 0.00, NULL, NULL),
	('c6c04ca3-4148-4677-924e-9fce4874d8d5', 'a3231fc2-9374-47bb-9787-5cfa7a0c9890', 'e36bc2af-0897-470e-90e6-8e7b03a29bea', 8, false, false, '{"uploaded_at": "2025-07-30T15:39:02.227Z", "upload_context": "user_album"}', '2025-07-30 15:39:02.285323+00', '2025-07-30 15:39:02.285323+00', NULL, 'e06cdf85-b449-4dcb-b943-068aaad8cfa3', 0, 0, 0, 0.00, '{}', 0.00, NULL, 0, NULL, 0.00, NULL, NULL),
	('a537c99e-1da8-4740-887e-66a83b35751a', 'a3231fc2-9374-47bb-9787-5cfa7a0c9890', '2aea0cff-1b4f-4a55-8727-4a7ecf0ab150', 9, false, false, '{"uploaded_at": "2025-07-30T15:39:29.134Z", "upload_context": "user_album"}', '2025-07-30 15:39:29.166461+00', '2025-07-30 15:39:29.166461+00', NULL, 'e06cdf85-b449-4dcb-b943-068aaad8cfa3', 0, 0, 0, 0.00, '{}', 0.00, NULL, 0, NULL, 0.00, NULL, NULL),
	('b60069b9-3922-46e7-8823-35a2f111bdf1', 'a3231fc2-9374-47bb-9787-5cfa7a0c9890', 'a481569f-37e1-4ee8-a43b-86fee447365b', 10, false, false, '{"uploaded_at": "2025-07-30T15:39:29.134Z", "upload_context": "user_album"}', '2025-07-30 15:39:29.166461+00', '2025-07-30 15:39:29.166461+00', NULL, 'e06cdf85-b449-4dcb-b943-068aaad8cfa3', 0, 0, 0, 0.00, '{}', 0.00, NULL, 0, NULL, 0.00, NULL, NULL),
	('25c3a092-8d90-4692-9870-b10c1ab8011a', 'a3231fc2-9374-47bb-9787-5cfa7a0c9890', '223a1209-b949-4188-8796-5372ecd50cfe', 11, false, false, '{"uploaded_at": "2025-07-30T15:39:29.134Z", "upload_context": "user_album"}', '2025-07-30 15:39:29.166461+00', '2025-07-30 15:39:29.166461+00', NULL, 'e06cdf85-b449-4dcb-b943-068aaad8cfa3', 0, 0, 0, 0.00, '{}', 0.00, NULL, 0, NULL, 0.00, NULL, NULL),
	('68cd95fc-97fd-43a9-8ccd-824e50c993e6', 'dfe0fb85-9fa0-479f-9e21-ea95ceef695b', '1890a0a7-c11e-4230-b968-905c8f394a77', 1, false, false, '{"uploaded_at": "2025-07-31T03:10:39.662Z", "upload_context": "user_album"}', '2025-07-31 03:10:39.887762+00', '2025-07-31 03:10:39.887762+00', NULL, '2474659f-003e-4faa-8c53-9969c33f20b2', 0, 0, 0, 0.00, '{}', 0.00, NULL, 0, NULL, 0.00, NULL, NULL),
	('fd882d70-9e59-43ce-bcfa-3abd0eabece0', 'dfe0fb85-9fa0-479f-9e21-ea95ceef695b', 'e117e984-86cb-45c0-b108-05f99b43a0d6', 2, false, false, '{"uploaded_at": "2025-07-31T03:10:39.662Z", "upload_context": "user_album"}', '2025-07-31 03:10:39.887762+00', '2025-07-31 03:10:39.887762+00', NULL, '2474659f-003e-4faa-8c53-9969c33f20b2', 0, 0, 0, 0.00, '{}', 0.00, NULL, 0, NULL, 0.00, NULL, NULL),
	('ec5f62a5-3ab5-4fee-bb19-872e6484a854', 'dfe0fb85-9fa0-479f-9e21-ea95ceef695b', 'fd234ec4-d10d-42dc-ae3d-a729c55340c6', 3, false, false, '{"uploaded_at": "2025-07-31T03:10:39.662Z", "upload_context": "user_album"}', '2025-07-31 03:10:39.887762+00', '2025-07-31 03:10:39.887762+00', NULL, '2474659f-003e-4faa-8c53-9969c33f20b2', 0, 0, 0, 0.00, '{}', 0.00, NULL, 0, NULL, 0.00, NULL, NULL),
	('cfcb605a-d011-4759-af2b-6814daf730a5', 'dfe0fb85-9fa0-479f-9e21-ea95ceef695b', '2751be33-e1d0-42c3-841a-fc81e10271d7', 5, false, false, '{"uploaded_at": "2025-07-31T05:14:47.849Z", "upload_context": "user_album"}', '2025-07-31 05:14:48.100522+00', '2025-07-31 05:14:48.100522+00', NULL, '2474659f-003e-4faa-8c53-9969c33f20b2', 0, 0, 0, 0.00, '{}', 0.00, NULL, 0, NULL, 0.00, NULL, NULL),
	('d708861e-5da7-4cbf-9742-1f1e4fe9ccd6', 'dfe0fb85-9fa0-479f-9e21-ea95ceef695b', 'b1c17c88-90b0-4eb3-9aa5-ee747bd357a7', 6, false, false, '{"uploaded_at": "2025-07-31T05:14:47.849Z", "upload_context": "user_album"}', '2025-07-31 05:14:48.100522+00', '2025-07-31 05:14:48.100522+00', NULL, '2474659f-003e-4faa-8c53-9969c33f20b2', 0, 0, 0, 0.00, '{}', 0.00, NULL, 0, NULL, 0.00, NULL, NULL),
	('6c72e6ec-2f6f-450e-be6b-a239888a36d4', 'd677f90e-2d80-433e-90a0-1717fef7bc8d', '44c520f7-43af-4abb-acf6-e00f50b74f3b', 1, false, false, '{"uploaded_at": "2025-07-31T05:19:04.044Z", "upload_context": "user_album"}', '2025-07-31 05:19:04.295237+00', '2025-07-31 05:19:04.295237+00', NULL, '2474659f-003e-4faa-8c53-9969c33f20b2', 0, 0, 0, 0.00, '{}', 0.00, NULL, 0, NULL, 0.00, NULL, NULL),
	('bdb6620f-8a45-4bfd-acae-420913aef138', 'd677f90e-2d80-433e-90a0-1717fef7bc8d', 'cc4caa5f-9ce4-4815-83b0-9be4d3ed0be7', 2, false, false, '{"uploaded_at": "2025-07-31T05:19:04.044Z", "upload_context": "user_album"}', '2025-07-31 05:19:04.295237+00', '2025-07-31 05:19:04.295237+00', NULL, '2474659f-003e-4faa-8c53-9969c33f20b2', 0, 0, 0, 0.00, '{}', 0.00, NULL, 0, NULL, 0.00, NULL, NULL),
	('7498977f-4864-4537-b148-c9b70e14af24', 'd677f90e-2d80-433e-90a0-1717fef7bc8d', '8c786f71-8092-412b-9657-99693532b4f0', 3, false, false, '{"uploaded_at": "2025-07-31T05:19:04.044Z", "upload_context": "user_album"}', '2025-07-31 05:19:04.295237+00', '2025-07-31 05:19:04.295237+00', NULL, '2474659f-003e-4faa-8c53-9969c33f20b2', 0, 0, 0, 0.00, '{}', 0.00, NULL, 0, NULL, 0.00, NULL, NULL),
	('55e81682-0936-4377-90ce-15b7ac4b13bd', '419cce19-1c20-44f5-b133-63450a3e8be7', '8411c297-83e9-465b-b884-d38cae8eaa34', 1, false, false, NULL, '2025-08-17 16:40:29.260664+00', '2025-08-17 16:40:29.260664+00', NULL, NULL, 0, 0, 0, 0.00, '{}', 0.00, NULL, 0, NULL, 0.00, NULL, NULL),
	('746a9e45-c596-456b-9a23-f3756e792f8e', '419cce19-1c20-44f5-b133-63450a3e8be7', 'ba653ce4-5a3e-467e-a6e0-d48f08163d3a', 1, false, false, NULL, '2025-08-17 16:48:46.914801+00', '2025-08-17 16:48:46.914801+00', NULL, NULL, 0, 0, 0, 0.00, '{}', 0.00, NULL, 0, NULL, 0.00, NULL, NULL),
	('03d2d6e6-e61f-4856-a61f-9f9606f2ab7a', '419cce19-1c20-44f5-b133-63450a3e8be7', '40f9565b-77dd-4e3f-9eb7-6560aaf28419', 2, false, false, NULL, '2025-08-17 16:48:47.221447+00', '2025-08-17 16:48:47.221447+00', NULL, NULL, 0, 0, 0, 0.00, '{}', 0.00, NULL, 0, NULL, 0.00, NULL, NULL),
	('ab7845f9-7b23-4f1e-a33d-c995804ba5d8', '419cce19-1c20-44f5-b133-63450a3e8be7', '34a6eb3c-e72d-4f2b-a469-f695c035564f', 3, false, false, NULL, '2025-08-17 16:48:47.509976+00', '2025-08-17 16:48:47.509976+00', NULL, NULL, 0, 0, 0, 0.00, '{}', 0.00, NULL, 0, NULL, 0.00, NULL, NULL),
	('37fe20a4-8580-4b05-b40f-1fbd626db9e6', '419cce19-1c20-44f5-b133-63450a3e8be7', 'd05cf26e-9ab4-4e66-ac89-1a0550b63d5e', 4, false, false, NULL, '2025-08-17 16:48:47.833702+00', '2025-08-17 16:48:47.833702+00', NULL, NULL, 0, 0, 0, 0.00, '{}', 0.00, NULL, 0, NULL, 0.00, NULL, NULL),
	('0031e965-9c5b-4541-9e27-eb06542b2461', '8cfee721-5e9c-42da-9640-70ece521ea2f', '955315f8-8ede-4990-bdf1-4fbe651fc0e4', 1, true, false, NULL, '2025-08-17 16:56:57.240016+00', '2025-08-17 16:56:57.240016+00', NULL, NULL, 0, 0, 0, 0.00, '{}', 0.00, NULL, 0, NULL, 0.00, NULL, NULL),
	('39069688-7dbb-47f7-86ea-5d021313b182', '8cfee721-5e9c-42da-9640-70ece521ea2f', '89ffe444-461f-4ce4-9e51-785904861272', 2, false, false, NULL, '2025-08-17 16:56:57.399391+00', '2025-08-17 16:56:57.399391+00', NULL, NULL, 0, 0, 0, 0.00, '{}', 0.00, NULL, 0, NULL, 0.00, NULL, NULL),
	('27fd9311-d1e8-4847-8984-56c0f337694a', '8cfee721-5e9c-42da-9640-70ece521ea2f', 'cedc2561-ed06-40de-afa1-e220fef8e156', 3, false, false, NULL, '2025-08-17 16:56:57.554488+00', '2025-08-17 16:56:57.554488+00', NULL, NULL, 0, 0, 0, 0.00, '{}', 0.00, NULL, 0, NULL, 0.00, NULL, NULL),
	('9086e958-67b2-45fc-8336-246381d72cce', '8cfee721-5e9c-42da-9640-70ece521ea2f', 'f972c53e-537c-4437-8270-3a9a7e7619d6', 4, false, false, NULL, '2025-08-17 16:56:57.701461+00', '2025-08-17 16:56:57.701461+00', NULL, NULL, 0, 0, 0, 0.00, '{}', 0.00, NULL, 0, NULL, 0.00, NULL, NULL),
	('48332460-49f8-45e0-8ec1-d028bc12a6c2', '8cfee721-5e9c-42da-9640-70ece521ea2f', '33d5d8f5-1237-4386-8ac9-3d2be80b9807', 5, false, false, NULL, '2025-08-17 16:56:57.860325+00', '2025-08-17 16:56:57.860325+00', NULL, NULL, 0, 0, 0, 0.00, '{}', 0.00, NULL, 0, NULL, 0.00, NULL, NULL),
	('5c914ab6-8da8-49f5-a617-178f95c6ff98', '6678812d-534c-4864-9e66-c3863f32dfce', '309d3460-165c-4cdc-b2dd-7d9a0dda1637', 1, true, false, NULL, '2025-08-17 21:43:23.339806+00', '2025-08-17 21:43:23.339806+00', NULL, NULL, 0, 0, 0, 0.00, '{}', 0.00, NULL, 0, NULL, 0.00, NULL, NULL),
	('0c060457-0964-467f-b8ae-20785ecfc82b', '6678812d-534c-4864-9e66-c3863f32dfce', '285f89ba-148e-4ca0-abf5-f571472ee67d', 2, false, false, NULL, '2025-08-17 21:43:23.575852+00', '2025-08-17 21:43:23.575852+00', NULL, NULL, 0, 0, 0, 0.00, '{}', 0.00, NULL, 0, NULL, 0.00, NULL, NULL),
	('cf3bdf26-57e1-4ab3-a1a0-639430eae948', '6678812d-534c-4864-9e66-c3863f32dfce', '1f31f2c5-09a0-4e96-afad-95b580a8f99a', 3, false, false, NULL, '2025-08-17 21:43:23.841138+00', '2025-08-17 21:43:23.841138+00', NULL, NULL, 0, 0, 0, 0.00, '{}', 0.00, NULL, 0, NULL, 0.00, NULL, NULL),
	('98ed035d-f147-4510-ad98-db8a930df6a8', '7cfffdc4-24e9-4472-a1e4-79683e8ede6f', '210f9939-ae18-4bcc-8e98-d4d019768fb1', 1, true, true, '{"added_via": "entity_image_api", "entity_id": "9a5909bb-e759-44ab-b8d0-7143482f66e8", "entity_type": "book", "album_purpose": "entity_header"}', '2025-08-20 01:54:42.772033+00', '2025-08-20 01:54:42.772033+00', NULL, NULL, 0, 0, 0, 0.00, '{}', 0.00, NULL, 0, NULL, 0.00, NULL, NULL),
	('2f87eb7b-4aa2-418a-b5b3-3f307beb732b', '295e578e-bbe2-4361-8362-18cc0b87f254', '3486759e-ec74-44e4-8e38-47923b234545', 1, true, true, '{"added_via": "entity_image_api", "entity_id": "9a5909bb-e759-44ab-b8d0-7143482f66e8", "entity_type": "book", "album_purpose": "entity_header"}', '2025-08-20 01:56:16.19416+00', '2025-08-20 01:56:16.19416+00', NULL, NULL, 0, 0, 0, 0.00, '{}', 0.00, NULL, 0, NULL, 0.00, NULL, NULL),
	('f6f7f77f-d91f-4ee4-8413-0516579d2806', '720af3e3-c91b-4ec5-a1c5-c58c34a4902a', '0c9a97b5-9bcf-4efc-843c-2b4488bcb3b4', 1, true, true, '{"added_via": "entity_image_api", "entity_id": "492d0538-5ab2-43bc-bc7b-e538da900639", "entity_type": "book", "album_purpose": "avatar"}', '2025-08-20 17:45:35.121019+00', '2025-08-20 17:45:35.121019+00', NULL, NULL, 0, 0, 0, 0.00, '{}', 0.00, NULL, 0, NULL, 0.00, 'New avatar for Jaded', 'JADED'),
	('433baa31-8343-4118-be25-2bc34e17db21', '5102d609-2236-4819-a9df-d80af9163f50', '08ec9fcc-cf52-4ccc-9470-49cb10c4ef69', 1, false, false, '{"added_via": "entity_image_api", "entity_id": "492d0538-5ab2-43bc-bc7b-e538da900639", "entity_type": "book", "album_purpose": "entity_header"}', '2025-08-20 15:21:46.046869+00', '2025-08-20 15:21:46.046869+00', NULL, NULL, 0, 0, 0, 0.00, '{}', 0.00, NULL, 0, NULL, 0.00, NULL, NULL),
	('560efcc4-0080-41ee-8457-cb0a3cb1b6e7', '5102d609-2236-4819-a9df-d80af9163f50', '121c5958-15bc-488a-a6ed-a2b00103976a', 1, false, false, '{"added_via": "entity_image_api", "entity_id": "492d0538-5ab2-43bc-bc7b-e538da900639", "entity_type": "book", "album_purpose": "entity_header"}', '2025-08-20 15:32:38.80398+00', '2025-08-20 15:32:38.80398+00', NULL, NULL, 0, 0, 0, 0.00, '{}', 0.00, NULL, 0, NULL, 0.00, NULL, NULL),
	('63c0f280-4c84-4d02-acaa-9412c392364f', '5102d609-2236-4819-a9df-d80af9163f50', '3ed1019b-3cc4-47bd-804d-d88f8b078a86', 1, true, true, '{"added_via": "entity_image_api", "entity_id": "492d0538-5ab2-43bc-bc7b-e538da900639", "entity_type": "book", "album_purpose": "entity_header"}', '2025-08-20 15:15:07.954025+00', '2025-08-20 15:15:07.954025+00', NULL, NULL, 0, 0, 0, 0.00, '{}', 0.00, NULL, 0, NULL, 0.00, 'Cover for book Jaded', 'JADED'),
	('81a59ef3-0f12-4873-ae1a-86f98e7520b5', '720af3e3-c91b-4ec5-a1c5-c58c34a4902a', 'e5f7913f-92c7-4077-8827-df88da9fe94c', 1, false, false, '{"added_via": "entity_image_api", "entity_id": "492d0538-5ab2-43bc-bc7b-e538da900639", "entity_type": "book", "album_purpose": "avatar"}', '2025-08-20 17:39:10.75591+00', '2025-08-20 17:39:10.75591+00', NULL, NULL, 0, 0, 0, 0.00, '{}', 0.00, NULL, 0, NULL, 0.00, NULL, NULL),
	('1154952a-b274-4836-8571-683d965eab28', 'e2b48cb4-2574-4f6b-88ac-8efe4d4122bd', '93f65502-c695-4071-808a-4ab12fbf41d7', 1, false, true, '{"added_via": "entity_image_api", "entity_id": "9a5909bb-e759-44ab-b8d0-7143482f66e8", "entity_type": "book", "album_purpose": "entity_header"}', '2025-08-20 02:29:02.677806+00', '2025-08-20 02:29:02.677806+00', NULL, NULL, 0, 0, 0, 0.00, '{}', 0.00, NULL, 0, NULL, 0.00, NULL, NULL),
	('5b579ff7-bad0-40ed-91e8-398b28ff435f', '720af3e3-c91b-4ec5-a1c5-c58c34a4902a', '8adf1b8d-0d32-454b-8c9a-005c54242498', 1, false, false, '{"added_via": "entity_image_api", "entity_id": "492d0538-5ab2-43bc-bc7b-e538da900639", "entity_type": "book", "album_purpose": "avatar"}', '2025-08-20 17:39:55.842784+00', '2025-08-20 17:39:55.842784+00', NULL, NULL, 0, 0, 0, 0.00, '{}', 0.00, NULL, 0, NULL, 0.00, NULL, NULL),
	('6386a64a-8092-4ddc-acd6-7b97fa14bc04', 'e2b48cb4-2574-4f6b-88ac-8efe4d4122bd', '0796e5a7-ee67-4079-b84e-3dc733f5eb1f', 1, false, true, '{"added_via": "entity_image_api", "entity_id": "9a5909bb-e759-44ab-b8d0-7143482f66e8", "entity_type": "book", "album_purpose": "entity_header"}', '2025-08-20 02:38:28.183429+00', '2025-08-20 02:38:28.183429+00', NULL, NULL, 0, 0, 0, 0.00, '{}', 0.00, NULL, 0, NULL, 0.00, NULL, NULL),
	('43d2a52c-63a5-4981-86a4-65d6cac93214', '720af3e3-c91b-4ec5-a1c5-c58c34a4902a', '718060ac-076b-421e-b052-caa9a837abb4', 1, false, true, '{"added_via": "entity_image_api", "entity_id": "492d0538-5ab2-43bc-bc7b-e538da900639", "entity_type": "book", "album_purpose": "avatar"}', '2025-08-20 17:11:12.762548+00', '2025-08-20 17:11:12.762548+00', NULL, NULL, 0, 0, 0, 0.00, '{}', 0.00, NULL, 0, NULL, 0.00, 'Avatar for the book Jaded', 'JADED'),
	('fa34ca8b-3205-4516-a508-c4edde6ea928', 'e2b48cb4-2574-4f6b-88ac-8efe4d4122bd', 'ae105326-09fb-41b5-bb36-3d4727ddffcd', 1, false, true, '{"added_via": "entity_image_api", "entity_id": "9a5909bb-e759-44ab-b8d0-7143482f66e8", "entity_type": "book", "album_purpose": "entity_header"}', '2025-08-20 03:28:08.282655+00', '2025-08-20 03:28:08.282655+00', NULL, NULL, 0, 0, 0, 0.00, '{}', 0.00, NULL, 0, NULL, 0.00, NULL, NULL),
	('90fd7ef7-cfff-48c4-bb25-ca778e006fa4', 'e2b48cb4-2574-4f6b-88ac-8efe4d4122bd', '6d01c41f-1f92-47bc-84f5-5ee1ca67029c', 1, false, true, '{"added_via": "entity_image_api", "entity_id": "9a5909bb-e759-44ab-b8d0-7143482f66e8", "entity_type": "book", "album_purpose": "entity_header"}', '2025-08-20 03:56:34.815898+00', '2025-08-20 03:56:34.815898+00', NULL, NULL, 0, 0, 0, 0.00, '{}', 0.00, NULL, 0, NULL, 0.00, NULL, NULL),
	('8f1439b4-15aa-4431-8960-723be64d1983', 'e2b48cb4-2574-4f6b-88ac-8efe4d4122bd', '4d456319-e51a-424e-9a55-57f309a49cc5', 1, false, true, '{"added_via": "entity_image_api", "entity_id": "9a5909bb-e759-44ab-b8d0-7143482f66e8", "entity_type": "book", "album_purpose": "entity_header"}', '2025-08-20 04:35:57.318598+00', '2025-08-20 04:35:57.318598+00', NULL, NULL, 0, 0, 0, 0.00, '{}', 0.00, NULL, 0, NULL, 0.00, NULL, NULL),
	('7c570986-e54f-4818-8751-8ffc83c76b99', 'e2b48cb4-2574-4f6b-88ac-8efe4d4122bd', '30efc3b4-32e0-4259-86db-8c64d75f30ad', 1, false, true, '{"added_via": "entity_image_api", "entity_id": "9a5909bb-e759-44ab-b8d0-7143482f66e8", "entity_type": "book", "album_purpose": "entity_header"}', '2025-08-20 04:50:38.419143+00', '2025-08-20 04:50:38.419143+00', NULL, NULL, 0, 0, 0, 0.00, '{}', 0.00, NULL, 0, NULL, 0.00, NULL, NULL),
	('9cb5e154-cdcb-41b2-bfa7-13448f016dc6', 'e2b48cb4-2574-4f6b-88ac-8efe4d4122bd', '6180fc3f-2fc6-473a-9b4c-04768fe57037', 1, false, true, '{"added_via": "entity_image_api", "entity_id": "9a5909bb-e759-44ab-b8d0-7143482f66e8", "entity_type": "book", "album_purpose": "entity_header"}', '2025-08-20 05:01:04.227218+00', '2025-08-20 05:01:04.227218+00', NULL, NULL, 0, 0, 0, 0.00, '{}', 0.00, NULL, 0, NULL, 0.00, NULL, NULL),
	('e6a61063-e52f-4f07-9278-c18382c3ec00', 'e2b48cb4-2574-4f6b-88ac-8efe4d4122bd', 'f3bcda8d-409e-4041-9a1a-262bd46842d7', 1, false, true, '{"added_via": "entity_image_api", "entity_id": "9a5909bb-e759-44ab-b8d0-7143482f66e8", "entity_type": "book", "album_purpose": "entity_header"}', '2025-08-20 05:38:05.419774+00', '2025-08-20 05:38:05.419774+00', NULL, NULL, 0, 0, 0, 0.00, '{}', 0.00, NULL, 0, NULL, 0.00, NULL, NULL),
	('7187a9d6-d8df-4e7d-9460-c1cda3ebc56e', 'e2b48cb4-2574-4f6b-88ac-8efe4d4122bd', 'f36df17b-2b8a-487d-b15b-4f0df8e359c9', 1, false, true, '{"added_via": "entity_image_api", "entity_id": "9a5909bb-e759-44ab-b8d0-7143482f66e8", "entity_type": "book", "album_purpose": "entity_header"}', '2025-08-20 05:42:23.725728+00', '2025-08-20 05:42:23.725728+00', NULL, NULL, 0, 0, 0, 0.00, '{}', 0.00, NULL, 0, NULL, 0.00, NULL, NULL),
	('3fa6e9b0-b6e3-46e9-a6f0-0551ce85d4a9', 'e2b48cb4-2574-4f6b-88ac-8efe4d4122bd', '307d916c-e573-40d0-ade1-91772787ce57', 1, true, true, '{"added_via": "entity_image_api", "entity_id": "9a5909bb-e759-44ab-b8d0-7143482f66e8", "entity_type": "book", "album_purpose": "entity_header"}', '2025-08-20 05:48:13.983198+00', '2025-08-20 05:48:13.983198+00', NULL, NULL, 0, 0, 0, 0.00, '{}', 0.00, NULL, 0, NULL, 0.00, NULL, NULL),
	('448631ad-5132-40e2-a6db-093e75695208', '5102d609-2236-4819-a9df-d80af9163f50', '39a79a47-8a6d-4571-a5ad-5d98790dc050', 1, false, false, '{"added_via": "entity_image_api", "entity_id": "492d0538-5ab2-43bc-bc7b-e538da900639", "entity_type": "book", "album_purpose": "entity_header"}', '2025-08-20 15:39:24.776168+00', '2025-08-20 15:39:24.776168+00', NULL, NULL, 0, 0, 0, 0.00, '{}', 0.00, NULL, 0, NULL, 0.00, NULL, NULL),
	('d2d30a0d-aa0f-4b77-a75d-0e8e321ee1cd', '5102d609-2236-4819-a9df-d80af9163f50', '4e031af2-e7fd-4cd2-a49a-54c992ff3fdf', 1, false, false, '{"added_via": "entity_image_api", "entity_id": "492d0538-5ab2-43bc-bc7b-e538da900639", "entity_type": "book", "album_purpose": "entity_header"}', '2025-08-20 16:05:53.529403+00', '2025-08-20 16:05:53.529403+00', NULL, NULL, 0, 0, 0, 0.00, '{}', 0.00, NULL, 0, NULL, 0.00, NULL, NULL),
	('3e3ec8bd-fc74-4c0f-8ac5-e62c85a89a0b', '5102d609-2236-4819-a9df-d80af9163f50', '7187ff88-f94c-4e2a-a289-ed7570a9dacb', 1, false, false, '{"added_via": "entity_image_api", "entity_id": "492d0538-5ab2-43bc-bc7b-e538da900639", "entity_type": "book", "album_purpose": "entity_header"}', '2025-08-20 17:47:11.630955+00', '2025-08-20 17:47:11.630955+00', NULL, NULL, 0, 0, 0, 0.00, '{}', 0.00, NULL, 0, NULL, 0.00, NULL, NULL);


--
-- Data for Name: album_shares; Type: TABLE DATA; Schema: public; Owner: postgres
--



--
-- Data for Name: automation_workflows; Type: TABLE DATA; Schema: public; Owner: postgres
--



--
-- Data for Name: automation_executions; Type: TABLE DATA; Schema: public; Owner: postgres
--



--
-- Data for Name: blocks; Type: TABLE DATA; Schema: public; Owner: postgres
--



--
-- Data for Name: book_authors; Type: TABLE DATA; Schema: public; Owner: postgres
--

INSERT INTO "public"."book_authors" ("id", "book_id", "author_id", "created_at", "updated_at") VALUES
	('876a9a61-25fe-4ab6-a722-4020d40ec90a', '8366132b-50b4-452a-88b3-cd7368ecfd71', '8e75e51f-701f-4f3a-83da-70f625876ca8', NULL, NULL),
	('ec709d1d-35cb-4db8-8609-55c8d9b7602e', '235ce1e2-e5a5-4db9-9d2b-22093d960566', 'e31e061d-a4a8-4cc8-af18-754786ad5ee3', NULL, NULL),
	('dd54f153-b099-4bab-8c89-98794db91ced', '9a5909bb-e759-44ab-b8d0-7143482f66e8', 'e31e061d-a4a8-4cc8-af18-754786ad5ee3', NULL, NULL),
	('a8b861a7-4ea3-43a6-b983-8e4a71a91d5e', '492d0538-5ab2-43bc-bc7b-e538da900639', 'e31e061d-a4a8-4cc8-af18-754786ad5ee3', NULL, NULL);


--
-- Data for Name: book_clubs; Type: TABLE DATA; Schema: public; Owner: postgres
--



--
-- Data for Name: book_club_books; Type: TABLE DATA; Schema: public; Owner: postgres
--



--
-- Data for Name: book_club_discussions; Type: TABLE DATA; Schema: public; Owner: postgres
--



--
-- Data for Name: book_club_discussion_comments; Type: TABLE DATA; Schema: public; Owner: postgres
--



--
-- Data for Name: book_club_members; Type: TABLE DATA; Schema: public; Owner: postgres
--



--
-- Data for Name: book_genres; Type: TABLE DATA; Schema: public; Owner: postgres
--



--
-- Data for Name: book_genre_mappings; Type: TABLE DATA; Schema: public; Owner: postgres
--



--
-- Data for Name: book_id_mapping; Type: TABLE DATA; Schema: public; Owner: postgres
--



--
-- Data for Name: book_popularity_metrics; Type: TABLE DATA; Schema: public; Owner: postgres
--

INSERT INTO "public"."book_popularity_metrics" ("id", "book_id", "views_count", "reviews_count", "avg_rating", "reading_progress_count", "reading_list_count", "last_updated") VALUES
	('b658fc19-64fc-4c5c-9775-77dab5267776', '8366132b-50b4-452a-88b3-cd7368ecfd71', 0, 0, 0.00, 1, 0, '2025-08-05 21:24:20.116764+00'),
	('296792bf-593f-48f2-82d4-42fee0b544f5', '9a5909bb-e759-44ab-b8d0-7143482f66e8', 0, 0, 0.00, 3, 0, '2025-08-17 05:17:01.891693+00'),
	('271d1633-5ecd-44c4-9647-0d89caf497bd', '492d0538-5ab2-43bc-bc7b-e538da900639', 0, 0, 0.00, 2, 0, '2025-08-20 15:13:31.34322+00');


--
-- Data for Name: book_publishers; Type: TABLE DATA; Schema: public; Owner: postgres
--



--
-- Data for Name: book_recommendations; Type: TABLE DATA; Schema: public; Owner: postgres
--



--
-- Data for Name: book_similarity_scores; Type: TABLE DATA; Schema: public; Owner: postgres
--



--
-- Data for Name: subjects; Type: TABLE DATA; Schema: public; Owner: postgres
--

INSERT INTO "public"."subjects" ("id", "name", "parent_id", "created_at", "updated_at") VALUES
	('3ce9e594-9f2d-4297-b07c-fe8af0ca7747', 'Children''s Books', NULL, '2025-07-08 04:44:00.737417+00', '2025-07-08 04:44:00.737417+00'),
	('dabefbfc-0ee8-4f3a-803e-3da1558e360b', 'Literature & Fiction', NULL, '2025-07-08 04:44:01.175237+00', '2025-07-08 04:44:01.175237+00'),
	('5770345d-3cc1-4a46-b09a-c8e0e14371e5', 'Religious Fiction', NULL, '2025-07-08 04:44:01.593483+00', '2025-07-08 04:44:01.593483+00'),
	('3e37a0be-465b-47aa-b17b-acf0fd070932', 'Religions', NULL, '2025-07-08 04:44:01.984175+00', '2025-07-08 04:44:01.984175+00'),
	('9ed90b84-501d-4c78-95f6-72a93ebaa4f8', 'Inspirational', NULL, '2025-07-08 04:44:02.251811+00', '2025-07-08 04:44:02.251811+00'),
	('85de92e5-4e82-4e87-81ce-3d876350c16a', 'Christian Books & Bibles', NULL, '2025-07-08 04:54:18.430939+00', '2025-07-08 04:54:18.430939+00'),
	('a8da9bfa-df8a-4413-a253-dab23e352673', 'Christian Living', NULL, '2025-07-08 04:54:18.792341+00', '2025-07-08 04:54:18.792341+00'),
	('3f0feae5-2be3-47c0-ba91-f65761d0167c', 'Ministry & Evangelism', NULL, '2025-07-08 04:54:19.252121+00', '2025-07-08 04:54:19.252121+00'),
	('1e43d24c-d36f-43eb-afe1-572ac49e39c2', 'Missions & Missionary Work', NULL, '2025-07-08 04:54:19.45025+00', '2025-07-08 04:54:19.45025+00'),
	('514c307d-c096-4510-b7da-db5f2bcb9c8f', 'Biographies & Memoirs', NULL, '2025-07-08 04:54:19.689406+00', '2025-07-08 04:54:19.689406+00'),
	('1c5878cc-b3b3-45ff-995f-b980cfb26a73', 'Leaders & Notable People', NULL, '2025-07-08 04:54:19.934212+00', '2025-07-08 04:54:19.934212+00'),
	('b49750a3-8003-47a9-8ce1-ea28bdecd589', 'Religious', NULL, '2025-07-08 04:54:20.202634+00', '2025-07-08 04:54:20.202634+00'),
	('40e3ab9f-756b-412b-bcb4-b48755f7ef2f', 'Religion & Spirituality', NULL, '2025-07-08 04:54:20.447716+00', '2025-07-08 04:54:20.447716+00'),
	('af4b1295-3c74-42e2-8cc4-d7b217742527', 'Education', NULL, '2025-07-08 09:49:45.252542+00', '2025-07-08 09:49:45.252542+00'),
	('0af0956f-1d2e-49b0-b126-9a96aaa874bf', 'Children & Teens', NULL, '2025-07-08 09:49:45.539435+00', '2025-07-08 09:49:45.539435+00'),
	('4b739e0f-88b2-460a-b9ef-44e6c97ae53e', 'Children''s Ministry', NULL, '2025-07-08 09:49:46.311665+00', '2025-07-08 09:49:46.311665+00'),
	('5bb02c6d-46bf-4662-b740-dc9f002bd78d', 'Mystery, Thriller & Suspense', NULL, '2025-07-13 07:13:16.223522+00', '2025-07-13 07:13:16.223522+00'),
	('b44733ca-14b9-4fc7-9824-ca822f7dc138', 'Thrillers & Suspense', NULL, '2025-07-13 07:13:16.491983+00', '2025-07-13 07:13:16.491983+00'),
	('b9d606fa-7b70-46cf-9617-9c832721233b', 'Crime', NULL, '2025-07-13 07:13:16.697228+00', '2025-07-13 07:13:16.697228+00'),
	('63345b27-6b29-46c7-8755-2c05e208f20b', 'Erotica', NULL, '2025-07-13 07:13:18.77127+00', '2025-07-13 07:13:18.77127+00'),
	('e14e0bfe-7aae-4f24-8f1f-565902818aac', 'Mystery', NULL, '2025-07-13 07:13:18.98506+00', '2025-07-13 07:13:18.98506+00'),
	('a98f4991-9f7d-462a-a0fa-c87ca319583b', 'Genre Fiction', NULL, '2025-07-13 07:13:20.691805+00', '2025-07-13 07:13:20.691805+00'),
	('ba7252f2-c0c1-4ca4-81ad-83d23685ad47', 'Psychological', NULL, '2025-07-13 07:13:20.969297+00', '2025-07-13 07:13:20.969297+00');


--
-- Data for Name: book_subjects; Type: TABLE DATA; Schema: public; Owner: postgres
--

INSERT INTO "public"."book_subjects" ("id", "book_id", "subject_id", "created_at", "updated_at") VALUES
	('9e4c7469-d5b5-44c9-9afb-8563d9b52964', '8366132b-50b4-452a-88b3-cd7368ecfd71', '85de92e5-4e82-4e87-81ce-3d876350c16a', NULL, NULL),
	('b3982cdb-ca17-4f12-b4ab-f634fa902ad7', '8366132b-50b4-452a-88b3-cd7368ecfd71', 'af4b1295-3c74-42e2-8cc4-d7b217742527', NULL, NULL),
	('c8204e2a-7209-4408-9df8-6e1c020eb9e4', '8366132b-50b4-452a-88b3-cd7368ecfd71', '0af0956f-1d2e-49b0-b126-9a96aaa874bf', NULL, NULL),
	('bbb41313-6ee3-4e1e-9337-d76a73a849db', '8366132b-50b4-452a-88b3-cd7368ecfd71', '3f0feae5-2be3-47c0-ba91-f65761d0167c', NULL, NULL),
	('5cca8782-8179-48c6-8957-1b7af34624ca', '8366132b-50b4-452a-88b3-cd7368ecfd71', '4b739e0f-88b2-460a-b9ef-44e6c97ae53e', NULL, NULL),
	('8650c52e-0185-47cb-a77a-a54a591e782f', '8366132b-50b4-452a-88b3-cd7368ecfd71', '40e3ab9f-756b-412b-bcb4-b48755f7ef2f', NULL, NULL),
	('de999e72-0523-4f31-932b-34194ebf2b17', '235ce1e2-e5a5-4db9-9d2b-22093d960566', 'dabefbfc-0ee8-4f3a-803e-3da1558e360b', NULL, NULL),
	('ecaa7078-d7ce-4193-a51e-06a8fd5ececd', '235ce1e2-e5a5-4db9-9d2b-22093d960566', '5bb02c6d-46bf-4662-b740-dc9f002bd78d', NULL, NULL),
	('d02b6f87-4c92-4946-beaa-c24632d4e8f8', '235ce1e2-e5a5-4db9-9d2b-22093d960566', 'b44733ca-14b9-4fc7-9824-ca822f7dc138', NULL, NULL),
	('d302f677-1e17-41cc-854a-6a5e8c7b685d', '235ce1e2-e5a5-4db9-9d2b-22093d960566', 'b9d606fa-7b70-46cf-9617-9c832721233b', NULL, NULL),
	('676d48ca-453d-4259-aa47-5597b183e775', '9a5909bb-e759-44ab-b8d0-7143482f66e8', 'dabefbfc-0ee8-4f3a-803e-3da1558e360b', NULL, NULL),
	('e6eb30a7-09bf-441f-8d17-1591209161b5', '9a5909bb-e759-44ab-b8d0-7143482f66e8', '63345b27-6b29-46c7-8755-2c05e208f20b', NULL, NULL),
	('f032ff41-f540-4b04-b05a-108cb01cd462', '9a5909bb-e759-44ab-b8d0-7143482f66e8', 'e14e0bfe-7aae-4f24-8f1f-565902818aac', NULL, NULL),
	('7930a519-bccc-4693-9b52-88b92f02cbb7', '492d0538-5ab2-43bc-bc7b-e538da900639', 'dabefbfc-0ee8-4f3a-803e-3da1558e360b', NULL, NULL),
	('f594da26-993a-4d42-9daf-4b6216ba5611', '492d0538-5ab2-43bc-bc7b-e538da900639', 'a98f4991-9f7d-462a-a0fa-c87ca319583b', NULL, NULL),
	('3146ff05-2161-428b-9de9-2f9992d756da', '492d0538-5ab2-43bc-bc7b-e538da900639', 'ba7252f2-c0c1-4ca4-81ad-83d23685ad47', NULL, NULL);


--
-- Data for Name: book_tags; Type: TABLE DATA; Schema: public; Owner: postgres
--



--
-- Data for Name: book_tag_mappings; Type: TABLE DATA; Schema: public; Owner: postgres
--



--
-- Data for Name: book_views; Type: TABLE DATA; Schema: public; Owner: postgres
--



--
-- Data for Name: bookmarks; Type: TABLE DATA; Schema: public; Owner: postgres
--



--
-- Data for Name: carousel_images; Type: TABLE DATA; Schema: public; Owner: postgres
--



--
-- Data for Name: collaborative_filtering_data; Type: TABLE DATA; Schema: public; Owner: postgres
--



--
-- Data for Name: photo_comments; Type: TABLE DATA; Schema: public; Owner: postgres
--



--
-- Data for Name: comment_likes; Type: TABLE DATA; Schema: public; Owner: postgres
--



--
-- Data for Name: feed_entries; Type: TABLE DATA; Schema: public; Owner: postgres
--



--
-- Data for Name: comments; Type: TABLE DATA; Schema: public; Owner: postgres
--

INSERT INTO "public"."comments" ("id", "user_id", "feed_entry_id", "content", "created_at", "updated_at", "is_hidden", "is_deleted", "entity_type", "entity_id", "parent_id") VALUES
	('2a8e1652-2843-4f5c-86e2-dfc545f5c939', '2474659f-003e-4faa-8c53-9969c33f20b2', NULL, 'Thisisatest', '2025-07-31 05:31:25.660668+00', '2025-07-31 05:31:25.660668+00', false, false, 'photo', '44c520f7-43af-4abb-acf6-e00f50b74f3b', NULL),
	('5ed79ee7-6951-41a2-81b9-20eb0c489893', '2474659f-003e-4faa-8c53-9969c33f20b2', NULL, 'I love this book', '2025-08-21 03:54:05.918515+00', '2025-08-21 03:54:05.918515+00', false, false, 'photo', '718060ac-076b-421e-b052-caa9a837abb4', NULL),
	('d5dcc3e6-d403-47e5-ac10-53bbb52e660b', '2474659f-003e-4faa-8c53-9969c33f20b2', NULL, 'I love this', '2025-08-21 16:10:37.840385+00', '2025-08-21 16:10:37.840385+00', false, false, 'photo', '0c9a97b5-9bcf-4efc-843c-2b4488bcb3b4', NULL),
	('8c69a812-d623-4f89-b82c-e086fc375062', '2474659f-003e-4faa-8c53-9969c33f20b2', NULL, 'This is the second comment for this photo', '2025-08-21 16:37:08.961165+00', '2025-08-21 16:37:08.961165+00', false, false, 'photo', '0c9a97b5-9bcf-4efc-843c-2b4488bcb3b4', NULL),
	('2219442d-7b06-4708-a300-b589963880c4', '2474659f-003e-4faa-8c53-9969c33f20b2', NULL, 'This I love', '2025-08-22 00:55:51.861122+00', '2025-08-22 00:55:51.861122+00', false, false, 'photo', '3ed1019b-3cc4-47bd-804d-d88f8b078a86', NULL);


--
-- Data for Name: comment_reactions; Type: TABLE DATA; Schema: public; Owner: postgres
--



--
-- Data for Name: contact_info; Type: TABLE DATA; Schema: public; Owner: postgres
--



--
-- Data for Name: content_features; Type: TABLE DATA; Schema: public; Owner: postgres
--



--
-- Data for Name: content_flags; Type: TABLE DATA; Schema: public; Owner: postgres
--



--
-- Data for Name: content_generation_jobs; Type: TABLE DATA; Schema: public; Owner: postgres
--



--
-- Data for Name: custom_permissions; Type: TABLE DATA; Schema: public; Owner: postgres
--



--
-- Data for Name: data_enrichment_jobs; Type: TABLE DATA; Schema: public; Owner: postgres
--



--
-- Data for Name: dewey_decimal_classifications; Type: TABLE DATA; Schema: public; Owner: postgres
--

INSERT INTO "public"."dewey_decimal_classifications" ("id", "code", "description", "parent_code", "level", "created_at", "updated_at") VALUES
	('506b36cf-bd90-4772-9b17-c4f9b7170e95', '000', 'Computer science, information & general works', NULL, 1, '2025-07-02 20:01:40.007519+00', '2025-07-02 20:01:40.007519+00'),
	('b73c16b2-5b6c-48c0-9dec-aadb5aa338bf', '100', 'Philosophy & psychology', NULL, 1, '2025-07-02 20:01:40.007519+00', '2025-07-02 20:01:40.007519+00'),
	('7b83d7b4-e662-4217-a997-fa1cff246428', '200', 'Religion', NULL, 1, '2025-07-02 20:01:40.007519+00', '2025-07-02 20:01:40.007519+00'),
	('330da12a-a15a-48e1-bcc6-25d109dbd323', '300', 'Social sciences', NULL, 1, '2025-07-02 20:01:40.007519+00', '2025-07-02 20:01:40.007519+00'),
	('9901e642-8ba5-4a0f-994a-94176c7ab1b1', '400', 'Language', NULL, 1, '2025-07-02 20:01:40.007519+00', '2025-07-02 20:01:40.007519+00'),
	('a4a9e788-7d53-45a8-9bfc-f2f763a7cec9', '500', 'Pure Science', NULL, 1, '2025-07-02 20:01:40.007519+00', '2025-07-02 20:01:40.007519+00'),
	('22b921a4-a945-48ff-b962-b77be8390ce2', '600', 'Technology', NULL, 1, '2025-07-02 20:01:40.007519+00', '2025-07-02 20:01:40.007519+00'),
	('215b9d12-8af1-4357-a6ff-0c477dac9ee8', '700', 'Arts & recreation', NULL, 1, '2025-07-02 20:01:40.007519+00', '2025-07-02 20:01:40.007519+00'),
	('3bff5b8e-af7e-4e11-ad6a-879813138a09', '800', 'Literature', NULL, 1, '2025-07-02 20:01:40.007519+00', '2025-07-02 20:01:40.007519+00'),
	('a6323690-e568-4db2-a356-943644bfeda2', '900', 'History & geography', NULL, 1, '2025-07-02 20:01:40.007519+00', '2025-07-02 20:01:40.007519+00');


--
-- Data for Name: discussions; Type: TABLE DATA; Schema: public; Owner: postgres
--



--
-- Data for Name: discussion_comments; Type: TABLE DATA; Schema: public; Owner: postgres
--



--
-- Data for Name: engagement_analytics; Type: TABLE DATA; Schema: public; Owner: postgres
--

INSERT INTO "public"."engagement_analytics" ("id", "user_id", "action", "entity_id", "entity_type", "timestamp", "metadata") VALUES
	('8d354b62-ed23-4ece-ad5e-b6d308c53132', 'e06cdf85-b449-4dcb-b943-068aaad8cfa3', 'like', '46b837e2-8afb-458a-9d98-dec24097575e', 'book', '2025-08-13 13:41:40.373+00', '{"ip_address": "::1", "session_id": null, "user_agent": "Mozilla/5.0 (Windows NT 10.0; Win64; x64) AppleWebKit/537.36 (KHTML, like Gecko) Chrome/138.0.0.0 Safari/537.36"}'),
	('1a2074a5-4730-4fc1-9b4b-8c4f6ac41ebe', '2474659f-003e-4faa-8c53-9969c33f20b2', 'like', 'b0ed6d11-15e8-45a9-9cbe-f739ca7bf16f', 'user', '2025-08-13 14:59:01.033+00', '{"ip_address": "::1", "session_id": null, "user_agent": "Mozilla/5.0 (Windows NT 10.0; Win64; x64) AppleWebKit/537.36 (KHTML, like Gecko) Chrome/138.0.0.0 Safari/537.36"}'),
	('83524227-3b9d-4aec-9905-b5b6106e0a54', '2474659f-003e-4faa-8c53-9969c33f20b2', 'comment', 'b0ed6d11-15e8-45a9-9cbe-f739ca7bf16f', 'user', '2025-08-13 14:59:07.579+00', '{"ip_address": "::1", "session_id": null, "user_agent": "Mozilla/5.0 (Windows NT 10.0; Win64; x64) AppleWebKit/537.36 (KHTML, like Gecko) Chrome/138.0.0.0 Safari/537.36"}'),
	('adf85ca3-05db-4578-ae4c-fe565be1dfda', '2474659f-003e-4faa-8c53-9969c33f20b2', 'share', 'b0ed6d11-15e8-45a9-9cbe-f739ca7bf16f', 'user', '2025-08-13 14:59:11.422+00', '{"ip_address": "::1", "session_id": null, "user_agent": "Mozilla/5.0 (Windows NT 10.0; Win64; x64) AppleWebKit/537.36 (KHTML, like Gecko) Chrome/138.0.0.0 Safari/537.36"}');


--
-- Data for Name: enterprise_audit_trail; Type: TABLE DATA; Schema: public; Owner: postgres
--

INSERT INTO "public"."enterprise_audit_trail" ("id", "table_name", "record_id", "operation", "old_values", "new_values", "changed_by", "changed_at", "ip_address", "user_agent", "session_id", "transaction_id", "application_version", "environment") VALUES
	('72a3e9ff-c2e1-46b0-8df9-be292aeb946e', 'authors', '9953a3e0-4982-4ae5-8093-829c4320ef8d', 'INSERT', NULL, '{"id": "9953a3e0-4982-4ae5-8093-829c4320ef8d", "bio": null, "name": "Katherine Garbera", "website": null, "featured": false, "birth_date": null, "created_at": "2025-07-06T07:13:55.071969+00:00", "updated_at": "2025-07-06T07:13:55.071969+00:00", "nationality": null, "goodreads_url": null, "cover_image_id": null, "twitter_handle": null, "author_image_id": null, "facebook_handle": null, "instagram_handle": null, "author_gallery_id": null}', '00000000-0000-0000-0000-000000000000', '2025-07-06 07:13:55.071969+00', '2600:1f18:2a66:6e00:125b:f6a2:ab17:1b80', 'postgres-meta 0.0.0-automated', NULL, '21889', NULL, 'production'),
	('e5efe832-8c7f-422f-b2a5-c958570d95e4', 'books', '30751fff-3388-4cd2-b96c-38d467bb4785', 'UPDATE', '{"id": "30751fff-3388-4cd2-b96c-38d467bb4785", "pages": null, "title": "AMANTE TENTADORA (Spanish Edition)", "author": "Katherine Garbera", "isbn10": "0373357389", "isbn13": "9780373357383", "weight": null, "binding": null, "edition": null, "featured": false, "language": null, "overview": null, "synopsis": "<p>Convertir en su amante a la hija de su peor enemigo era un sue??echo realidad? pero no imaginaba el precio que tendr?que pagar</p>\n<p>Despu?de que su padre le negara un ascenso, la rica heredera Tempest Lambert ofreci??s servicios al peor enemigo de su padre. Pero, qu?ra exactamente lo que deseaba, aquel trabajo o a su nuevo jefe, el guap?mo Gavin Renard?</p>\n<p>Gavin se hab?hecho millonario absorbiendo empresas, pero hacerse con el imperio de Lambert no era una cuesti??e negocios? era una venganza. Podr?utilizar a Tempest para conseguirlo? y quiz?ambi?convertirla en su amante.</p>", "author_id": null, "status_id": null, "created_at": "2025-07-03T06:54:12.886845+00:00", "dimensions": null, "list_price": null, "title_long": null, "updated_at": "2025-07-03T06:54:12.886845+00:00", "publisher_id": "ad76092d-b5b1-4045-af9f-5fae7b4aef6b", "review_count": 0, "average_rating": 0, "cover_image_id": null, "format_type_id": null, "binding_type_id": null, "book_gallery_img": null, "publication_date": null, "original_image_url": "https://images.isbndb.com/covers/25341033482320.jpg"}', '{"id": "30751fff-3388-4cd2-b96c-38d467bb4785", "pages": null, "title": "AMANTE TENTADORA (Spanish Edition)", "author": "Katherine Garbera", "isbn10": "0373357389", "isbn13": "9780373357383", "weight": null, "binding": null, "edition": null, "featured": false, "language": null, "overview": null, "synopsis": "<p>Convertir en su amante a la hija de su peor enemigo era un sue??echo realidad? pero no imaginaba el precio que tendr?que pagar</p>\n<p>Despu?de que su padre le negara un ascenso, la rica heredera Tempest Lambert ofreci??s servicios al peor enemigo de su padre. Pero, qu?ra exactamente lo que deseaba, aquel trabajo o a su nuevo jefe, el guap?mo Gavin Renard?</p>\n<p>Gavin se hab?hecho millonario absorbiendo empresas, pero hacerse con el imperio de Lambert no era una cuesti??e negocios? era una venganza. Podr?utilizar a Tempest para conseguirlo? y quiz?ambi?convertirla en su amante.</p>", "author_id": "9953a3e0-4982-4ae5-8093-829c4320ef8d", "status_id": null, "created_at": "2025-07-03T06:54:12.886845+00:00", "dimensions": null, "list_price": null, "title_long": null, "updated_at": "2025-07-03T06:54:12.886845+00:00", "publisher_id": "ad76092d-b5b1-4045-af9f-5fae7b4aef6b", "review_count": 0, "average_rating": 0, "cover_image_id": null, "format_type_id": null, "binding_type_id": null, "book_gallery_img": null, "publication_date": null, "original_image_url": "https://images.isbndb.com/covers/25341033482320.jpg"}', '00000000-0000-0000-0000-000000000000', '2025-07-06 07:14:41.294962+00', '2600:1f18:2a66:6e00:125b:f6a2:ab17:1b80', 'postgres-meta 0.0.0-automated', NULL, '21890', NULL, 'production'),
	('ac4fb185-a56a-4f3c-8655-cf8ac52f9323', 'reading_progress', '2808ff26-24d9-429d-bf40-c2d8c82809a0', 'UPDATE', '{"id": "2808ff26-24d9-429d-bf40-c2d8c82809a0", "status": "not_started", "book_id": "30751fff-3388-4cd2-b96c-38d467bb4785", "user_id": "e06cdf85-b449-4dcb-b943-068aaad8cfa3", "created_at": "2025-07-05T05:39:05.555+00:00", "start_date": null, "updated_at": "2025-07-05T05:39:05.555+00:00", "finish_date": null, "allow_friends": false, "privacy_level": "private", "allow_followers": false, "privacy_audit_log": [], "custom_permissions": [], "progress_percentage": 0}', '{"id": "2808ff26-24d9-429d-bf40-c2d8c82809a0", "status": "in_progress", "book_id": "30751fff-3388-4cd2-b96c-38d467bb4785", "user_id": "e06cdf85-b449-4dcb-b943-068aaad8cfa3", "created_at": "2025-07-05T05:39:05.555+00:00", "start_date": "2025-07-06T18:52:04.298+00:00", "updated_at": "2025-07-06T18:52:04.298+00:00", "finish_date": null, "allow_friends": false, "privacy_level": "private", "allow_followers": false, "privacy_audit_log": [], "custom_permissions": [], "progress_percentage": 0}', 'e06cdf85-b449-4dcb-b943-068aaad8cfa3', '2025-07-06 18:52:05.297749+00', '::1', 'postgrest', NULL, '21894', NULL, 'production'),
	('0052c331-f5a7-4cc4-bbbc-bc30a314a6bb', 'authors', '9953a3e0-4982-4ae5-8093-829c4320ef8d', 'UPDATE', '{"id": "9953a3e0-4982-4ae5-8093-829c4320ef8d", "bio": null, "name": "Katherine Garbera", "website": null, "featured": false, "birth_date": null, "created_at": "2025-07-06T07:13:55.071969+00:00", "updated_at": "2025-07-06T07:13:55.071969+00:00", "nationality": null, "goodreads_url": null, "cover_image_id": null, "twitter_handle": null, "author_image_id": null, "facebook_handle": null, "instagram_handle": null, "author_gallery_id": null}', '{"id": "9953a3e0-4982-4ae5-8093-829c4320ef8d", "bio": "This is a test bio that will be updated soon", "name": "Katherine Garbera", "website": null, "featured": false, "birth_date": null, "created_at": "2025-07-06T07:13:55.071969+00:00", "updated_at": "2025-07-06T07:13:55.071969+00:00", "nationality": null, "goodreads_url": null, "cover_image_id": null, "twitter_handle": null, "author_image_id": null, "facebook_handle": null, "instagram_handle": null, "author_gallery_id": null}', '00000000-0000-0000-0000-000000000000', '2025-07-07 09:17:27.877917+00', '::1', 'postgrest', NULL, '22056', NULL, 'production'),
	('bbaca749-0838-4098-a9ec-f24d089ab907', 'authors', '8e75e51f-701f-4f3a-83da-70f625876ca8', 'INSERT', NULL, '{"id": "8e75e51f-701f-4f3a-83da-70f625876ca8", "bio": null, "name": "Beth Guckenberger", "website": null, "featured": false, "birth_date": null, "created_at": "2025-07-08T00:11:48.482659+00:00", "updated_at": "2025-07-08T00:11:48.482659+00:00", "nationality": null, "goodreads_url": null, "cover_image_id": null, "twitter_handle": null, "author_image_id": null, "facebook_handle": null, "instagram_handle": null, "author_gallery_id": null}', '00000000-0000-0000-0000-000000000000', '2025-07-08 00:11:48.482659+00', '::1', 'postgrest', NULL, '22065', NULL, 'production'),
	('297cb204-157a-4361-a763-c32d5b0827e1', 'publishers', 'f1a5d323-99aa-4329-9536-5dee26fc1c0c', 'INSERT', NULL, '{"id": "f1a5d323-99aa-4329-9536-5dee26fc1c0c", "city": null, "name": "Thomas Nelson", "about": null, "email": null, "phone": null, "state": null, "country": null, "website": null, "featured": false, "country_id": null, "created_at": "2025-07-08T00:11:48.828479+00:00", "updated_at": "2025-07-08T00:11:48.828479+00:00", "postal_code": null, "founded_year": null, "address_line1": null, "address_line2": null, "cover_image_id": null, "publisher_image_id": null, "publisher_gallery_id": null}', '00000000-0000-0000-0000-000000000000', '2025-07-08 00:11:48.828479+00', '::1', 'postgrest', NULL, '22066', NULL, 'production'),
	('099bb5c7-f605-407e-b4d5-b717adbd8a72', 'books', '51647138-7959-4461-981e-664c816b3b1e', 'INSERT', NULL, '{"id": "51647138-7959-4461-981e-664c816b3b1e", "pages": 240, "title": "Start with Amen: How I Learned to Surrender by Keeping the End in Mind", "author": null, "isbn10": null, "isbn13": "0718079019", "weight": null, "binding": null, "edition": null, "featured": false, "language": "en", "overview": null, "synopsis": null, "author_id": "8e75e51f-701f-4f3a-83da-70f625876ca8", "status_id": null, "created_at": "2025-07-08T00:11:49.032605+00:00", "dimensions": null, "list_price": null, "title_long": null, "updated_at": "2025-07-08T00:11:49.032605+00:00", "publisher_id": "f1a5d323-99aa-4329-9536-5dee26fc1c0c", "review_count": 0, "average_rating": 0, "cover_image_id": null, "format_type_id": null, "binding_type_id": null, "book_gallery_img": null, "publication_date": "2017-05-09", "original_image_url": "https://images.isbndb.com/covers/18005203482443.jpg"}', '00000000-0000-0000-0000-000000000000', '2025-07-08 00:11:49.032605+00', '::1', 'postgrest', NULL, '22067', NULL, 'production'),
	('b8dbde52-6bbd-4435-b519-e74605a3ddf2', 'publishers', 'b1ae09e3-7dae-491f-8ad6-e513fd9d1977', 'INSERT', NULL, '{"id": "b1ae09e3-7dae-491f-8ad6-e513fd9d1977", "city": null, "name": "David C Cook", "about": null, "email": null, "phone": null, "state": null, "country": null, "website": null, "featured": false, "country_id": null, "created_at": "2025-07-08T04:43:58.67216+00:00", "updated_at": "2025-07-08T04:43:58.67216+00:00", "postal_code": null, "founded_year": null, "address_line1": null, "address_line2": null, "cover_image_id": null, "publisher_image_id": null, "publisher_gallery_id": null}', '00000000-0000-0000-0000-000000000000', '2025-07-08 04:43:58.67216+00', '::1', 'postgrest', NULL, '22081', NULL, 'production'),
	('5f992583-b8c9-40cd-b023-f25c8a0ad303', 'users', 'e8f2a30e-de7f-40a4-9772-06fca7419908', 'UPDATE', '{"id": "e8f2a30e-de7f-40a4-9772-06fca7419908", "name": "Ivy Ivanov", "email": "ivy.ivanov@authorsinfo.com", "role_id": "9f2d9d7b-1851-41e1-bab3-cb5aded6a9a5", "permalink": null, "created_at": "2025-07-03T09:08:57.268783+00:00", "updated_at": "2025-07-03T09:08:57.268783+00:00"}', '{"id": "e8f2a30e-de7f-40a4-9772-06fca7419908", "name": "Ivy Ivanov", "email": "ivy.ivanov@authorsinfo.com", "role_id": "9f2d9d7b-1851-41e1-bab3-cb5aded6a9a5", "permalink": "ivy.ivanov", "created_at": "2025-07-03T09:08:57.268783+00:00", "updated_at": "2025-08-03T00:49:30.214+00:00"}', '00000000-0000-0000-0000-000000000000', '2025-08-03 00:49:28.68538+00', '::1', 'postgrest', NULL, '4725', NULL, 'production'),
	('ee341ec5-f70d-4c00-b2a2-59d8bd518dfc', 'books', '4cc8c3f7-b8a1-4348-96b7-b8b5671ff223', 'INSERT', NULL, '{"id": "4cc8c3f7-b8a1-4348-96b7-b8b5671ff223", "pages": 40, "title": "The Heart Who Wanted to Find a Way (Volume 3) (StrongHeart Stories)", "author": "Beth Guckenberger", "isbn10": null, "isbn13": "9780830785988", "weight": null, "binding": "Hardcover", "edition": null, "featured": false, "language": "en", "overview": null, "synopsis": null, "author_id": "8e75e51f-701f-4f3a-83da-70f625876ca8", "status_id": null, "created_at": "2025-07-08T04:44:00.248611+00:00", "dimensions": null, "list_price": null, "title_long": "The Heart Who Wanted to Find a Way (Volume 3) (StrongHeart Stories)", "updated_at": "2025-07-08T04:44:00.248611+00:00", "publisher_id": "b1ae09e3-7dae-491f-8ad6-e513fd9d1977", "review_count": 0, "average_rating": 0, "cover_image_id": null, "format_type_id": "d32977ce-788d-4c75-af76-ea033978f402", "binding_type_id": "bd110077-f85e-46fe-8411-894c4a61f132", "book_gallery_img": null, "publication_date": "2025-03-04", "original_image_url": null}', '00000000-0000-0000-0000-000000000000', '2025-07-08 04:44:00.248611+00', '::1', 'postgrest', NULL, '22084', NULL, 'production'),
	('2aaf2475-b7eb-4f49-84a3-56188e222481', 'publishers', '5eaef69c-5ddd-4a58-8412-47df975a472a', 'INSERT', NULL, '{"id": "5eaef69c-5ddd-4a58-8412-47df975a472a", "city": null, "name": "Zondervan", "about": null, "email": null, "phone": null, "state": null, "country": null, "website": null, "featured": false, "country_id": null, "created_at": "2025-07-08T04:54:16.466469+00:00", "updated_at": "2025-07-08T04:54:16.466469+00:00", "postal_code": null, "founded_year": null, "address_line1": null, "address_line2": null, "cover_image_id": null, "publisher_image_id": null, "publisher_gallery_id": null}', '00000000-0000-0000-0000-000000000000', '2025-07-08 04:54:16.466469+00', '::1', 'postgrest', NULL, '22096', NULL, 'production'),
	('e0071005-ca5f-40b1-9dc8-312ef7cb244a', 'books', 'fc5a28b3-f057-4b9c-a8bd-4d97baf31dd6', 'INSERT', NULL, '{"id": "fc5a28b3-f057-4b9c-a8bd-4d97baf31dd6", "pages": 224, "title": "Reckless Faith: Let Go and Be Led", "author": "Beth Guckenberger", "isbn10": null, "isbn13": "9780310616108", "weight": null, "binding": "Paperback", "edition": null, "featured": false, "language": "en", "overview": null, "synopsis": "Thirteen years ago, a mission trip inspired a young couple to move to Mexico to care for orphans and other children. True stories drawn from their ministry experiences challenge readers to trust God to show up exactly when and where Hes needed<br/>most.", "author_id": "8e75e51f-701f-4f3a-83da-70f625876ca8", "status_id": null, "created_at": "2025-07-08T04:54:18.164368+00:00", "dimensions": "Height: 7.0866 Inches, Length: 4.88188 Inches, Width: 0.59055 Inches", "list_price": null, "title_long": "Reckless Faith: Let Go and Be Led", "updated_at": "2025-07-08T04:54:18.164368+00:00", "publisher_id": "5eaef69c-5ddd-4a58-8412-47df975a472a", "review_count": 0, "average_rating": 0, "cover_image_id": null, "format_type_id": "d32977ce-788d-4c75-af76-ea033978f402", "binding_type_id": "50d370e1-c0b9-4bb5-b278-0aa247da36fd", "book_gallery_img": null, "publication_date": "2008-08-01", "original_image_url": null}', '00000000-0000-0000-0000-000000000000', '2025-07-08 04:54:18.164368+00', '::1', 'postgrest', NULL, '22098', NULL, 'production'),
	('fe473ff3-ca2b-4707-98c4-91b809fc327d', 'books', '51647138-7959-4461-981e-664c816b3b1e', 'UPDATE', '{"id": "51647138-7959-4461-981e-664c816b3b1e", "pages": 240, "title": "Start with Amen: How I Learned to Surrender by Keeping the End in Mind", "author": null, "isbn10": null, "isbn13": "0718079019", "weight": null, "binding": null, "edition": null, "featured": false, "language": "en", "overview": null, "synopsis": null, "author_id": "8e75e51f-701f-4f3a-83da-70f625876ca8", "status_id": null, "created_at": "2025-07-08T00:11:49.032605+00:00", "dimensions": null, "list_price": null, "title_long": null, "updated_at": "2025-07-08T00:11:49.032605+00:00", "publisher_id": "f1a5d323-99aa-4329-9536-5dee26fc1c0c", "review_count": 0, "average_rating": 0, "cover_image_id": null, "format_type_id": null, "binding_type_id": null, "book_gallery_img": null, "publication_date": "2017-05-09", "original_image_url": "https://images.isbndb.com/covers/18005203482443.jpg"}', '{"id": "51647138-7959-4461-981e-664c816b3b1e", "pages": 240, "title": "Start with Amen: How I Learned to Surrender by Keeping the End in Mind", "author": null, "isbn10": null, "isbn13": "0718079019", "weight": null, "binding": null, "edition": null, "featured": false, "language": "en", "overview": null, "synopsis": null, "author_id": "8e75e51f-701f-4f3a-83da-70f625876ca8", "status_id": null, "created_at": "2025-07-08T00:11:49.032605+00:00", "dimensions": null, "list_price": null, "title_long": null, "updated_at": "2025-07-08T00:11:49.032605+00:00", "publisher_id": "f1a5d323-99aa-4329-9536-5dee26fc1c0c", "review_count": 0, "average_rating": 0, "cover_image_id": "22e97769-c2df-4220-bed8-e9261ace71a6", "format_type_id": null, "binding_type_id": null, "book_gallery_img": null, "publication_date": "2017-05-09", "original_image_url": "https://images.isbndb.com/covers/18005203482443.jpg"}', '00000000-0000-0000-0000-000000000000', '2025-07-08 09:25:30.76088+00', '::1', 'postgrest', NULL, '22118', NULL, 'production'),
	('19799e10-9a44-4c2f-beab-e101139b8fa3', 'publishers', '18c99335-dfb8-42da-8ff3-c45ceb1f04fd', 'INSERT', NULL, '{"id": "18c99335-dfb8-42da-8ff3-c45ceb1f04fd", "city": null, "name": "Standard Publishing", "about": null, "email": null, "phone": null, "state": null, "country": null, "website": null, "featured": false, "country_id": null, "created_at": "2025-07-08T09:36:28.731401+00:00", "updated_at": "2025-07-08T09:36:28.731401+00:00", "postal_code": null, "founded_year": null, "address_line1": null, "address_line2": null, "cover_image_id": null, "publisher_image_id": null, "publisher_gallery_id": null}', '00000000-0000-0000-0000-000000000000', '2025-07-08 09:36:28.731401+00', '::1', 'postgrest', NULL, '22119', NULL, 'production'),
	('8806a902-6cf9-4851-87ab-f1ffa873c881', 'books', '93ffd20c-a67f-4539-97b9-f151ba30abb6', 'INSERT', NULL, '{"id": "93ffd20c-a67f-4539-97b9-f151ba30abb6", "pages": 208, "title": "Tales of the Ones He Won''t Let Go (Storyweaver)", "author": "Beth Guckenberger", "isbn10": null, "isbn13": "9780784776346", "weight": 0.75, "binding": "Paperback", "edition": null, "featured": false, "language": "en", "overview": null, "synopsis": "By Beth Guckenberger: Moses escapes a curse. Sally is delivered out of slavery. Ronaldo''s silent dreams are heard. Lola, Lily, and Pamela take steps toward hope. Sam and Ellie begin to live without fear. Learn the five real-life stories behind these names and walk in the well-worn shoes of children from nations far away and neighborhoods not so unlike your own. Watch as our God the Rescuer lifts their feet up out of destruction and sets them on paths of healing, redemption, and grace. Like the other titles in the Storyweaver series, this book highlights some of the difficult and complex physical, emotional, and spiritual struggles of children who have been neglected and abandoned, but makes these struggles understandable and relatable to any reader.", "author_id": "8e75e51f-701f-4f3a-83da-70f625876ca8", "status_id": null, "created_at": "2025-07-08T09:36:30.249417+00:00", "dimensions": "Height: 8.8976 Inches, Length: 5.9843 Inches, Weight: 0.75 Pounds, Width: 0.5512 Inches", "list_price": null, "title_long": "Tales of the Ones He Won''t Let Go (Storyweaver)", "updated_at": "2025-07-08T09:36:30.249417+00:00", "publisher_id": "18c99335-dfb8-42da-8ff3-c45ceb1f04fd", "review_count": 0, "average_rating": 0, "cover_image_id": null, "format_type_id": "d32977ce-788d-4c75-af76-ea033978f402", "binding_type_id": "50d370e1-c0b9-4bb5-b278-0aa247da36fd", "book_gallery_img": null, "publication_date": "2014-12-28", "original_image_url": null}', '00000000-0000-0000-0000-000000000000', '2025-07-08 09:36:30.249417+00', '::1', 'postgrest', NULL, '22120', NULL, 'production'),
	('78f152ec-feab-4fc2-8244-ad90e95f1e68', 'books', '8366132b-50b4-452a-88b3-cd7368ecfd71', 'INSERT', NULL, '{"id": "8366132b-50b4-452a-88b3-cd7368ecfd71", "pages": null, "title": "Super Simple Mission Kit Featuring Tales of the Not Forgotten: A Fully-resources Missions Curriculum (Kids Serving Kids)", "author": "Beth Guckenberger", "isbn10": null, "isbn13": "9780784774793", "weight": 2.55, "binding": "Paperback", "edition": "Leaders Guide, Teachers Guide", "featured": false, "language": "en", "overview": null, "synopsis": "Filled with fun activities, compelling stories, biblical teaching, kid-friendly service projects, and family outreach ideas, the Super Simple Mission Kit will:?Open kids? eyes to the needs in their community and around the world.?Shape kids? hearts to mirror God?s heart of compassion.?Inspire kids to courageously follow God?s call.In partnering with Back2Back Ministries, this kit will: 1. Provide children?s ministers and pastors with resources that guide children to look beyond themselves and think of others--especially of kids around the world living in difficult situations. This complete kit includes stories, curriculum, video clips, visuals, and detailed instructions on how to partner with Back2Back Ministries.2. There are 163 million orphans around the world. With each purchase, a portion of the proceeds will go to Back2Back Ministries to directly serve orphans The Super Simple Mission Kit helps kids discover the basic needs of children living in poverty in developing countries. Al", "author_id": "8e75e51f-701f-4f3a-83da-70f625876ca8", "status_id": null, "created_at": "2025-07-08T09:49:44.668053+00:00", "dimensions": "Height: 10.5 inches, Length: 7 inches, Weight: 2.55 Pounds, Width: 2.25 inches", "list_price": null, "title_long": "Super Simple Mission Kit Featuring Tales of the Not Forgotten: A Fully-resources Missions Curriculum (Kids Serving Kids)", "updated_at": "2025-07-08T09:49:44.668053+00:00", "publisher_id": "b1ae09e3-7dae-491f-8ad6-e513fd9d1977", "review_count": 0, "average_rating": 0, "cover_image_id": "642cfd82-6a4c-459d-a2d9-8cf8501e57f7", "format_type_id": "d32977ce-788d-4c75-af76-ea033978f402", "binding_type_id": "50d370e1-c0b9-4bb5-b278-0aa247da36fd", "book_gallery_img": null, "publication_date": "2019-01-01", "original_image_url": null}', '00000000-0000-0000-0000-000000000000', '2025-07-08 09:49:44.668053+00', '::1', 'postgrest', NULL, '22131', NULL, 'production'),
	('ae073692-a93b-4e93-9372-499f1f33592a', 'books', '93ffd20c-a67f-4539-97b9-f151ba30abb6', 'DELETE', '{"id": "93ffd20c-a67f-4539-97b9-f151ba30abb6", "pages": 208, "title": "Tales of the Ones He Won''t Let Go (Storyweaver)", "author": "Beth Guckenberger", "isbn10": null, "isbn13": "9780784776346", "weight": 0.75, "binding": "Paperback", "edition": null, "featured": false, "language": "en", "overview": null, "synopsis": "By Beth Guckenberger: Moses escapes a curse. Sally is delivered out of slavery. Ronaldo''s silent dreams are heard. Lola, Lily, and Pamela take steps toward hope. Sam and Ellie begin to live without fear. Learn the five real-life stories behind these names and walk in the well-worn shoes of children from nations far away and neighborhoods not so unlike your own. Watch as our God the Rescuer lifts their feet up out of destruction and sets them on paths of healing, redemption, and grace. Like the other titles in the Storyweaver series, this book highlights some of the difficult and complex physical, emotional, and spiritual struggles of children who have been neglected and abandoned, but makes these struggles understandable and relatable to any reader.", "author_id": "8e75e51f-701f-4f3a-83da-70f625876ca8", "status_id": null, "created_at": "2025-07-08T09:36:30.249417+00:00", "dimensions": "Height: 8.8976 Inches, Length: 5.9843 Inches, Weight: 0.75 Pounds, Width: 0.5512 Inches", "list_price": null, "title_long": "Tales of the Ones He Won''t Let Go (Storyweaver)", "updated_at": "2025-07-08T09:36:30.249417+00:00", "publisher_id": "18c99335-dfb8-42da-8ff3-c45ceb1f04fd", "review_count": 0, "average_rating": 0, "cover_image_id": null, "format_type_id": "d32977ce-788d-4c75-af76-ea033978f402", "binding_type_id": "50d370e1-c0b9-4bb5-b278-0aa247da36fd", "book_gallery_img": null, "publication_date": "2014-12-28", "original_image_url": null}', NULL, '00000000-0000-0000-0000-000000000000', '2025-07-13 04:18:08.136903+00', '::1', 'postgrest', NULL, '22216', NULL, 'production'),
	('f13f6014-e8be-48d7-82e1-4c655fddefac', 'books', 'fc5a28b3-f057-4b9c-a8bd-4d97baf31dd6', 'DELETE', '{"id": "fc5a28b3-f057-4b9c-a8bd-4d97baf31dd6", "pages": 224, "title": "Reckless Faith: Let Go and Be Led", "author": "Beth Guckenberger", "isbn10": null, "isbn13": "9780310616108", "weight": null, "binding": "Paperback", "edition": null, "featured": false, "language": "en", "overview": null, "synopsis": "Thirteen years ago, a mission trip inspired a young couple to move to Mexico to care for orphans and other children. True stories drawn from their ministry experiences challenge readers to trust God to show up exactly when and where Hes needed<br/>most.", "author_id": "8e75e51f-701f-4f3a-83da-70f625876ca8", "status_id": null, "created_at": "2025-07-08T04:54:18.164368+00:00", "dimensions": "Height: 7.0866 Inches, Length: 4.88188 Inches, Width: 0.59055 Inches", "list_price": null, "title_long": "Reckless Faith: Let Go and Be Led", "updated_at": "2025-07-08T04:54:18.164368+00:00", "publisher_id": "5eaef69c-5ddd-4a58-8412-47df975a472a", "review_count": 0, "average_rating": 0, "cover_image_id": null, "format_type_id": "d32977ce-788d-4c75-af76-ea033978f402", "binding_type_id": "50d370e1-c0b9-4bb5-b278-0aa247da36fd", "book_gallery_img": null, "publication_date": "2008-08-01", "original_image_url": null}', NULL, '00000000-0000-0000-0000-000000000000', '2025-07-13 04:18:38.811357+00', '::1', 'postgrest', NULL, '22217', NULL, 'production'),
	('2bccb88e-0030-49f0-b157-05219da4e21f', 'books', '4cc8c3f7-b8a1-4348-96b7-b8b5671ff223', 'DELETE', '{"id": "4cc8c3f7-b8a1-4348-96b7-b8b5671ff223", "pages": 40, "title": "The Heart Who Wanted to Find a Way (Volume 3) (StrongHeart Stories)", "author": "Beth Guckenberger", "isbn10": null, "isbn13": "9780830785988", "weight": null, "binding": "Hardcover", "edition": null, "featured": false, "language": "en", "overview": null, "synopsis": null, "author_id": "8e75e51f-701f-4f3a-83da-70f625876ca8", "status_id": null, "created_at": "2025-07-08T04:44:00.248611+00:00", "dimensions": null, "list_price": null, "title_long": "The Heart Who Wanted to Find a Way (Volume 3) (StrongHeart Stories)", "updated_at": "2025-07-08T04:44:00.248611+00:00", "publisher_id": "b1ae09e3-7dae-491f-8ad6-e513fd9d1977", "review_count": 0, "average_rating": 0, "cover_image_id": null, "format_type_id": "d32977ce-788d-4c75-af76-ea033978f402", "binding_type_id": "bd110077-f85e-46fe-8411-894c4a61f132", "book_gallery_img": null, "publication_date": "2025-03-04", "original_image_url": null}', NULL, '00000000-0000-0000-0000-000000000000', '2025-07-13 04:20:01.010037+00', '::1', 'postgrest', NULL, '22218', NULL, 'production'),
	('877e0e78-9194-4161-a279-f201735fb49f', 'books', '51647138-7959-4461-981e-664c816b3b1e', 'DELETE', '{"id": "51647138-7959-4461-981e-664c816b3b1e", "pages": 240, "title": "Start with Amen: How I Learned to Surrender by Keeping the End in Mind", "author": null, "isbn10": null, "isbn13": "0718079019", "weight": null, "binding": null, "edition": null, "featured": false, "language": "en", "overview": null, "synopsis": null, "author_id": "8e75e51f-701f-4f3a-83da-70f625876ca8", "status_id": null, "created_at": "2025-07-08T00:11:49.032605+00:00", "dimensions": null, "list_price": null, "title_long": null, "updated_at": "2025-07-08T00:11:49.032605+00:00", "publisher_id": "f1a5d323-99aa-4329-9536-5dee26fc1c0c", "review_count": 0, "average_rating": 0, "cover_image_id": "22e97769-c2df-4220-bed8-e9261ace71a6", "format_type_id": null, "binding_type_id": null, "book_gallery_img": null, "publication_date": "2017-05-09", "original_image_url": "https://images.isbndb.com/covers/18005203482443.jpg"}', NULL, '00000000-0000-0000-0000-000000000000', '2025-07-13 04:20:11.829157+00', '::1', 'postgrest', NULL, '22219', NULL, 'production'),
	('26255f7d-9b0b-4618-8477-d5ebaab042c2', 'users', 'b3bd5d6b-e22a-4d61-a4a7-eee77a7063ce', 'UPDATE', '{"id": "b3bd5d6b-e22a-4d61-a4a7-eee77a7063ce", "name": "Jack Johnson", "email": "jack.johnson@authorsinfo.com", "role_id": "9f2d9d7b-1851-41e1-bab3-cb5aded6a9a5", "permalink": null, "created_at": "2025-07-03T09:08:57.268783+00:00", "updated_at": "2025-07-03T09:08:57.268783+00:00"}', '{"id": "b3bd5d6b-e22a-4d61-a4a7-eee77a7063ce", "name": "Jack Johnson", "email": "jack.johnson@authorsinfo.com", "role_id": "9f2d9d7b-1851-41e1-bab3-cb5aded6a9a5", "permalink": "jack.johnson", "created_at": "2025-07-03T09:08:57.268783+00:00", "updated_at": "2025-08-03T00:49:30.384+00:00"}', '00000000-0000-0000-0000-000000000000', '2025-08-03 00:49:28.893425+00', '::1', 'postgrest', NULL, '4726', NULL, 'production'),
	('256f17ea-f785-422a-818a-07b54a3d08a7', 'books', '30751fff-3388-4cd2-b96c-38d467bb4785', 'DELETE', '{"id": "30751fff-3388-4cd2-b96c-38d467bb4785", "pages": null, "title": "AMANTE TENTADORA (Spanish Edition)", "author": "Katherine Garbera", "isbn10": "0373357389", "isbn13": "9780373357383", "weight": null, "binding": null, "edition": null, "featured": false, "language": null, "overview": null, "synopsis": "<p>Convertir en su amante a la hija de su peor enemigo era un sue??echo realidad? pero no imaginaba el precio que tendr?que pagar</p>\n<p>Despu?de que su padre le negara un ascenso, la rica heredera Tempest Lambert ofreci??s servicios al peor enemigo de su padre. Pero, qu?ra exactamente lo que deseaba, aquel trabajo o a su nuevo jefe, el guap?mo Gavin Renard?</p>\n<p>Gavin se hab?hecho millonario absorbiendo empresas, pero hacerse con el imperio de Lambert no era una cuesti??e negocios? era una venganza. Podr?utilizar a Tempest para conseguirlo? y quiz?ambi?convertirla en su amante.</p>", "author_id": "9953a3e0-4982-4ae5-8093-829c4320ef8d", "status_id": null, "created_at": "2025-07-03T06:54:12.886845+00:00", "dimensions": null, "list_price": null, "title_long": null, "updated_at": "2025-07-03T06:54:12.886845+00:00", "publisher_id": "ad76092d-b5b1-4045-af9f-5fae7b4aef6b", "review_count": 0, "average_rating": 0, "cover_image_id": null, "format_type_id": null, "binding_type_id": null, "book_gallery_img": null, "publication_date": null, "original_image_url": "https://images.isbndb.com/covers/25341033482320.jpg"}', NULL, '00000000-0000-0000-0000-000000000000', '2025-07-13 04:20:21.05612+00', '::1', 'postgrest', NULL, '22220', NULL, 'production'),
	('a2c29427-c045-4f74-99cb-8b3d1cb7c2df', 'reading_progress', '2808ff26-24d9-429d-bf40-c2d8c82809a0', 'DELETE', '{"id": "2808ff26-24d9-429d-bf40-c2d8c82809a0", "status": "in_progress", "book_id": "30751fff-3388-4cd2-b96c-38d467bb4785", "user_id": "e06cdf85-b449-4dcb-b943-068aaad8cfa3", "created_at": "2025-07-05T05:39:05.555+00:00", "start_date": "2025-07-06T18:52:04.298+00:00", "updated_at": "2025-07-06T18:52:04.298+00:00", "finish_date": null, "allow_friends": false, "privacy_level": "private", "allow_followers": false, "privacy_audit_log": [], "custom_permissions": [], "progress_percentage": 0}', NULL, '00000000-0000-0000-0000-000000000000', '2025-07-13 04:20:21.05612+00', '::1', 'postgrest', NULL, '22220', NULL, 'production'),
	('4d374ade-9c12-44d8-960d-909b96dec729', 'publishers', '729c198c-4e2f-4e67-8591-ee4f6bd74385', 'INSERT', NULL, '{"id": "729c198c-4e2f-4e67-8591-ee4f6bd74385", "city": null, "name": "Red Door Books", "about": null, "email": null, "phone": null, "state": null, "country": null, "website": null, "featured": false, "country_id": null, "created_at": "2025-07-13T07:13:14.232476+00:00", "updated_at": "2025-07-13T07:13:14.232476+00:00", "postal_code": null, "founded_year": null, "address_line1": null, "address_line2": null, "cover_image_id": null, "publisher_image_id": null, "publisher_gallery_id": null}', '00000000-0000-0000-0000-000000000000', '2025-07-13 07:13:14.232476+00', '::1', 'postgrest', NULL, '22226', NULL, 'production'),
	('21168203-3900-41cb-9b6b-4ca13b39a052', 'authors', 'e31e061d-a4a8-4cc8-af18-754786ad5ee3', 'INSERT', NULL, '{"id": "e31e061d-a4a8-4cc8-af18-754786ad5ee3", "bio": null, "name": "Envy Red", "website": null, "featured": false, "birth_date": null, "created_at": "2025-07-13T07:13:14.630895+00:00", "updated_at": "2025-07-13T07:13:14.630895+00:00", "nationality": null, "goodreads_url": null, "cover_image_id": null, "twitter_handle": null, "author_image_id": null, "facebook_handle": null, "instagram_handle": null, "author_gallery_id": null}', '00000000-0000-0000-0000-000000000000', '2025-07-13 07:13:14.630895+00', '::1', 'postgrest', NULL, '22227', NULL, 'production'),
	('f729b53f-d01a-4efe-900c-fdac2681af84', 'books', '235ce1e2-e5a5-4db9-9d2b-22093d960566', 'INSERT', NULL, '{"id": "235ce1e2-e5a5-4db9-9d2b-22093d960566", "pages": 230, "title": "High Rollers", "author": "Envy Red", "isbn10": "0983716412", "isbn13": "9780983716419", "weight": 0.79, "binding": "Paperback", "edition": null, "featured": false, "language": "en", "overview": null, "synopsis": "Product Description<br/><br/><br/>Welcome to High Rollers, a skater''s paradise, where everything is not as it seems. Situated in the heart of West Baltimore, this rink is headquarters to a sinister human trafficking operation. With a reach that travels far beyond the South American border, the stakes are high when gambling within the inner realms of this skate haven. Meet troubled Iraq War veteran Jimmie \"Snake\" Watson, the charismatic yet loose cannon mastermind, whose skillful art of persuasion creates a seemingly untouchable empire. Witness what happens when greed, dishonor, love, andthe revealing of shocking truths stand to send his perfect world crashing down. Session 1.... So it begins!<br/><br/><br/>About the Author<br/><br/><br/>Envy Red is a Washington, DC area native by way of Birmingham, AL. A two time graduate of the University of Maryland, she resides in Atlanta, GA with her two boys. She is a cancer survivor whose battle with a rare form of the disease has strengthened her dedication to philanthropy. She is a board member of Homebound Citizens Non-Profit as well as the founder of the Free Young Minds Project, a youth initiative committed to developing our nations youth to their fullest potential. Literary Accomplishments: Most Talked About Author 2011 - DJ Gatsby Book Club Debut Author of The Year 2011 - Prodigy Publishing''s Urban Literary Awards Best Dressed Female Author 2011- Prodigy Publishing''s Urban Literary Awards Author of The Year Female 2011 - Word on Da Street Urban Literary Awards Nomination Female Author of The Year - AAMBC", "author_id": "e31e061d-a4a8-4cc8-af18-754786ad5ee3", "status_id": null, "created_at": "2025-07-13T07:13:15.753895+00:00", "dimensions": "Height: 8.5 inches, Length: 5.5 inches, Weight: 0.79 pounds, Width: 0.58 inches", "list_price": 0.00, "title_long": "High Rollers", "updated_at": "2025-07-13T07:13:15.753895+00:00", "publisher_id": "729c198c-4e2f-4e67-8591-ee4f6bd74385", "review_count": 0, "average_rating": 0, "cover_image_id": "57fbc74f-1371-4481-bd60-a647b84793e8", "format_type_id": "d32977ce-788d-4c75-af76-ea033978f402", "binding_type_id": "50d370e1-c0b9-4bb5-b278-0aa247da36fd", "book_gallery_img": null, "publication_date": "2012-01-01", "original_image_url": null}', '00000000-0000-0000-0000-000000000000', '2025-07-13 07:13:15.753895+00', '::1', 'postgrest', NULL, '22229', NULL, 'production'),
	('a8f2014b-ef82-435c-bb56-1297561e607f', 'books', '9a5909bb-e759-44ab-b8d0-7143482f66e8', 'INSERT', NULL, '{"id": "9a5909bb-e759-44ab-b8d0-7143482f66e8", "pages": 226, "title": "Touch", "author": "Envy Red", "isbn10": "0578072696", "isbn13": "9780578072692", "weight": 295, "binding": "Paperback", "edition": null, "featured": false, "language": "en", "overview": null, "synopsis": "Buckle your seatbelts and prepare for an exhilarating journey set in our nations capital where professionals indulge in more than their six figure careers. Through an erotic world of fantasy that almost crumbles at the hands of a sexual predator and serial killer, the shocking pasts of five individuals cross, and the page turning mystery that is Touch is told. Sidney, Nina, and Jade are three best friends from very different backgrounds who are active participants in the lifestyle, an exclusive underground swingers network, where professionals secretly gather to satisfy their carnal desires. When well known local celebrity and event planner Marcel Bennett is found brutally murdered after a lavish event, the connection to a series of serial killings is made and threatens to shake their foundation. Kenny aka King, is the troubled yet artistically talented younger brother of Sidney who is determined to shake his country roots and the demons he left behind. Will a gripping fear of success and mental baggage be his ultimate downfall or just the push he needs to move forward? Enter Devine, a local upscale health club owner, who just may be ready to settle down but not before being faced with demons from his own past including secrets held by his overbearing father, a high profiled city councilman. Watch as their pasts cross and their futures are forever altered when the mind blowing conclusion to this thrilling mystery unfolds, leaving you clinging to the edge of your seat.", "author_id": "e31e061d-a4a8-4cc8-af18-754786ad5ee3", "status_id": null, "created_at": "2025-07-13T07:13:18.397727+00:00", "dimensions": "height: 216 mm, length: 140 mm, width: 14 mm, weight: 295 g", "list_price": 0.00, "title_long": "Touch", "updated_at": "2025-07-13T07:13:18.397727+00:00", "publisher_id": "729c198c-4e2f-4e67-8591-ee4f6bd74385", "review_count": 0, "average_rating": 0, "cover_image_id": "03e2ac67-8c1a-4923-ac8d-702e775a3886", "format_type_id": "d32977ce-788d-4c75-af76-ea033978f402", "binding_type_id": "50d370e1-c0b9-4bb5-b278-0aa247da36fd", "book_gallery_img": null, "publication_date": "2011-01-01", "original_image_url": null}', '00000000-0000-0000-0000-000000000000', '2025-07-13 07:13:18.397727+00', '::1', 'postgrest', NULL, '22239', NULL, 'production'),
	('8c967114-7056-4bb8-9469-451bfdf2cf0c', 'books', '492d0538-5ab2-43bc-bc7b-e538da900639', 'INSERT', NULL, '{"id": "492d0538-5ab2-43bc-bc7b-e538da900639", "pages": 256, "title": "Jaded", "author": "Envy Red", "isbn10": "0983716404", "isbn13": "9780983716402", "weight": 327, "binding": "Paperback", "edition": null, "featured": false, "language": "en", "overview": null, "synopsis": "Imagine having your life consumed with nightmares of a wildly drug addicted mother whose career in prostitution leaves no one including yourself exempt from its consequences. Visualize having an unknown father whose only mark left on your life are unexplained exotic features. Envision learning that you were marked and written off as criminally insane at the tender age of 12. Now picture the same mental illness having you torn between two extremely opposite worlds of fantasy and reality. Journey behind the walls of St Agnes, a maximum security asylum in rural Virginia, and experience the suspenseful tale that is Jaded through the complex mind of a beautifully torn woman. Can love conquer all? This is the question posed as a love interest battles to show support through his own personal dilemma and tragedy. Will a seasoned therapist be able to provide the help needed, or will the unveiling of shocking truths cause damage beyond repair? Come along for the ups and downs of this jaw droppin", "author_id": "e31e061d-a4a8-4cc8-af18-754786ad5ee3", "status_id": null, "created_at": "2025-07-13T07:13:20.319565+00:00", "dimensions": "height: 216 mm, length: 140 mm, width: 16 mm, weight: 327 g", "list_price": 10, "title_long": "Jaded", "updated_at": "2025-07-13T07:13:20.319565+00:00", "publisher_id": "729c198c-4e2f-4e67-8591-ee4f6bd74385", "review_count": 0, "average_rating": 0, "cover_image_id": "107a9e86-6578-4bb7-98f5-9c1a8d944b3c", "format_type_id": "d32977ce-788d-4c75-af76-ea033978f402", "binding_type_id": "50d370e1-c0b9-4bb5-b278-0aa247da36fd", "book_gallery_img": null, "publication_date": "2011-11-16", "original_image_url": null}', '00000000-0000-0000-0000-000000000000', '2025-07-13 07:13:20.319565+00', '::1', 'postgrest', NULL, '22247', NULL, 'production'),
	('89e4e3a5-8406-4fad-915c-4a9d2bca147d', 'reading_progress', '27abd201-3f8e-4bc4-a76a-253eec68ab9d', 'INSERT', NULL, '{"id": "27abd201-3f8e-4bc4-a76a-253eec68ab9d", "status": "not_started", "book_id": "9a5909bb-e759-44ab-b8d0-7143482f66e8", "user_id": "e06cdf85-b449-4dcb-b943-068aaad8cfa3", "created_at": "2025-07-14T00:00:00.636+00:00", "start_date": null, "updated_at": "2025-07-14T00:00:00.636+00:00", "finish_date": null, "allow_friends": false, "privacy_level": "private", "allow_followers": false, "privacy_audit_log": [], "custom_permissions": [], "progress_percentage": 0}', 'e06cdf85-b449-4dcb-b943-068aaad8cfa3', '2025-07-13 23:59:59.62574+00', '::1', 'postgrest', NULL, '22258', NULL, 'production'),
	('69a183bc-2be7-48fd-a76f-2e4fa117a76b', 'reading_progress', '27abd201-3f8e-4bc4-a76a-253eec68ab9d', 'UPDATE', '{"id": "27abd201-3f8e-4bc4-a76a-253eec68ab9d", "status": "not_started", "book_id": "9a5909bb-e759-44ab-b8d0-7143482f66e8", "user_id": "e06cdf85-b449-4dcb-b943-068aaad8cfa3", "created_at": "2025-07-14T00:00:00.636+00:00", "start_date": null, "updated_at": "2025-07-14T00:00:00.636+00:00", "finish_date": null, "allow_friends": false, "privacy_level": "private", "allow_followers": false, "privacy_audit_log": [], "custom_permissions": [], "progress_percentage": 0}', '{"id": "27abd201-3f8e-4bc4-a76a-253eec68ab9d", "status": "in_progress", "book_id": "9a5909bb-e759-44ab-b8d0-7143482f66e8", "user_id": "e06cdf85-b449-4dcb-b943-068aaad8cfa3", "created_at": "2025-07-14T00:00:00.636+00:00", "start_date": "2025-07-29T00:59:38.297+00:00", "updated_at": "2025-07-29T00:59:38.297+00:00", "finish_date": null, "allow_friends": false, "privacy_level": "private", "allow_followers": false, "privacy_audit_log": [], "custom_permissions": [], "progress_percentage": 0}', 'e06cdf85-b449-4dcb-b943-068aaad8cfa3', '2025-07-29 00:59:37.88525+00', '::1', 'postgrest', NULL, '4375', NULL, 'production'),
	('15af0ac1-660c-4eba-885a-f599b34b6a7c', 'reading_progress', '27abd201-3f8e-4bc4-a76a-253eec68ab9d', 'UPDATE', '{"id": "27abd201-3f8e-4bc4-a76a-253eec68ab9d", "status": "in_progress", "book_id": "9a5909bb-e759-44ab-b8d0-7143482f66e8", "user_id": "e06cdf85-b449-4dcb-b943-068aaad8cfa3", "created_at": "2025-07-14T00:00:00.636+00:00", "start_date": "2025-07-29T00:59:38.297+00:00", "updated_at": "2025-07-29T00:59:38.297+00:00", "finish_date": null, "allow_friends": false, "privacy_level": "private", "allow_followers": false, "privacy_audit_log": [], "custom_permissions": [], "progress_percentage": 0}', '{"id": "27abd201-3f8e-4bc4-a76a-253eec68ab9d", "status": "completed", "book_id": "9a5909bb-e759-44ab-b8d0-7143482f66e8", "user_id": "e06cdf85-b449-4dcb-b943-068aaad8cfa3", "created_at": "2025-07-14T00:00:00.636+00:00", "start_date": "2025-07-29T00:59:38.297+00:00", "updated_at": "2025-07-31T08:10:13.425+00:00", "finish_date": "2025-07-31T08:10:13.425+00:00", "allow_friends": false, "privacy_level": "private", "allow_followers": false, "privacy_audit_log": [], "custom_permissions": [], "progress_percentage": 0}', 'e06cdf85-b449-4dcb-b943-068aaad8cfa3', '2025-07-31 08:10:13.740658+00', '::1', 'postgrest', NULL, '4586', NULL, 'production'),
	('d00b46be-ed51-4048-b499-3a18b8452ec9', 'reading_progress', '902c1610-39ac-4468-873c-347c0596bf04', 'INSERT', NULL, '{"id": "902c1610-39ac-4468-873c-347c0596bf04", "status": "not_started", "book_id": "9a5909bb-e759-44ab-b8d0-7143482f66e8", "user_id": "2474659f-003e-4faa-8c53-9969c33f20b2", "created_at": "2025-07-31T08:10:54.519+00:00", "start_date": null, "updated_at": "2025-07-31T08:10:54.519+00:00", "finish_date": null, "allow_friends": false, "privacy_level": "private", "allow_followers": false, "privacy_audit_log": [], "custom_permissions": [], "progress_percentage": 0}', '2474659f-003e-4faa-8c53-9969c33f20b2', '2025-07-31 08:10:54.810167+00', '::1', 'postgrest', NULL, '4589', NULL, 'production'),
	('2d41e035-e806-405f-89b1-de8825b90541', 'reading_progress', '902c1610-39ac-4468-873c-347c0596bf04', 'UPDATE', '{"id": "902c1610-39ac-4468-873c-347c0596bf04", "status": "not_started", "book_id": "9a5909bb-e759-44ab-b8d0-7143482f66e8", "user_id": "2474659f-003e-4faa-8c53-9969c33f20b2", "created_at": "2025-07-31T08:10:54.519+00:00", "start_date": null, "updated_at": "2025-07-31T08:10:54.519+00:00", "finish_date": null, "allow_friends": false, "privacy_level": "private", "allow_followers": false, "privacy_audit_log": [], "custom_permissions": [], "progress_percentage": 0}', '{"id": "902c1610-39ac-4468-873c-347c0596bf04", "status": "in_progress", "book_id": "9a5909bb-e759-44ab-b8d0-7143482f66e8", "user_id": "2474659f-003e-4faa-8c53-9969c33f20b2", "created_at": "2025-07-31T08:10:54.519+00:00", "start_date": "2025-07-31T08:11:08.452+00:00", "updated_at": "2025-07-31T08:11:08.452+00:00", "finish_date": null, "allow_friends": false, "privacy_level": "private", "allow_followers": false, "privacy_audit_log": [], "custom_permissions": [], "progress_percentage": 0}', '2474659f-003e-4faa-8c53-9969c33f20b2', '2025-07-31 08:11:08.74281+00', '::1', 'postgrest', NULL, '4590', NULL, 'production'),
	('cac52953-c197-48b2-a585-e1488fc9a8bf', 'users', 'b474d5f5-cbf2-49af-8d03-2ca4aea11081', 'UPDATE', '{"id": "b474d5f5-cbf2-49af-8d03-2ca4aea11081", "name": "Drew Dixon", "email": "drew.dixon@authorsinfo.com", "role_id": "9f2d9d7b-1851-41e1-bab3-cb5aded6a9a5", "permalink": null, "created_at": "2025-07-03T09:08:57.268783+00:00", "updated_at": "2025-07-03T09:08:57.268783+00:00"}', '{"id": "b474d5f5-cbf2-49af-8d03-2ca4aea11081", "name": "Drew Dixon", "email": "drew.dixon@authorsinfo.com", "role_id": "9f2d9d7b-1851-41e1-bab3-cb5aded6a9a5", "permalink": "drew-dixon", "created_at": "2025-07-03T09:08:57.268783+00:00", "updated_at": "2025-08-03T00:43:40.728+00:00"}', '00000000-0000-0000-0000-000000000000', '2025-08-03 00:43:39.461662+00', '::1', 'postgrest', NULL, '4715', NULL, 'production'),
	('b68a7360-067a-4938-ab72-3c688b1413a5', 'users', 'e06cdf85-b449-4dcb-b943-068aaad8cfa3', 'UPDATE', '{"id": "e06cdf85-b449-4dcb-b943-068aaad8cfa3", "name": "Alice Anderson", "email": "alice.anderson@authorsinfo.com", "role_id": "61ae42f3-cb06-4661-bf02-7f6160be7357", "permalink": null, "created_at": "2025-07-03T09:08:57.268783+00:00", "updated_at": "2025-07-03T09:08:57.268783+00:00"}', '{"id": "e06cdf85-b449-4dcb-b943-068aaad8cfa3", "name": "Alice Anderson", "email": "alice.anderson@authorsinfo.com", "role_id": "61ae42f3-cb06-4661-bf02-7f6160be7357", "permalink": "alice.anderson", "created_at": "2025-07-03T09:08:57.268783+00:00", "updated_at": "2025-08-03T00:49:28.294+00:00"}', '00000000-0000-0000-0000-000000000000', '2025-08-03 00:49:26.800173+00', '::1', 'postgrest', NULL, '4717', NULL, 'production'),
	('8fd297e2-ad9d-4318-9b47-614ba41f1b78', 'users', '2474659f-003e-4faa-8c53-9969c33f20b2', 'UPDATE', '{"id": "2474659f-003e-4faa-8c53-9969c33f20b2", "name": "Bob Brown", "email": "bob.brown@authorsinfo.com", "role_id": "df8b11d2-214b-4e42-a2c6-bb0acce95cf7", "permalink": null, "created_at": "2025-07-03T09:08:57.268783+00:00", "updated_at": "2025-07-03T09:08:57.268783+00:00"}', '{"id": "2474659f-003e-4faa-8c53-9969c33f20b2", "name": "Bob Brown", "email": "bob.brown@authorsinfo.com", "role_id": "df8b11d2-214b-4e42-a2c6-bb0acce95cf7", "permalink": "bob.brown", "created_at": "2025-07-03T09:08:57.268783+00:00", "updated_at": "2025-08-03T00:49:28.65+00:00"}', '00000000-0000-0000-0000-000000000000', '2025-08-03 00:49:27.156516+00', '::1', 'postgrest', NULL, '4718', NULL, 'production'),
	('dfd40250-f947-4534-b267-78cc2963029f', 'users', '45f98998-ba1d-4439-b2ee-1d403fee0e7c', 'UPDATE', '{"id": "45f98998-ba1d-4439-b2ee-1d403fee0e7c", "name": "Charlie Clark", "email": "charlie.clark@authorsinfo.com", "role_id": "9f2d9d7b-1851-41e1-bab3-cb5aded6a9a5", "permalink": null, "created_at": "2025-07-03T09:08:57.268783+00:00", "updated_at": "2025-07-03T09:08:57.268783+00:00"}', '{"id": "45f98998-ba1d-4439-b2ee-1d403fee0e7c", "name": "Charlie Clark", "email": "charlie.clark@authorsinfo.com", "role_id": "9f2d9d7b-1851-41e1-bab3-cb5aded6a9a5", "permalink": "charlie.clark", "created_at": "2025-07-03T09:08:57.268783+00:00", "updated_at": "2025-08-03T00:49:28.892+00:00"}', '00000000-0000-0000-0000-000000000000', '2025-08-03 00:49:27.401328+00', '::1', 'postgrest', NULL, '4719', NULL, 'production'),
	('e18894a7-539e-4322-8d94-c25904f95fc3', 'users', 'c5b68ab4-e8bc-4291-a646-7f8ab4b99528', 'UPDATE', '{"id": "c5b68ab4-e8bc-4291-a646-7f8ab4b99528", "name": "Diana Davis", "email": "diana.davis@authorsinfo.com", "role_id": "9f2d9d7b-1851-41e1-bab3-cb5aded6a9a5", "permalink": null, "created_at": "2025-07-03T09:08:57.268783+00:00", "updated_at": "2025-07-03T09:08:57.268783+00:00"}', '{"id": "c5b68ab4-e8bc-4291-a646-7f8ab4b99528", "name": "Diana Davis", "email": "diana.davis@authorsinfo.com", "role_id": "9f2d9d7b-1851-41e1-bab3-cb5aded6a9a5", "permalink": "diana.davis", "created_at": "2025-07-03T09:08:57.268783+00:00", "updated_at": "2025-08-03T00:49:29.106+00:00"}', '00000000-0000-0000-0000-000000000000', '2025-08-03 00:49:27.616956+00', '::1', 'postgrest', NULL, '4720', NULL, 'production'),
	('fbd8776b-4f35-43bc-96bd-5b94e243c5d4', 'users', '355dd8d6-7ef5-46cf-9bad-67fd863cbc88', 'UPDATE', '{"id": "355dd8d6-7ef5-46cf-9bad-67fd863cbc88", "name": "Eve Evans", "email": "eve.evans@authorsinfo.com", "role_id": "9f2d9d7b-1851-41e1-bab3-cb5aded6a9a5", "permalink": null, "created_at": "2025-07-03T09:08:57.268783+00:00", "updated_at": "2025-07-03T09:08:57.268783+00:00"}', '{"id": "355dd8d6-7ef5-46cf-9bad-67fd863cbc88", "name": "Eve Evans", "email": "eve.evans@authorsinfo.com", "role_id": "9f2d9d7b-1851-41e1-bab3-cb5aded6a9a5", "permalink": "eve.evans", "created_at": "2025-07-03T09:08:57.268783+00:00", "updated_at": "2025-08-03T00:49:29.36+00:00"}', '00000000-0000-0000-0000-000000000000', '2025-08-03 00:49:27.862776+00', '::1', 'postgrest', NULL, '4721', NULL, 'production'),
	('273442c9-bfaa-40af-a7a6-16c549a91653', 'users', '62be2226-e3d4-4b10-951d-13c3972145b1', 'UPDATE', '{"id": "62be2226-e3d4-4b10-951d-13c3972145b1", "name": "Frank Fisher", "email": "frank.fisher@authorsinfo.com", "role_id": "9f2d9d7b-1851-41e1-bab3-cb5aded6a9a5", "permalink": null, "created_at": "2025-07-03T09:08:57.268783+00:00", "updated_at": "2025-07-03T09:08:57.268783+00:00"}', '{"id": "62be2226-e3d4-4b10-951d-13c3972145b1", "name": "Frank Fisher", "email": "frank.fisher@authorsinfo.com", "role_id": "9f2d9d7b-1851-41e1-bab3-cb5aded6a9a5", "permalink": "frank.fisher", "created_at": "2025-07-03T09:08:57.268783+00:00", "updated_at": "2025-08-03T00:49:29.559+00:00"}', '00000000-0000-0000-0000-000000000000', '2025-08-03 00:49:28.063419+00', '::1', 'postgrest', NULL, '4722', NULL, 'production'),
	('aabdb684-a294-41a6-9fab-81c5f128f25b', 'users', '8dd18808-4777-4877-bde1-b54b1d3ffa81', 'UPDATE', '{"id": "8dd18808-4777-4877-bde1-b54b1d3ffa81", "name": "Grace Garcia", "email": "grace.garcia@authorsinfo.com", "role_id": "9f2d9d7b-1851-41e1-bab3-cb5aded6a9a5", "permalink": null, "created_at": "2025-07-03T09:08:57.268783+00:00", "updated_at": "2025-07-03T09:08:57.268783+00:00"}', '{"id": "8dd18808-4777-4877-bde1-b54b1d3ffa81", "name": "Grace Garcia", "email": "grace.garcia@authorsinfo.com", "role_id": "9f2d9d7b-1851-41e1-bab3-cb5aded6a9a5", "permalink": "grace.garcia", "created_at": "2025-07-03T09:08:57.268783+00:00", "updated_at": "2025-08-03T00:49:29.808+00:00"}', '00000000-0000-0000-0000-000000000000', '2025-08-03 00:49:28.313445+00', '::1', 'postgrest', NULL, '4723', NULL, 'production'),
	('00843505-76d0-46c2-8c6c-c3b045d5eff4', 'users', '0d1f32d3-18b4-4aa8-b858-141b139aacd8', 'UPDATE', '{"id": "0d1f32d3-18b4-4aa8-b858-141b139aacd8", "name": "Henry Harris", "email": "henry.harris@authorsinfo.com", "role_id": "9f2d9d7b-1851-41e1-bab3-cb5aded6a9a5", "permalink": null, "created_at": "2025-07-03T09:08:57.268783+00:00", "updated_at": "2025-07-03T09:08:57.268783+00:00"}', '{"id": "0d1f32d3-18b4-4aa8-b858-141b139aacd8", "name": "Henry Harris", "email": "henry.harris@authorsinfo.com", "role_id": "9f2d9d7b-1851-41e1-bab3-cb5aded6a9a5", "permalink": "henry.harris", "created_at": "2025-07-03T09:08:57.268783+00:00", "updated_at": "2025-08-03T00:49:30.025+00:00"}', '00000000-0000-0000-0000-000000000000', '2025-08-03 00:49:28.52086+00', '::1', 'postgrest', NULL, '4724', NULL, 'production'),
	('6736064c-7ca5-4822-8ca8-a92a9fbcb04d', 'users', '04d0c415-9de4-43dc-99fd-bcc8f980cefc', 'UPDATE', '{"id": "04d0c415-9de4-43dc-99fd-bcc8f980cefc", "name": "Kate King", "email": "kate.king@authorsinfo.com", "role_id": "9f2d9d7b-1851-41e1-bab3-cb5aded6a9a5", "permalink": null, "created_at": "2025-07-03T09:08:57.268783+00:00", "updated_at": "2025-07-03T09:08:57.268783+00:00"}', '{"id": "04d0c415-9de4-43dc-99fd-bcc8f980cefc", "name": "Kate King", "email": "kate.king@authorsinfo.com", "role_id": "9f2d9d7b-1851-41e1-bab3-cb5aded6a9a5", "permalink": "kate.king", "created_at": "2025-07-03T09:08:57.268783+00:00", "updated_at": "2025-08-03T00:49:30.645+00:00"}', '00000000-0000-0000-0000-000000000000', '2025-08-03 00:49:29.157163+00', '::1', 'postgrest', NULL, '4727', NULL, 'production'),
	('17b6c745-ae0b-4154-9eb1-42c4982d8359', 'users', 'da99da90-51c9-46b6-9b1a-5b28603a2aa7', 'UPDATE', '{"id": "da99da90-51c9-46b6-9b1a-5b28603a2aa7", "name": "Liam Lee", "email": "liam.lee@authorsinfo.com", "role_id": "9f2d9d7b-1851-41e1-bab3-cb5aded6a9a5", "permalink": null, "created_at": "2025-07-03T09:08:57.268783+00:00", "updated_at": "2025-07-03T09:08:57.268783+00:00"}', '{"id": "da99da90-51c9-46b6-9b1a-5b28603a2aa7", "name": "Liam Lee", "email": "liam.lee@authorsinfo.com", "role_id": "9f2d9d7b-1851-41e1-bab3-cb5aded6a9a5", "permalink": "liam.lee", "created_at": "2025-07-03T09:08:57.268783+00:00", "updated_at": "2025-08-03T00:49:30.856+00:00"}', '00000000-0000-0000-0000-000000000000', '2025-08-03 00:49:29.330657+00', '::1', 'postgrest', NULL, '4728', NULL, 'production'),
	('f9c8009b-0ad5-4fad-b8ba-5cf348ecf139', 'users', 'fdcbe6e9-108d-4939-b10f-77b422731a18', 'UPDATE', '{"id": "fdcbe6e9-108d-4939-b10f-77b422731a18", "name": "Maya Miller", "email": "maya.miller@authorsinfo.com", "role_id": "9f2d9d7b-1851-41e1-bab3-cb5aded6a9a5", "permalink": null, "created_at": "2025-07-03T09:08:57.268783+00:00", "updated_at": "2025-07-03T09:08:57.268783+00:00"}', '{"id": "fdcbe6e9-108d-4939-b10f-77b422731a18", "name": "Maya Miller", "email": "maya.miller@authorsinfo.com", "role_id": "9f2d9d7b-1851-41e1-bab3-cb5aded6a9a5", "permalink": "maya.miller", "created_at": "2025-07-03T09:08:57.268783+00:00", "updated_at": "2025-08-03T00:49:31.046+00:00"}', '00000000-0000-0000-0000-000000000000', '2025-08-03 00:49:29.54786+00', '::1', 'postgrest', NULL, '4729', NULL, 'production'),
	('a296de47-c096-4fb6-8fb8-fdad3b59c409', 'users', 'deca955d-e8c5-4c28-b190-f3ab7b382748', 'UPDATE', '{"id": "deca955d-e8c5-4c28-b190-f3ab7b382748", "name": "Noah Nelson", "email": "noah.nelson@authorsinfo.com", "role_id": "9f2d9d7b-1851-41e1-bab3-cb5aded6a9a5", "permalink": null, "created_at": "2025-07-03T09:08:57.268783+00:00", "updated_at": "2025-07-03T09:08:57.268783+00:00"}', '{"id": "deca955d-e8c5-4c28-b190-f3ab7b382748", "name": "Noah Nelson", "email": "noah.nelson@authorsinfo.com", "role_id": "9f2d9d7b-1851-41e1-bab3-cb5aded6a9a5", "permalink": "noah.nelson", "created_at": "2025-07-03T09:08:57.268783+00:00", "updated_at": "2025-08-03T00:49:31.288+00:00"}', '00000000-0000-0000-0000-000000000000', '2025-08-03 00:49:29.748084+00', '::1', 'postgrest', NULL, '4730', NULL, 'production'),
	('c8b09d8a-f5ac-407e-8f2e-2f3b8ac2b0a9', 'users', '97f1407e-dcab-4143-a59e-873634654503', 'UPDATE', '{"id": "97f1407e-dcab-4143-a59e-873634654503", "name": "Olivia O''Connor", "email": "olivia.o''connor@authorsinfo.com", "role_id": "9f2d9d7b-1851-41e1-bab3-cb5aded6a9a5", "permalink": null, "created_at": "2025-07-03T09:08:57.268783+00:00", "updated_at": "2025-07-03T09:08:57.268783+00:00"}', '{"id": "97f1407e-dcab-4143-a59e-873634654503", "name": "Olivia O''Connor", "email": "olivia.o''connor@authorsinfo.com", "role_id": "9f2d9d7b-1851-41e1-bab3-cb5aded6a9a5", "permalink": "olivia.oconnor", "created_at": "2025-07-03T09:08:57.268783+00:00", "updated_at": "2025-08-03T00:49:31.465+00:00"}', '00000000-0000-0000-0000-000000000000', '2025-08-03 00:49:29.924742+00', '::1', 'postgrest', NULL, '4731', NULL, 'production'),
	('72090fba-7e0a-4f6b-a61e-0c52ef7a6e5f', 'users', '05b4dc59-ae8e-47a1-8409-936b159c2c22', 'UPDATE', '{"id": "05b4dc59-ae8e-47a1-8409-936b159c2c22", "name": "Paul Parker", "email": "paul.parker@authorsinfo.com", "role_id": "9f2d9d7b-1851-41e1-bab3-cb5aded6a9a5", "permalink": null, "created_at": "2025-07-03T09:08:57.268783+00:00", "updated_at": "2025-07-03T09:08:57.268783+00:00"}', '{"id": "05b4dc59-ae8e-47a1-8409-936b159c2c22", "name": "Paul Parker", "email": "paul.parker@authorsinfo.com", "role_id": "9f2d9d7b-1851-41e1-bab3-cb5aded6a9a5", "permalink": "paul.parker", "created_at": "2025-07-03T09:08:57.268783+00:00", "updated_at": "2025-08-03T00:49:31.673+00:00"}', '00000000-0000-0000-0000-000000000000', '2025-08-03 00:49:30.144374+00', '::1', 'postgrest', NULL, '4732', NULL, 'production'),
	('e7304499-623e-4190-bbd1-9f06863473e4', 'users', '6bea7109-b400-4124-839e-3fe6466f3ae8', 'UPDATE', '{"id": "6bea7109-b400-4124-839e-3fe6466f3ae8", "name": "Quinn Quinn", "email": "quinn.quinn@authorsinfo.com", "role_id": "9f2d9d7b-1851-41e1-bab3-cb5aded6a9a5", "permalink": null, "created_at": "2025-07-03T09:08:57.268783+00:00", "updated_at": "2025-07-03T09:08:57.268783+00:00"}', '{"id": "6bea7109-b400-4124-839e-3fe6466f3ae8", "name": "Quinn Quinn", "email": "quinn.quinn@authorsinfo.com", "role_id": "9f2d9d7b-1851-41e1-bab3-cb5aded6a9a5", "permalink": "quinn.quinn", "created_at": "2025-07-03T09:08:57.268783+00:00", "updated_at": "2025-08-03T00:49:31.827+00:00"}', '00000000-0000-0000-0000-000000000000', '2025-08-03 00:49:30.288227+00', '::1', 'postgrest', NULL, '4733', NULL, 'production'),
	('b42a6e79-11e6-4952-97ad-c8de15283f5f', 'users', '5969c24a-1dd6-47ec-9e19-e22a0d5ebf40', 'UPDATE', '{"id": "5969c24a-1dd6-47ec-9e19-e22a0d5ebf40", "name": "Ruby Roberts", "email": "ruby.roberts@authorsinfo.com", "role_id": "9f2d9d7b-1851-41e1-bab3-cb5aded6a9a5", "permalink": null, "created_at": "2025-07-03T09:08:57.268783+00:00", "updated_at": "2025-07-03T09:08:57.268783+00:00"}', '{"id": "5969c24a-1dd6-47ec-9e19-e22a0d5ebf40", "name": "Ruby Roberts", "email": "ruby.roberts@authorsinfo.com", "role_id": "9f2d9d7b-1851-41e1-bab3-cb5aded6a9a5", "permalink": "ruby.roberts", "created_at": "2025-07-03T09:08:57.268783+00:00", "updated_at": "2025-08-03T00:49:31.976+00:00"}', '00000000-0000-0000-0000-000000000000', '2025-08-03 00:49:30.435838+00', '::1', 'postgrest', NULL, '4734', NULL, 'production'),
	('678f51ca-31aa-42a1-a09e-52a82f9a62ff', 'users', '4ca9b634-8557-427f-9b7f-1d8679b7f332', 'UPDATE', '{"id": "4ca9b634-8557-427f-9b7f-1d8679b7f332", "name": "Sam Smith", "email": "sam.smith@authorsinfo.com", "role_id": "9f2d9d7b-1851-41e1-bab3-cb5aded6a9a5", "permalink": null, "created_at": "2025-07-03T09:08:57.268783+00:00", "updated_at": "2025-07-03T09:08:57.268783+00:00"}', '{"id": "4ca9b634-8557-427f-9b7f-1d8679b7f332", "name": "Sam Smith", "email": "sam.smith@authorsinfo.com", "role_id": "9f2d9d7b-1851-41e1-bab3-cb5aded6a9a5", "permalink": "sam.smith", "created_at": "2025-07-03T09:08:57.268783+00:00", "updated_at": "2025-08-03T00:49:32.125+00:00"}', '00000000-0000-0000-0000-000000000000', '2025-08-03 00:49:30.631565+00', '::1', 'postgrest', NULL, '4735', NULL, 'production'),
	('8d56232a-2e6a-484d-95f4-b841565de312', 'users', '2f4e5e3b-9aa3-45cf-9edf-86815d76f735', 'UPDATE', '{"id": "2f4e5e3b-9aa3-45cf-9edf-86815d76f735", "name": "Tara Taylor", "email": "tara.taylor@authorsinfo.com", "role_id": "9f2d9d7b-1851-41e1-bab3-cb5aded6a9a5", "permalink": null, "created_at": "2025-07-03T09:08:57.268783+00:00", "updated_at": "2025-07-03T09:08:57.268783+00:00"}', '{"id": "2f4e5e3b-9aa3-45cf-9edf-86815d76f735", "name": "Tara Taylor", "email": "tara.taylor@authorsinfo.com", "role_id": "9f2d9d7b-1851-41e1-bab3-cb5aded6a9a5", "permalink": "tara.taylor", "created_at": "2025-07-03T09:08:57.268783+00:00", "updated_at": "2025-08-03T00:49:32.314+00:00"}', '00000000-0000-0000-0000-000000000000', '2025-08-03 00:49:30.786091+00', '::1', 'postgrest', NULL, '4736', NULL, 'production'),
	('bf87aa1e-0c57-4fd2-805e-832d85da7ecf', 'users', '78b8de0c-9469-4b38-96bb-c97bbf3d8607', 'UPDATE', '{"id": "78b8de0c-9469-4b38-96bb-c97bbf3d8607", "name": "Uma Upton", "email": "uma.upton@authorsinfo.com", "role_id": "9f2d9d7b-1851-41e1-bab3-cb5aded6a9a5", "permalink": null, "created_at": "2025-07-03T09:08:57.268783+00:00", "updated_at": "2025-07-03T09:08:57.268783+00:00"}', '{"id": "78b8de0c-9469-4b38-96bb-c97bbf3d8607", "name": "Uma Upton", "email": "uma.upton@authorsinfo.com", "role_id": "9f2d9d7b-1851-41e1-bab3-cb5aded6a9a5", "permalink": "uma.upton", "created_at": "2025-07-03T09:08:57.268783+00:00", "updated_at": "2025-08-03T00:49:32.477+00:00"}', '00000000-0000-0000-0000-000000000000', '2025-08-03 00:49:30.941287+00', '::1', 'postgrest', NULL, '4737', NULL, 'production'),
	('aa592cf6-8f27-40d5-9259-e905a12cc869', 'users', 'e81a2715-e3dd-4133-ad2a-e400a74e24ad', 'UPDATE', '{"id": "e81a2715-e3dd-4133-ad2a-e400a74e24ad", "name": "Victor Vargas", "email": "victor.vargas@authorsinfo.com", "role_id": "9f2d9d7b-1851-41e1-bab3-cb5aded6a9a5", "permalink": null, "created_at": "2025-07-03T09:08:57.268783+00:00", "updated_at": "2025-07-03T09:08:57.268783+00:00"}', '{"id": "e81a2715-e3dd-4133-ad2a-e400a74e24ad", "name": "Victor Vargas", "email": "victor.vargas@authorsinfo.com", "role_id": "9f2d9d7b-1851-41e1-bab3-cb5aded6a9a5", "permalink": "victor.vargas", "created_at": "2025-07-03T09:08:57.268783+00:00", "updated_at": "2025-08-03T00:49:32.624+00:00"}', '00000000-0000-0000-0000-000000000000', '2025-08-03 00:49:31.089803+00', '::1', 'postgrest', NULL, '4738', NULL, 'production'),
	('a4312556-df4a-4953-ae4b-1bfb9e28f65a', 'users', 'c954586e-f506-48b3-ba5d-c6b0d3d561c8', 'UPDATE', '{"id": "c954586e-f506-48b3-ba5d-c6b0d3d561c8", "name": "Wendy Wilson", "email": "wendy.wilson@authorsinfo.com", "role_id": "9f2d9d7b-1851-41e1-bab3-cb5aded6a9a5", "permalink": null, "created_at": "2025-07-03T09:08:57.268783+00:00", "updated_at": "2025-07-03T09:08:57.268783+00:00"}', '{"id": "c954586e-f506-48b3-ba5d-c6b0d3d561c8", "name": "Wendy Wilson", "email": "wendy.wilson@authorsinfo.com", "role_id": "9f2d9d7b-1851-41e1-bab3-cb5aded6a9a5", "permalink": "wendy.wilson", "created_at": "2025-07-03T09:08:57.268783+00:00", "updated_at": "2025-08-03T00:49:32.787+00:00"}', '00000000-0000-0000-0000-000000000000', '2025-08-03 00:49:31.254983+00', '::1', 'postgrest', NULL, '4739', NULL, 'production'),
	('cb30a355-a198-4855-a73c-6f36dd417b1f', 'users', 'fcc9099b-5297-418b-b164-adf93af0e0fa', 'UPDATE', '{"id": "fcc9099b-5297-418b-b164-adf93af0e0fa", "name": "Xander Xavier", "email": "xander.xavier@authorsinfo.com", "role_id": "9f2d9d7b-1851-41e1-bab3-cb5aded6a9a5", "permalink": null, "created_at": "2025-07-03T09:08:57.268783+00:00", "updated_at": "2025-07-03T09:08:57.268783+00:00"}', '{"id": "fcc9099b-5297-418b-b164-adf93af0e0fa", "name": "Xander Xavier", "email": "xander.xavier@authorsinfo.com", "role_id": "9f2d9d7b-1851-41e1-bab3-cb5aded6a9a5", "permalink": "xander.xavier", "created_at": "2025-07-03T09:08:57.268783+00:00", "updated_at": "2025-08-03T00:49:32.942+00:00"}', '00000000-0000-0000-0000-000000000000', '2025-08-03 00:49:31.405863+00', '::1', 'postgrest', NULL, '4740', NULL, 'production'),
	('f513424d-d6bb-4d4d-9f16-affbfbde89cb', 'users', 'eb6c0fb9-6baf-4a90-870d-06d87849efa5', 'UPDATE', '{"id": "eb6c0fb9-6baf-4a90-870d-06d87849efa5", "name": "Yara Young", "email": "yara.young@authorsinfo.com", "role_id": "9f2d9d7b-1851-41e1-bab3-cb5aded6a9a5", "permalink": null, "created_at": "2025-07-03T09:08:57.268783+00:00", "updated_at": "2025-07-03T09:08:57.268783+00:00"}', '{"id": "eb6c0fb9-6baf-4a90-870d-06d87849efa5", "name": "Yara Young", "email": "yara.young@authorsinfo.com", "role_id": "9f2d9d7b-1851-41e1-bab3-cb5aded6a9a5", "permalink": "yara.young", "created_at": "2025-07-03T09:08:57.268783+00:00", "updated_at": "2025-08-03T00:49:33.105+00:00"}', '00000000-0000-0000-0000-000000000000', '2025-08-03 00:49:31.575791+00', '::1', 'postgrest', NULL, '4741', NULL, 'production'),
	('76e12fe7-4e4e-4022-9be3-e32ae5fd4035', 'users', 'a213628a-3e5a-4471-8b72-001ae4683c31', 'UPDATE', '{"id": "a213628a-3e5a-4471-8b72-001ae4683c31", "name": "Zoe Zimmerman", "email": "zoe.zimmerman@authorsinfo.com", "role_id": "9f2d9d7b-1851-41e1-bab3-cb5aded6a9a5", "permalink": null, "created_at": "2025-07-03T09:08:57.268783+00:00", "updated_at": "2025-07-03T09:08:57.268783+00:00"}', '{"id": "a213628a-3e5a-4471-8b72-001ae4683c31", "name": "Zoe Zimmerman", "email": "zoe.zimmerman@authorsinfo.com", "role_id": "9f2d9d7b-1851-41e1-bab3-cb5aded6a9a5", "permalink": "zoe.zimmerman", "created_at": "2025-07-03T09:08:57.268783+00:00", "updated_at": "2025-08-03T00:49:33.305+00:00"}', '00000000-0000-0000-0000-000000000000', '2025-08-03 00:49:31.767526+00', '::1', 'postgrest', NULL, '4742', NULL, 'production'),
	('9d5f36d2-ca82-4f9b-a0f6-407a20171c69', 'users', '719afc5a-0063-4fa4-9d8d-f91e8bfacb47', 'UPDATE', '{"id": "719afc5a-0063-4fa4-9d8d-f91e8bfacb47", "name": "Alex Adams", "email": "alex.adams@authorsinfo.com", "role_id": "9f2d9d7b-1851-41e1-bab3-cb5aded6a9a5", "permalink": null, "created_at": "2025-07-03T09:08:57.268783+00:00", "updated_at": "2025-07-03T09:08:57.268783+00:00"}', '{"id": "719afc5a-0063-4fa4-9d8d-f91e8bfacb47", "name": "Alex Adams", "email": "alex.adams@authorsinfo.com", "role_id": "9f2d9d7b-1851-41e1-bab3-cb5aded6a9a5", "permalink": "alex.adams", "created_at": "2025-07-03T09:08:57.268783+00:00", "updated_at": "2025-08-03T00:49:33.453+00:00"}', '00000000-0000-0000-0000-000000000000', '2025-08-03 00:49:31.919308+00', '::1', 'postgrest', NULL, '4743', NULL, 'production'),
	('f3072035-bbd3-4ecf-b1a5-fe12ea86948d', 'users', 'dedfeba8-312b-4c56-91a9-9bf0ffe7d0c6', 'UPDATE', '{"id": "dedfeba8-312b-4c56-91a9-9bf0ffe7d0c6", "name": "Blake Baker", "email": "blake.baker@authorsinfo.com", "role_id": "9f2d9d7b-1851-41e1-bab3-cb5aded6a9a5", "permalink": null, "created_at": "2025-07-03T09:08:57.268783+00:00", "updated_at": "2025-07-03T09:08:57.268783+00:00"}', '{"id": "dedfeba8-312b-4c56-91a9-9bf0ffe7d0c6", "name": "Blake Baker", "email": "blake.baker@authorsinfo.com", "role_id": "9f2d9d7b-1851-41e1-bab3-cb5aded6a9a5", "permalink": "blake.baker", "created_at": "2025-07-03T09:08:57.268783+00:00", "updated_at": "2025-08-03T00:49:33.666+00:00"}', '00000000-0000-0000-0000-000000000000', '2025-08-03 00:49:32.132696+00', '::1', 'postgrest', NULL, '4744', NULL, 'production'),
	('8acd05ee-3112-468b-bf61-6b8c42d349e9', 'users', 'b529a24a-4840-4771-919c-baf2142f91a2', 'UPDATE', '{"id": "b529a24a-4840-4771-919c-baf2142f91a2", "name": "Casey Cooper", "email": "casey.cooper@authorsinfo.com", "role_id": "9f2d9d7b-1851-41e1-bab3-cb5aded6a9a5", "permalink": null, "created_at": "2025-07-03T09:08:57.268783+00:00", "updated_at": "2025-07-03T09:08:57.268783+00:00"}', '{"id": "b529a24a-4840-4771-919c-baf2142f91a2", "name": "Casey Cooper", "email": "casey.cooper@authorsinfo.com", "role_id": "9f2d9d7b-1851-41e1-bab3-cb5aded6a9a5", "permalink": "casey.cooper", "created_at": "2025-07-03T09:08:57.268783+00:00", "updated_at": "2025-08-03T00:49:33.829+00:00"}', '00000000-0000-0000-0000-000000000000', '2025-08-03 00:49:32.298578+00', '::1', 'postgrest', NULL, '4745', NULL, 'production'),
	('57d4a539-9ee7-412f-a2e9-1c880640a95f', 'reading_progress', '5bb63919-4d7d-4380-ae64-eec2e4471a54', 'INSERT', NULL, '{"id": "5bb63919-4d7d-4380-ae64-eec2e4471a54", "status": "completed", "book_id": "492d0538-5ab2-43bc-bc7b-e538da900639", "user_id": "c5b68ab4-e8bc-4291-a646-7f8ab4b99528", "created_at": "2025-08-03T01:01:59.116+00:00", "start_date": null, "updated_at": "2025-08-03T01:01:59.116+00:00", "finish_date": "2025-08-03T01:01:59.116+00:00", "allow_friends": false, "privacy_level": "private", "allow_followers": false, "privacy_audit_log": [], "custom_permissions": [], "progress_percentage": 0}', 'c5b68ab4-e8bc-4291-a646-7f8ab4b99528', '2025-08-03 01:01:57.613634+00', '::1', 'postgrest', NULL, '4751', NULL, 'production'),
	('0e2d1d34-c392-4fb9-a6e6-e3e46f2a4621', 'reading_progress', '766f4caa-770f-421a-a2e5-d2e99e3eda14', 'INSERT', NULL, '{"id": "766f4caa-770f-421a-a2e5-d2e99e3eda14", "status": "completed", "book_id": "9a5909bb-e759-44ab-b8d0-7143482f66e8", "user_id": "c5b68ab4-e8bc-4291-a646-7f8ab4b99528", "created_at": "2025-08-03T01:02:20.428+00:00", "start_date": null, "updated_at": "2025-08-03T01:02:20.428+00:00", "finish_date": "2025-08-03T01:02:20.428+00:00", "allow_friends": false, "privacy_level": "private", "allow_followers": false, "privacy_audit_log": [], "custom_permissions": [], "progress_percentage": 0}', 'c5b68ab4-e8bc-4291-a646-7f8ab4b99528', '2025-08-03 01:02:18.916825+00', '::1', 'postgrest', NULL, '4752', NULL, 'production'),
	('e3f93af6-3fb8-4aeb-83a3-40d659ef051e', 'reading_progress', '0d423bf1-fef5-4765-a913-1097f1996330', 'INSERT', NULL, '{"id": "0d423bf1-fef5-4765-a913-1097f1996330", "status": "in_progress", "book_id": "8366132b-50b4-452a-88b3-cd7368ecfd71", "user_id": "e06cdf85-b449-4dcb-b943-068aaad8cfa3", "created_at": "2025-08-05T21:10:16.771+00:00", "start_date": "2025-08-05T21:10:16.771+00:00", "updated_at": "2025-08-05T21:10:16.771+00:00", "finish_date": null, "allow_friends": false, "privacy_level": "private", "allow_followers": false, "privacy_audit_log": [], "custom_permissions": [], "progress_percentage": 0}', 'e06cdf85-b449-4dcb-b943-068aaad8cfa3', '2025-08-05 21:10:17.025658+00', '::1', 'postgrest', NULL, '5085', NULL, 'production'),
	('253be619-236a-4542-b85d-2eb18b8f9aa5', 'reading_progress', '0d423bf1-fef5-4765-a913-1097f1996330', 'UPDATE', '{"id": "0d423bf1-fef5-4765-a913-1097f1996330", "status": "in_progress", "book_id": "8366132b-50b4-452a-88b3-cd7368ecfd71", "user_id": "e06cdf85-b449-4dcb-b943-068aaad8cfa3", "created_at": "2025-08-05T21:10:16.771+00:00", "start_date": "2025-08-05T21:10:16.771+00:00", "updated_at": "2025-08-05T21:10:16.771+00:00", "finish_date": null, "allow_friends": false, "privacy_level": "private", "allow_followers": false, "privacy_audit_log": [], "custom_permissions": [], "progress_percentage": 0}', '{"id": "0d423bf1-fef5-4765-a913-1097f1996330", "status": "completed", "book_id": "8366132b-50b4-452a-88b3-cd7368ecfd71", "user_id": "e06cdf85-b449-4dcb-b943-068aaad8cfa3", "created_at": "2025-08-05T21:10:16.771+00:00", "start_date": "2025-08-05T21:10:16.771+00:00", "updated_at": "2025-08-05T21:24:19.906+00:00", "finish_date": "2025-08-05T21:24:19.906+00:00", "allow_friends": false, "privacy_level": "private", "allow_followers": false, "privacy_audit_log": [], "custom_permissions": [], "progress_percentage": 0}', 'e06cdf85-b449-4dcb-b943-068aaad8cfa3', '2025-08-05 21:24:20.116764+00', '::1', 'postgrest', NULL, '5087', NULL, 'production'),
	('600ef7d5-01ba-437a-a5e8-813fd56e89b2', 'reading_progress', '902c1610-39ac-4468-873c-347c0596bf04', 'UPDATE', '{"id": "902c1610-39ac-4468-873c-347c0596bf04", "status": "in_progress", "book_id": "9a5909bb-e759-44ab-b8d0-7143482f66e8", "user_id": "2474659f-003e-4faa-8c53-9969c33f20b2", "created_at": "2025-07-31T08:10:54.519+00:00", "start_date": "2025-07-31T08:11:08.452+00:00", "updated_at": "2025-07-31T08:11:08.452+00:00", "finish_date": null, "allow_friends": false, "privacy_level": "private", "allow_followers": false, "privacy_audit_log": [], "custom_permissions": [], "progress_percentage": 0}', '{"id": "902c1610-39ac-4468-873c-347c0596bf04", "status": "completed", "book_id": "9a5909bb-e759-44ab-b8d0-7143482f66e8", "user_id": "2474659f-003e-4faa-8c53-9969c33f20b2", "created_at": "2025-07-31T08:10:54.519+00:00", "start_date": "2025-07-31T08:11:08.452+00:00", "updated_at": "2025-08-17T05:17:01.736+00:00", "finish_date": "2025-08-17T05:17:01.736+00:00", "allow_friends": false, "privacy_level": "private", "allow_followers": false, "privacy_audit_log": [], "custom_permissions": [], "progress_percentage": 0}', '2474659f-003e-4faa-8c53-9969c33f20b2', '2025-08-17 05:17:01.891693+00', '::1', 'postgrest', NULL, '5701', NULL, 'production'),
	('2f9a228a-9f41-484f-9aee-90bddd272412', 'books', '9a5909bb-e759-44ab-b8d0-7143482f66e8', 'UPDATE', '{"id": "9a5909bb-e759-44ab-b8d0-7143482f66e8", "pages": 226, "title": "Touch", "author": "Envy Red", "isbn10": "0578072696", "isbn13": "9780578072692", "weight": 295, "binding": "Paperback", "edition": null, "featured": false, "language": "en", "overview": null, "synopsis": "Buckle your seatbelts and prepare for an exhilarating journey set in our nations capital where professionals indulge in more than their six figure careers. Through an erotic world of fantasy that almost crumbles at the hands of a sexual predator and serial killer, the shocking pasts of five individuals cross, and the page turning mystery that is Touch is told. Sidney, Nina, and Jade are three best friends from very different backgrounds who are active participants in the lifestyle, an exclusive underground swingers network, where professionals secretly gather to satisfy their carnal desires. When well known local celebrity and event planner Marcel Bennett is found brutally murdered after a lavish event, the connection to a series of serial killings is made and threatens to shake their foundation. Kenny aka King, is the troubled yet artistically talented younger brother of Sidney who is determined to shake his country roots and the demons he left behind. Will a gripping fear of success and mental baggage be his ultimate downfall or just the push he needs to move forward? Enter Devine, a local upscale health club owner, who just may be ready to settle down but not before being faced with demons from his own past including secrets held by his overbearing father, a high profiled city councilman. Watch as their pasts cross and their futures are forever altered when the mind blowing conclusion to this thrilling mystery unfolds, leaving you clinging to the edge of your seat.", "author_id": "e31e061d-a4a8-4cc8-af18-754786ad5ee3", "permalink": null, "status_id": null, "created_at": "2025-07-13T07:13:18.397727+00:00", "dimensions": "height: 216 mm, length: 140 mm, width: 14 mm, weight: 295 g", "list_price": 0.00, "title_long": "Touch", "updated_at": "2025-07-13T07:13:18.397727+00:00", "publisher_id": "729c198c-4e2f-4e67-8591-ee4f6bd74385", "review_count": 0, "average_rating": 0, "cover_image_id": "03e2ac67-8c1a-4923-ac8d-702e775a3886", "format_type_id": "d32977ce-788d-4c75-af76-ea033978f402", "binding_type_id": "50d370e1-c0b9-4bb5-b278-0aa247da36fd", "book_gallery_img": null, "publication_date": "2011-01-01", "original_image_url": null}', '{"id": "9a5909bb-e759-44ab-b8d0-7143482f66e8", "pages": 226, "title": "Touch", "author": "Envy Red", "isbn10": "0578072696", "isbn13": "9780578072692", "weight": 295, "binding": "Paperback", "edition": null, "featured": false, "language": "en", "overview": null, "synopsis": "Buckle your seatbelts and prepare for an exhilarating journey set in our nations capital where professionals indulge in more than their six figure careers. Through an erotic world of fantasy that almost crumbles at the hands of a sexual predator and serial killer, the shocking pasts of five individuals cross, and the page turning mystery that is Touch is told. Sidney, Nina, and Jade are three best friends from very different backgrounds who are active participants in the lifestyle, an exclusive underground swingers network, where professionals secretly gather to satisfy their carnal desires. When well known local celebrity and event planner Marcel Bennett is found brutally murdered after a lavish event, the connection to a series of serial killings is made and threatens to shake their foundation. Kenny aka King, is the troubled yet artistically talented younger brother of Sidney who is determined to shake his country roots and the demons he left behind. Will a gripping fear of success and mental baggage be his ultimate downfall or just the push he needs to move forward? Enter Devine, a local upscale health club owner, who just may be ready to settle down but not before being faced with demons from his own past including secrets held by his overbearing father, a high profiled city councilman. Watch as their pasts cross and their futures are forever altered when the mind blowing conclusion to this thrilling mystery unfolds, leaving you clinging to the edge of your seat.", "author_id": "e31e061d-a4a8-4cc8-af18-754786ad5ee3", "permalink": null, "status_id": null, "created_at": "2025-07-13T07:13:18.397727+00:00", "dimensions": "height: 216 mm, length: 140 mm, width: 14 mm, weight: 295 g", "list_price": 0.00, "title_long": "Touch", "updated_at": "2025-07-13T07:13:18.397727+00:00", "publisher_id": "729c198c-4e2f-4e67-8591-ee4f6bd74385", "review_count": 0, "average_rating": 0, "cover_image_id": "f36df17b-2b8a-487d-b15b-4f0df8e359c9", "format_type_id": "d32977ce-788d-4c75-af76-ea033978f402", "binding_type_id": "50d370e1-c0b9-4bb5-b278-0aa247da36fd", "book_gallery_img": null, "publication_date": "2011-01-01", "original_image_url": null}', '00000000-0000-0000-0000-000000000000', '2025-08-20 05:42:24.199953+00', '::1', 'postgrest', NULL, '6086', NULL, 'production'),
	('f2db2c40-e459-4b16-a6a9-95d03020b030', 'books', '9a5909bb-e759-44ab-b8d0-7143482f66e8', 'UPDATE', '{"id": "9a5909bb-e759-44ab-b8d0-7143482f66e8", "pages": 226, "title": "Touch", "author": "Envy Red", "isbn10": "0578072696", "isbn13": "9780578072692", "weight": 295, "binding": "Paperback", "edition": null, "featured": false, "language": "en", "overview": null, "synopsis": "Buckle your seatbelts and prepare for an exhilarating journey set in our nations capital where professionals indulge in more than their six figure careers. Through an erotic world of fantasy that almost crumbles at the hands of a sexual predator and serial killer, the shocking pasts of five individuals cross, and the page turning mystery that is Touch is told. Sidney, Nina, and Jade are three best friends from very different backgrounds who are active participants in the lifestyle, an exclusive underground swingers network, where professionals secretly gather to satisfy their carnal desires. When well known local celebrity and event planner Marcel Bennett is found brutally murdered after a lavish event, the connection to a series of serial killings is made and threatens to shake their foundation. Kenny aka King, is the troubled yet artistically talented younger brother of Sidney who is determined to shake his country roots and the demons he left behind. Will a gripping fear of success and mental baggage be his ultimate downfall or just the push he needs to move forward? Enter Devine, a local upscale health club owner, who just may be ready to settle down but not before being faced with demons from his own past including secrets held by his overbearing father, a high profiled city councilman. Watch as their pasts cross and their futures are forever altered when the mind blowing conclusion to this thrilling mystery unfolds, leaving you clinging to the edge of your seat.", "author_id": "e31e061d-a4a8-4cc8-af18-754786ad5ee3", "permalink": null, "status_id": null, "created_at": "2025-07-13T07:13:18.397727+00:00", "dimensions": "height: 216 mm, length: 140 mm, width: 14 mm, weight: 295 g", "list_price": 0.00, "title_long": "Touch", "updated_at": "2025-07-13T07:13:18.397727+00:00", "publisher_id": "729c198c-4e2f-4e67-8591-ee4f6bd74385", "review_count": 0, "average_rating": 0, "cover_image_id": "f36df17b-2b8a-487d-b15b-4f0df8e359c9", "format_type_id": "d32977ce-788d-4c75-af76-ea033978f402", "binding_type_id": "50d370e1-c0b9-4bb5-b278-0aa247da36fd", "book_gallery_img": null, "publication_date": "2011-01-01", "original_image_url": null}', '{"id": "9a5909bb-e759-44ab-b8d0-7143482f66e8", "pages": 226, "title": "Touch", "author": "Envy Red", "isbn10": "0578072696", "isbn13": "9780578072692", "weight": 295, "binding": "Paperback", "edition": null, "featured": false, "language": "en", "overview": null, "synopsis": "Buckle your seatbelts and prepare for an exhilarating journey set in our nations capital where professionals indulge in more than their six figure careers. Through an erotic world of fantasy that almost crumbles at the hands of a sexual predator and serial killer, the shocking pasts of five individuals cross, and the page turning mystery that is Touch is told. Sidney, Nina, and Jade are three best friends from very different backgrounds who are active participants in the lifestyle, an exclusive underground swingers network, where professionals secretly gather to satisfy their carnal desires. When well known local celebrity and event planner Marcel Bennett is found brutally murdered after a lavish event, the connection to a series of serial killings is made and threatens to shake their foundation. Kenny aka King, is the troubled yet artistically talented younger brother of Sidney who is determined to shake his country roots and the demons he left behind. Will a gripping fear of success and mental baggage be his ultimate downfall or just the push he needs to move forward? Enter Devine, a local upscale health club owner, who just may be ready to settle down but not before being faced with demons from his own past including secrets held by his overbearing father, a high profiled city councilman. Watch as their pasts cross and their futures are forever altered when the mind blowing conclusion to this thrilling mystery unfolds, leaving you clinging to the edge of your seat.", "author_id": "e31e061d-a4a8-4cc8-af18-754786ad5ee3", "permalink": null, "status_id": null, "created_at": "2025-07-13T07:13:18.397727+00:00", "dimensions": "height: 216 mm, length: 140 mm, width: 14 mm, weight: 295 g", "list_price": 0.00, "title_long": "Touch", "updated_at": "2025-07-13T07:13:18.397727+00:00", "publisher_id": "729c198c-4e2f-4e67-8591-ee4f6bd74385", "review_count": 0, "average_rating": 0, "cover_image_id": "307d916c-e573-40d0-ade1-91772787ce57", "format_type_id": "d32977ce-788d-4c75-af76-ea033978f402", "binding_type_id": "50d370e1-c0b9-4bb5-b278-0aa247da36fd", "book_gallery_img": null, "publication_date": "2011-01-01", "original_image_url": null}', '00000000-0000-0000-0000-000000000000', '2025-08-20 05:48:15.035476+00', '::1', 'postgrest', NULL, '6091', NULL, 'production'),
	('b47aaf43-639b-49c9-a802-56c5d31e710a', 'reading_progress', 'fd129338-882d-418e-bad2-3e0044c74746', 'INSERT', NULL, '{"id": "fd129338-882d-418e-bad2-3e0044c74746", "status": "in_progress", "book_id": "492d0538-5ab2-43bc-bc7b-e538da900639", "user_id": "2474659f-003e-4faa-8c53-9969c33f20b2", "created_at": "2025-08-20T15:13:30.379+00:00", "start_date": "2025-08-20T15:13:30.379+00:00", "updated_at": "2025-08-20T15:13:30.379+00:00", "finish_date": null, "allow_friends": false, "privacy_level": "private", "allow_followers": false, "privacy_audit_log": [], "custom_permissions": [], "progress_percentage": 0}', '2474659f-003e-4faa-8c53-9969c33f20b2', '2025-08-20 15:13:31.34322+00', '::1', 'postgrest', NULL, '6130', NULL, 'production');


--
-- Data for Name: enterprise_data_lineage; Type: TABLE DATA; Schema: public; Owner: postgres
--

INSERT INTO "public"."enterprise_data_lineage" ("id", "source_table", "source_column", "target_table", "target_column", "transformation_type", "transformation_logic", "data_flow_description", "created_at") VALUES
	('f4df0b66-1444-447e-9a7d-5a78e8ed1cea', 'books', 'id', 'book_popularity_metrics', 'book_id', 'AGGREGATED', 'COUNT of views, reviews, reading progress', 'Book popularity calculated from user interactions', '2025-07-05 13:01:18.555196+00'),
	('8e73f3b2-3ecb-46c8-b3db-85583852f30f', 'user_activity_log', 'user_id', 'user_engagement_analytics', 'user_id', 'AGGREGATED', 'COUNT of activities, AVG response time', 'User engagement metrics from activity logs', '2025-07-05 13:01:18.555196+00'),
	('df8a6298-1494-4685-a6de-66c97d9606aa', 'reading_progress', 'book_id', 'book_popularity_metrics', 'reading_progress_count', 'AGGREGATED', 'COUNT of reading progress records', 'Reading progress count for popularity calculation', '2025-07-05 13:01:18.555196+00');


--
-- Data for Name: enterprise_data_quality_rules; Type: TABLE DATA; Schema: public; Owner: postgres
--

INSERT INTO "public"."enterprise_data_quality_rules" ("id", "rule_name", "table_name", "column_name", "rule_type", "rule_definition", "severity", "is_active", "created_at", "updated_at") VALUES
	('c5122465-f28c-4cf2-9a0e-07f23e949609', 'books_title_not_null', 'books', 'title', 'NOT_NULL', '', 'CRITICAL', true, '2025-07-05 13:01:18.555196+00', '2025-07-05 13:01:18.555196+00'),
	('c4fae008-9b6a-4097-853c-cf978a0556dd', 'books_author_not_null', 'books', 'author', 'NOT_NULL', '', 'HIGH', true, '2025-07-05 13:01:18.555196+00', '2025-07-05 13:01:18.555196+00'),
	('e4f39406-2463-4498-b0fb-d3f536e5f011', 'books_isbn_unique', 'books', 'isbn13', 'UNIQUE', '', 'HIGH', true, '2025-07-05 13:01:18.555196+00', '2025-07-05 13:01:18.555196+00'),
	('b5898e57-e0e3-48f8-a89c-cf9bc109ccc2', 'books_publication_date_valid', 'books', 'publication_date', 'CHECK', 'publication_date <= CURRENT_DATE', 'MEDIUM', true, '2025-07-05 13:01:18.555196+00', '2025-07-05 13:01:18.555196+00'),
	('8977b9f4-5adf-45e2-97a1-9904e2ffd3e1', 'users_email_not_null', 'users', 'email', 'NOT_NULL', '', 'CRITICAL', true, '2025-07-05 13:01:18.555196+00', '2025-07-05 13:01:18.555196+00'),
	('1e765bf0-b4da-4fae-8564-0e231eaea9c6', 'users_email_unique', 'users', 'email', 'UNIQUE', '', 'CRITICAL', true, '2025-07-05 13:01:18.555196+00', '2025-07-05 13:01:18.555196+00'),
	('9f68c366-7231-430a-9009-9d71891561e0', 'reading_progress_user_exists', 'reading_progress', 'user_id', 'FOREIGN_KEY', 'auth.users:id', 'HIGH', true, '2025-07-05 13:01:18.555196+00', '2025-07-05 13:01:18.555196+00'),
	('b4e1e87c-ea73-4037-89c4-503e3a940cef', 'reading_progress_book_exists', 'reading_progress', 'book_id', 'FOREIGN_KEY', 'books:id', 'HIGH', true, '2025-07-05 13:01:18.555196+00', '2025-07-05 13:01:18.555196+00'),
	('d96f5bf6-9da2-465d-967c-dd7ce4d592ed', 'reading_progress_percentage_valid', 'reading_progress', 'percentage_read', 'CHECK', 'percentage_read >= 0 AND percentage_read <= 100', 'MEDIUM', true, '2025-07-05 13:01:18.555196+00', '2025-07-05 13:01:18.555196+00'),
	('f9c6958b-00e7-47ad-849b-62344be78c76', 'authors_name_not_null', 'authors', 'name', 'NOT_NULL', '', 'CRITICAL', true, '2025-07-05 13:01:18.555196+00', '2025-07-05 13:01:18.555196+00'),
	('26a5cdbf-7f73-42b0-9c23-ca3b2feac6b7', 'authors_name_unique', 'authors', 'name', 'UNIQUE', '', 'MEDIUM', true, '2025-07-05 13:01:18.555196+00', '2025-07-05 13:01:18.555196+00'),
	('30fd0fb0-1c20-44d1-82f1-316b088f9643', 'publishers_name_not_null', 'publishers', 'name', 'NOT_NULL', '', 'CRITICAL', true, '2025-07-05 13:01:18.555196+00', '2025-07-05 13:01:18.555196+00'),
	('82f03d08-8557-4368-a70f-d6f8021d3cfa', 'publishers_name_unique', 'publishers', 'name', 'UNIQUE', '', 'MEDIUM', true, '2025-07-05 13:01:18.555196+00', '2025-07-05 13:01:18.555196+00');


--
-- Data for Name: enterprise_data_versions; Type: TABLE DATA; Schema: public; Owner: postgres
--



--
-- Data for Name: entities; Type: TABLE DATA; Schema: public; Owner: postgres
--

INSERT INTO "public"."entities" ("id", "type", "name", "description", "engagement_count", "post_count", "last_engagement", "last_post", "metadata", "created_at", "updated_at") VALUES
	('e06cdf85-b449-4dcb-b943-068aaad8cfa3', 'user', 'User', 'user entity', 0, 0, NULL, NULL, '{"created_at": "2025-08-06T05:59:31.028Z", "created_via": "post_creation"}', '2025-08-06 05:59:31.650384+00', '2025-08-06 05:59:31.650384+00');


--
-- Data for Name: entity_tags; Type: TABLE DATA; Schema: public; Owner: postgres
--



--
-- Data for Name: event_analytics; Type: TABLE DATA; Schema: public; Owner: postgres
--



--
-- Data for Name: event_approvals; Type: TABLE DATA; Schema: public; Owner: postgres
--



--
-- Data for Name: event_books; Type: TABLE DATA; Schema: public; Owner: postgres
--



--
-- Data for Name: event_calendar_exports; Type: TABLE DATA; Schema: public; Owner: postgres
--



--
-- Data for Name: event_categories; Type: TABLE DATA; Schema: public; Owner: postgres
--



--
-- Data for Name: event_chat_rooms; Type: TABLE DATA; Schema: public; Owner: postgres
--



--
-- Data for Name: event_chat_messages; Type: TABLE DATA; Schema: public; Owner: postgres
--



--
-- Data for Name: event_comments; Type: TABLE DATA; Schema: public; Owner: postgres
--



--
-- Data for Name: event_creator_permissions; Type: TABLE DATA; Schema: public; Owner: postgres
--



--
-- Data for Name: event_financials; Type: TABLE DATA; Schema: public; Owner: postgres
--



--
-- Data for Name: event_interests; Type: TABLE DATA; Schema: public; Owner: postgres
--



--
-- Data for Name: event_likes; Type: TABLE DATA; Schema: public; Owner: postgres
--



--
-- Data for Name: event_livestreams; Type: TABLE DATA; Schema: public; Owner: postgres
--



--
-- Data for Name: event_locations; Type: TABLE DATA; Schema: public; Owner: postgres
--



--
-- Data for Name: event_media; Type: TABLE DATA; Schema: public; Owner: postgres
--



--
-- Data for Name: event_permission_requests; Type: TABLE DATA; Schema: public; Owner: postgres
--



--
-- Data for Name: event_questions; Type: TABLE DATA; Schema: public; Owner: postgres
--



--
-- Data for Name: event_registrations; Type: TABLE DATA; Schema: public; Owner: postgres
--



--
-- Data for Name: event_reminders; Type: TABLE DATA; Schema: public; Owner: postgres
--



--
-- Data for Name: event_sessions; Type: TABLE DATA; Schema: public; Owner: postgres
--



--
-- Data for Name: event_shares; Type: TABLE DATA; Schema: public; Owner: postgres
--



--
-- Data for Name: event_speakers; Type: TABLE DATA; Schema: public; Owner: postgres
--



--
-- Data for Name: event_sponsors; Type: TABLE DATA; Schema: public; Owner: postgres
--



--
-- Data for Name: event_staff; Type: TABLE DATA; Schema: public; Owner: postgres
--



--
-- Data for Name: event_surveys; Type: TABLE DATA; Schema: public; Owner: postgres
--



--
-- Data for Name: event_tags; Type: TABLE DATA; Schema: public; Owner: postgres
--



--
-- Data for Name: event_types; Type: TABLE DATA; Schema: public; Owner: postgres
--



--
-- Data for Name: event_views; Type: TABLE DATA; Schema: public; Owner: postgres
--



--
-- Data for Name: event_waitlists; Type: TABLE DATA; Schema: public; Owner: postgres
--



--
-- Data for Name: feed_entry_tags; Type: TABLE DATA; Schema: public; Owner: postgres
--



--
-- Data for Name: follow_target_types; Type: TABLE DATA; Schema: public; Owner: postgres
--

INSERT INTO "public"."follow_target_types" ("id", "name", "description", "created_at", "updated_at") VALUES
	('389d8704-9327-478c-9912-8c5c336c24dd', 'user', 'Follow other users', '2025-07-04 05:04:50.962248+00', '2025-07-04 05:04:50.962248+00'),
	('0aaba682-9714-44cc-b0b3-5d9a345ea4a1', 'book', 'Follow books', '2025-07-04 05:04:50.962248+00', '2025-07-04 05:04:50.962248+00'),
	('eeae2daf-f0f4-43ea-8de4-a188a7d0d125', 'author', 'Follow authors', '2025-07-04 05:04:50.962248+00', '2025-07-04 05:04:50.962248+00'),
	('8f111c23-7506-48e4-94fa-8351dc386148', 'publisher', 'Follow publishers', '2025-07-04 05:04:50.962248+00', '2025-07-04 05:04:50.962248+00'),
	('20f6e51a-d697-48d2-a5b1-817b7cfb6230', 'group', 'Follow groups', '2025-07-04 05:04:50.962248+00', '2025-07-04 05:04:50.962248+00');


--
-- Data for Name: follows; Type: TABLE DATA; Schema: public; Owner: postgres
--

INSERT INTO "public"."follows" ("id", "follower_id", "following_id", "created_at", "updated_at", "target_type_id_uuid_temp", "target_type_id") VALUES
	('ed28531e-969a-45cf-9e87-536897ea40ef', 'e06cdf85-b449-4dcb-b943-068aaad8cfa3', 'ad76092d-b5b1-4045-af9f-5fae7b4aef6b', '2025-07-07 06:21:48.088536+00', '2025-07-07 06:21:48.088536+00', NULL, '8f111c23-7506-48e4-94fa-8351dc386148'),
	('ab949719-9572-418d-bc9c-881aae3402f2', 'e06cdf85-b449-4dcb-b943-068aaad8cfa3', '30751fff-3388-4cd2-b96c-38d467bb4785', '2025-07-07 07:27:59.989469+00', '2025-07-07 07:27:59.989469+00', NULL, '0aaba682-9714-44cc-b0b3-5d9a345ea4a1'),
	('cc958391-df00-42f4-8105-99875c732f1a', 'e06cdf85-b449-4dcb-b943-068aaad8cfa3', '719afc5a-0063-4fa4-9d8d-f91e8bfacb47', '2025-07-07 07:35:40.908012+00', '2025-07-07 07:35:40.908012+00', NULL, '389d8704-9327-478c-9912-8c5c336c24dd'),
	('f700421a-257c-4413-a81b-39a8b42df5d8', 'e06cdf85-b449-4dcb-b943-068aaad8cfa3', 'dedfeba8-312b-4c56-91a9-9bf0ffe7d0c6', '2025-07-07 07:36:10.818431+00', '2025-07-07 07:36:10.818431+00', NULL, '389d8704-9327-478c-9912-8c5c336c24dd'),
	('683200ae-9a90-4cee-94b3-956a9625077c', 'e06cdf85-b449-4dcb-b943-068aaad8cfa3', '9953a3e0-4982-4ae5-8093-829c4320ef8d', '2025-07-07 08:54:35.546577+00', '2025-07-07 08:54:35.546577+00', NULL, 'eeae2daf-f0f4-43ea-8de4-a188a7d0d125'),
	('5ab3b533-8ecb-4298-951f-626d8c81378a', 'e06cdf85-b449-4dcb-b943-068aaad8cfa3', '8e75e51f-701f-4f3a-83da-70f625876ca8', '2025-07-08 10:01:35.801776+00', '2025-07-08 10:01:35.801776+00', NULL, 'eeae2daf-f0f4-43ea-8de4-a188a7d0d125'),
	('863de0dc-93fc-401f-bb4b-74355811574d', 'e06cdf85-b449-4dcb-b943-068aaad8cfa3', '9a5909bb-e759-44ab-b8d0-7143482f66e8', '2025-07-30 04:00:10.351772+00', '2025-07-30 04:00:10.351772+00', NULL, '0aaba682-9714-44cc-b0b3-5d9a345ea4a1'),
	('18a8d602-4b39-4d89-a086-4293578c3575', 'e06cdf85-b449-4dcb-b943-068aaad8cfa3', '2474659f-003e-4faa-8c53-9969c33f20b2', '2025-07-30 19:10:34.591459+00', '2025-07-30 19:10:34.591459+00', NULL, '389d8704-9327-478c-9912-8c5c336c24dd'),
	('b483a43d-719b-478e-96ff-d80626f2526f', '2474659f-003e-4faa-8c53-9969c33f20b2', '9a5909bb-e759-44ab-b8d0-7143482f66e8', '2025-07-31 08:10:45.102149+00', '2025-07-31 08:10:45.102149+00', NULL, '0aaba682-9714-44cc-b0b3-5d9a345ea4a1'),
	('f3afa8a1-3011-4d25-b11c-b0f18ec14ab8', 'e06cdf85-b449-4dcb-b943-068aaad8cfa3', '992d1918-3e5e-464c-99af-ad026a7bad17', '2025-07-31 08:23:56.763691+00', '2025-07-31 08:23:56.763691+00', NULL, '20f6e51a-d697-48d2-a5b1-817b7cfb6230'),
	('7792c9de-c35d-459a-8a83-ccdfea8ebead', 'e06cdf85-b449-4dcb-b943-068aaad8cfa3', 'e31e061d-a4a8-4cc8-af18-754786ad5ee3', '2025-07-31 15:10:15.196618+00', '2025-07-31 15:10:15.196618+00', NULL, 'eeae2daf-f0f4-43ea-8de4-a188a7d0d125'),
	('ac9ec8e9-2ca0-4d9b-bdef-e7bef0957c67', '45f98998-ba1d-4439-b2ee-1d403fee0e7c', 'e31e061d-a4a8-4cc8-af18-754786ad5ee3', '2025-07-31 15:27:49.663065+00', '2025-07-31 15:27:49.663065+00', NULL, 'eeae2daf-f0f4-43ea-8de4-a188a7d0d125'),
	('77fe4be8-5dfd-4213-b14f-de6d610f1a62', '45f98998-ba1d-4439-b2ee-1d403fee0e7c', '235ce1e2-e5a5-4db9-9d2b-22093d960566', '2025-07-31 15:46:35.265276+00', '2025-07-31 15:46:35.265276+00', NULL, '0aaba682-9714-44cc-b0b3-5d9a345ea4a1'),
	('33cafd65-f2e9-4c46-a55d-726a399f64e4', '45f98998-ba1d-4439-b2ee-1d403fee0e7c', '492d0538-5ab2-43bc-bc7b-e538da900639', '2025-07-31 16:00:33.415627+00', '2025-07-31 16:00:33.415627+00', NULL, '0aaba682-9714-44cc-b0b3-5d9a345ea4a1'),
	('80407135-e469-4e23-a894-730e5d8e7d33', '8dd18808-4777-4877-bde1-b54b1d3ffa81', '9a5909bb-e759-44ab-b8d0-7143482f66e8', '2025-07-31 19:41:30.771242+00', '2025-07-31 19:41:30.771242+00', NULL, '0aaba682-9714-44cc-b0b3-5d9a345ea4a1'),
	('98c80e0a-fe27-45dd-91dc-baabc73ba9aa', '8dd18808-4777-4877-bde1-b54b1d3ffa81', 'e31e061d-a4a8-4cc8-af18-754786ad5ee3', '2025-08-01 04:06:11.36202+00', '2025-08-01 04:06:11.36202+00', NULL, 'eeae2daf-f0f4-43ea-8de4-a188a7d0d125'),
	('0520db6f-cf10-49df-93be-670ad43547da', 'c5b68ab4-e8bc-4291-a646-7f8ab4b99528', '9a5909bb-e759-44ab-b8d0-7143482f66e8', '2025-08-01 04:12:03.002827+00', '2025-08-01 04:12:03.002827+00', NULL, '0aaba682-9714-44cc-b0b3-5d9a345ea4a1'),
	('827d0f7a-c590-4080-af56-9d57cb360162', 'c5b68ab4-e8bc-4291-a646-7f8ab4b99528', 'e31e061d-a4a8-4cc8-af18-754786ad5ee3', '2025-08-01 04:12:13.985213+00', '2025-08-01 04:12:13.985213+00', NULL, 'eeae2daf-f0f4-43ea-8de4-a188a7d0d125'),
	('cab8c439-5654-46d6-89ad-f9928c44a74d', 'c5b68ab4-e8bc-4291-a646-7f8ab4b99528', '729c198c-4e2f-4e67-8591-ee4f6bd74385', '2025-08-01 04:35:32.611063+00', '2025-08-01 04:35:32.611063+00', NULL, '8f111c23-7506-48e4-94fa-8351dc386148'),
	('7db1d40f-fc30-4558-a210-1e0283a68c29', 'c5b68ab4-e8bc-4291-a646-7f8ab4b99528', '492d0538-5ab2-43bc-bc7b-e538da900639', '2025-08-01 04:35:52.901777+00', '2025-08-01 04:35:52.901777+00', NULL, '0aaba682-9714-44cc-b0b3-5d9a345ea4a1'),
	('00633fdd-6038-43b2-802f-396c7e6c99e1', 'c5b68ab4-e8bc-4291-a646-7f8ab4b99528', '235ce1e2-e5a5-4db9-9d2b-22093d960566', '2025-08-01 04:38:31.148582+00', '2025-08-01 04:38:31.148582+00', NULL, '0aaba682-9714-44cc-b0b3-5d9a345ea4a1'),
	('7e3adab9-781f-4553-91d4-18f60efa88b6', 'c5b68ab4-e8bc-4291-a646-7f8ab4b99528', '992d1918-3e5e-464c-99af-ad026a7bad17', '2025-08-01 04:40:31.159759+00', '2025-08-01 04:40:31.159759+00', NULL, '20f6e51a-d697-48d2-a5b1-817b7cfb6230'),
	('f3093bae-757e-40e6-875f-f796c2efe697', 'c5b68ab4-e8bc-4291-a646-7f8ab4b99528', 'e06cdf85-b449-4dcb-b943-068aaad8cfa3', '2025-08-02 00:43:21.558672+00', '2025-08-02 00:43:21.558672+00', NULL, '389d8704-9327-478c-9912-8c5c336c24dd'),
	('62177068-781e-4e1c-be91-e7fc4ec99ffa', 'c5b68ab4-e8bc-4291-a646-7f8ab4b99528', 'dedfeba8-312b-4c56-91a9-9bf0ffe7d0c6', '2025-08-02 04:06:14.003349+00', '2025-08-02 04:06:14.003349+00', NULL, '389d8704-9327-478c-9912-8c5c336c24dd'),
	('cb991d41-7558-4f79-ad52-94061bbc3a60', 'c5b68ab4-e8bc-4291-a646-7f8ab4b99528', '2474659f-003e-4faa-8c53-9969c33f20b2', '2025-08-02 04:06:29.643123+00', '2025-08-02 04:06:29.643123+00', NULL, '389d8704-9327-478c-9912-8c5c336c24dd'),
	('359923de-bae3-4eff-8476-2ea5185bbb24', 'c5b68ab4-e8bc-4291-a646-7f8ab4b99528', 'b529a24a-4840-4771-919c-baf2142f91a2', '2025-08-02 04:06:49.33617+00', '2025-08-02 04:06:49.33617+00', NULL, '389d8704-9327-478c-9912-8c5c336c24dd'),
	('62a4c605-cdf6-4103-a304-b3ae98c9ecf4', 'c5b68ab4-e8bc-4291-a646-7f8ab4b99528', '45f98998-ba1d-4439-b2ee-1d403fee0e7c', '2025-08-02 04:07:17.933513+00', '2025-08-02 04:07:17.933513+00', NULL, '389d8704-9327-478c-9912-8c5c336c24dd'),
	('fb4ab9af-a174-488e-9d6d-469b3efb6d72', 'c5b68ab4-e8bc-4291-a646-7f8ab4b99528', 'b474d5f5-cbf2-49af-8d03-2ca4aea11081', '2025-08-03 01:00:40.8369+00', '2025-08-03 01:00:40.8369+00', NULL, '389d8704-9327-478c-9912-8c5c336c24dd'),
	('3cfda9a2-ad54-44a0-97a4-22e1809b9603', 'e06cdf85-b449-4dcb-b943-068aaad8cfa3', 'c5b68ab4-e8bc-4291-a646-7f8ab4b99528', '2025-08-03 03:07:57.96997+00', '2025-08-03 03:07:57.96997+00', NULL, '389d8704-9327-478c-9912-8c5c336c24dd'),
	('33057d02-c36d-4270-b5b8-bba9fa65087a', '6bea7109-b400-4124-839e-3fe6466f3ae8', 'e06cdf85-b449-4dcb-b943-068aaad8cfa3', '2025-08-03 03:15:10.395748+00', '2025-08-03 03:15:10.395748+00', NULL, '389d8704-9327-478c-9912-8c5c336c24dd'),
	('496149f4-8d90-4969-9c59-6617943763cd', 'e06cdf85-b449-4dcb-b943-068aaad8cfa3', '8366132b-50b4-452a-88b3-cd7368ecfd71', '2025-08-05 21:09:42.841404+00', '2025-08-05 21:09:42.841404+00', NULL, '0aaba682-9714-44cc-b0b3-5d9a345ea4a1'),
	('d24715d2-053d-4e17-a228-81bf71d7a17b', '2474659f-003e-4faa-8c53-9969c33f20b2', '492d0538-5ab2-43bc-bc7b-e538da900639', '2025-08-20 15:13:41.846273+00', '2025-08-20 15:13:41.846273+00', NULL, '0aaba682-9714-44cc-b0b3-5d9a345ea4a1'),
	('9615b2ff-619e-4380-92eb-9258a5e13383', '2474659f-003e-4faa-8c53-9969c33f20b2', 'e31e061d-a4a8-4cc8-af18-754786ad5ee3', '2025-08-20 23:34:51.696893+00', '2025-08-20 23:34:51.696893+00', NULL, 'eeae2daf-f0f4-43ea-8de4-a188a7d0d125'),
	('60199400-ab4d-4171-9919-187d55367f45', '2474659f-003e-4faa-8c53-9969c33f20b2', '729c198c-4e2f-4e67-8591-ee4f6bd74385', '2025-08-20 23:53:25.046058+00', '2025-08-20 23:53:25.046058+00', NULL, '8f111c23-7506-48e4-94fa-8351dc386148');


--
-- Data for Name: friend_activities; Type: TABLE DATA; Schema: public; Owner: postgres
--

INSERT INTO "public"."friend_activities" ("id", "user_id", "friend_id", "activity_type", "metadata", "created_at") VALUES
	('ac4770dc-1dbd-40a2-92d0-6e109d93f72b', '6bea7109-b400-4124-839e-3fe6466f3ae8', 'e06cdf85-b449-4dcb-b943-068aaad8cfa3', 'request_sent', '{"request_id": "ac78d035-fdcf-405f-b250-1ab7c8e5628e"}', '2025-08-03 03:15:12.253308+00'),
	('434ed363-19ff-41c2-8250-ca12047962dd', 'e06cdf85-b449-4dcb-b943-068aaad8cfa3', 'dedfeba8-312b-4c56-91a9-9bf0ffe7d0c6', 'request_sent', '{"request_id": "c8779f07-8069-49b0-b324-faf9961788d3"}', '2025-08-03 06:27:25.150233+00'),
	('d669f071-ee34-4b0e-8296-34a75066bfdb', 'e06cdf85-b449-4dcb-b943-068aaad8cfa3', '6bea7109-b400-4124-839e-3fe6466f3ae8', 'request_accepted', '{"action": "accept", "request_id": "ac78d035-fdcf-405f-b250-1ab7c8e5628e"}', '2025-08-05 02:09:18.502768+00'),
	('04f8135e-e284-4a2b-9e99-9af47926838a', 'e06cdf85-b449-4dcb-b943-068aaad8cfa3', 'c5b68ab4-e8bc-4291-a646-7f8ab4b99528', 'request_rejected', '{"action": "reject", "request_id": "0c51e5fe-d630-4fee-88fb-aaf9276ea8e0"}', '2025-08-05 02:11:09.968604+00'),
	('745fc680-d470-485d-adc3-9e12a7d2baa2', 'e06cdf85-b449-4dcb-b943-068aaad8cfa3', '2474659f-003e-4faa-8c53-9969c33f20b2', 'request_sent', '{"request_id": "2e19d4cf-2146-4893-843b-9d4ac65a2b66"}', '2025-08-13 13:48:48.879634+00'),
	('d272357a-d33c-4e8c-a786-d53f8eab25fc', '2474659f-003e-4faa-8c53-9969c33f20b2', 'c5b68ab4-e8bc-4291-a646-7f8ab4b99528', 'request_accepted', '{"action": "accept", "request_id": "4e3e9bff-7046-4873-af72-566e70df97e8"}', '2025-08-13 14:55:37.694442+00'),
	('b9cd897c-4cc1-4661-b98d-abe8756c94bc', '2474659f-003e-4faa-8c53-9969c33f20b2', 'e06cdf85-b449-4dcb-b943-068aaad8cfa3', 'request_accepted', '{"action": "accept", "request_id": "2e19d4cf-2146-4893-843b-9d4ac65a2b66"}', '2025-08-13 14:58:16.06746+00');


--
-- Data for Name: friend_analytics; Type: TABLE DATA; Schema: public; Owner: postgres
--

INSERT INTO "public"."friend_analytics" ("id", "user_id", "total_friends", "friend_requests_sent", "friend_requests_received", "friend_requests_accepted", "friend_requests_rejected", "last_activity_at", "created_at", "updated_at") VALUES
	('e609560f-34c3-4f7a-abb6-bf68266d15d2', '6bea7109-b400-4124-839e-3fe6466f3ae8', 0, 1, 0, 0, 0, '2025-08-03 03:15:12.144222+00', '2025-08-03 03:15:12.144222+00', '2025-08-03 03:15:12.144222+00'),
	('484522da-9cf0-42b5-843e-6a48b7a72865', 'e06cdf85-b449-4dcb-b943-068aaad8cfa3', 0, 1, 2, 0, 0, '2025-08-03 06:27:25.007833+00', '2025-08-03 03:15:12.144222+00', '2025-08-03 06:27:25.007833+00'),
	('f77554f9-e9b0-4a90-a134-8330f7cb486e', 'dedfeba8-312b-4c56-91a9-9bf0ffe7d0c6', 0, 0, 1, 0, 0, '2025-08-03 06:27:25.007833+00', '2025-08-03 06:27:25.007833+00', '2025-08-03 06:27:25.007833+00');


--
-- Data for Name: friend_suggestions; Type: TABLE DATA; Schema: public; Owner: postgres
--



--
-- Data for Name: friends; Type: TABLE DATA; Schema: public; Owner: postgres
--

INSERT INTO "public"."friends" ("id", "user_id", "friend_id", "status", "requested_at", "responded_at", "requested_by", "created_at", "updated_at") VALUES
	('0c51e5fe-d630-4fee-88fb-aaf9276ea8e0', 'c5b68ab4-e8bc-4291-a646-7f8ab4b99528', 'e06cdf85-b449-4dcb-b943-068aaad8cfa3', 'pending', '2025-08-02 03:31:37.906+00', NULL, 'c5b68ab4-e8bc-4291-a646-7f8ab4b99528', '2025-08-02 03:31:37.479042+00', '2025-08-02 03:31:37.479042+00'),
	('0dbbb2cd-7113-4c40-9f79-1f10df1bc0d0', 'c5b68ab4-e8bc-4291-a646-7f8ab4b99528', '719afc5a-0063-4fa4-9d8d-f91e8bfacb47', 'pending', '2025-08-02 03:32:44.51+00', NULL, 'c5b68ab4-e8bc-4291-a646-7f8ab4b99528', '2025-08-02 03:32:44.14876+00', '2025-08-02 03:32:44.14876+00'),
	('d1468910-ed56-43dc-ae7a-a56a8ad33629', 'c5b68ab4-e8bc-4291-a646-7f8ab4b99528', 'dedfeba8-312b-4c56-91a9-9bf0ffe7d0c6', 'pending', '2025-08-02 04:06:17.39+00', NULL, 'c5b68ab4-e8bc-4291-a646-7f8ab4b99528', '2025-08-02 04:06:17.060898+00', '2025-08-02 04:06:17.060898+00'),
	('4e3e9bff-7046-4873-af72-566e70df97e8', 'c5b68ab4-e8bc-4291-a646-7f8ab4b99528', '2474659f-003e-4faa-8c53-9969c33f20b2', 'pending', '2025-08-02 04:06:37.109+00', NULL, 'c5b68ab4-e8bc-4291-a646-7f8ab4b99528', '2025-08-02 04:06:36.756687+00', '2025-08-02 04:06:36.756687+00'),
	('50846d79-b482-4b1a-9f88-10e76d378b68', 'c5b68ab4-e8bc-4291-a646-7f8ab4b99528', 'b529a24a-4840-4771-919c-baf2142f91a2', 'pending', '2025-08-02 04:06:52.298+00', NULL, 'c5b68ab4-e8bc-4291-a646-7f8ab4b99528', '2025-08-02 04:06:51.931897+00', '2025-08-02 04:06:51.931897+00'),
	('30deba15-ca34-4d2d-adff-ecbc466c9ca8', 'c5b68ab4-e8bc-4291-a646-7f8ab4b99528', '45f98998-ba1d-4439-b2ee-1d403fee0e7c', 'pending', '2025-08-02 04:07:15.153+00', NULL, 'c5b68ab4-e8bc-4291-a646-7f8ab4b99528', '2025-08-02 04:07:14.794095+00', '2025-08-02 04:07:14.794095+00'),
	('473873ab-3db7-4282-92f8-163e23c5781c', 'c5b68ab4-e8bc-4291-a646-7f8ab4b99528', 'b474d5f5-cbf2-49af-8d03-2ca4aea11081', 'pending', '2025-08-03 01:00:39.427+00', NULL, 'c5b68ab4-e8bc-4291-a646-7f8ab4b99528', '2025-08-03 01:00:38.075126+00', '2025-08-03 01:00:38.075126+00'),
	('ac78d035-fdcf-405f-b250-1ab7c8e5628e', '6bea7109-b400-4124-839e-3fe6466f3ae8', 'e06cdf85-b449-4dcb-b943-068aaad8cfa3', 'pending', '2025-08-03 03:15:13.645+00', NULL, '6bea7109-b400-4124-839e-3fe6466f3ae8', '2025-08-03 03:15:12.144222+00', '2025-08-03 03:15:12.144222+00'),
	('c8779f07-8069-49b0-b324-faf9961788d3', 'e06cdf85-b449-4dcb-b943-068aaad8cfa3', 'dedfeba8-312b-4c56-91a9-9bf0ffe7d0c6', 'pending', '2025-08-03 06:27:24.925+00', NULL, 'e06cdf85-b449-4dcb-b943-068aaad8cfa3', '2025-08-03 06:27:25.007833+00', '2025-08-03 06:27:25.007833+00');


--
-- Data for Name: group_achievements; Type: TABLE DATA; Schema: public; Owner: postgres
--



--
-- Data for Name: group_analytics; Type: TABLE DATA; Schema: public; Owner: postgres
--



--
-- Data for Name: group_announcements; Type: TABLE DATA; Schema: public; Owner: postgres
--



--
-- Data for Name: group_audit_log; Type: TABLE DATA; Schema: public; Owner: postgres
--



--
-- Data for Name: group_author_events; Type: TABLE DATA; Schema: public; Owner: postgres
--



--
-- Data for Name: group_book_list_items; Type: TABLE DATA; Schema: public; Owner: postgres
--



--
-- Data for Name: group_book_lists; Type: TABLE DATA; Schema: public; Owner: postgres
--



--
-- Data for Name: group_book_reviews; Type: TABLE DATA; Schema: public; Owner: postgres
--



--
-- Data for Name: group_book_swaps; Type: TABLE DATA; Schema: public; Owner: postgres
--



--
-- Data for Name: group_book_wishlist_items; Type: TABLE DATA; Schema: public; Owner: postgres
--



--
-- Data for Name: group_book_wishlists; Type: TABLE DATA; Schema: public; Owner: postgres
--



--
-- Data for Name: group_books; Type: TABLE DATA; Schema: public; Owner: postgres
--



--
-- Data for Name: group_bots; Type: TABLE DATA; Schema: public; Owner: postgres
--



--
-- Data for Name: group_chat_channels; Type: TABLE DATA; Schema: public; Owner: postgres
--



--
-- Data for Name: group_chat_message_attachments; Type: TABLE DATA; Schema: public; Owner: postgres
--



--
-- Data for Name: group_chat_message_reactions; Type: TABLE DATA; Schema: public; Owner: postgres
--



--
-- Data for Name: group_chat_messages; Type: TABLE DATA; Schema: public; Owner: postgres
--



--
-- Data for Name: group_content_moderation_logs; Type: TABLE DATA; Schema: public; Owner: postgres
--



--
-- Data for Name: group_custom_fields; Type: TABLE DATA; Schema: public; Owner: postgres
--



--
-- Data for Name: group_discussion_categories; Type: TABLE DATA; Schema: public; Owner: postgres
--



--
-- Data for Name: group_event_feedback; Type: TABLE DATA; Schema: public; Owner: postgres
--



--
-- Data for Name: group_events; Type: TABLE DATA; Schema: public; Owner: postgres
--



--
-- Data for Name: group_integrations; Type: TABLE DATA; Schema: public; Owner: postgres
--



--
-- Data for Name: group_invites; Type: TABLE DATA; Schema: public; Owner: postgres
--



--
-- Data for Name: group_leaderboards; Type: TABLE DATA; Schema: public; Owner: postgres
--



--
-- Data for Name: group_member_achievements; Type: TABLE DATA; Schema: public; Owner: postgres
--



--
-- Data for Name: group_member_devices; Type: TABLE DATA; Schema: public; Owner: postgres
--



--
-- Data for Name: group_member_streaks; Type: TABLE DATA; Schema: public; Owner: postgres
--



--
-- Data for Name: group_members; Type: TABLE DATA; Schema: public; Owner: postgres
--



--
-- Data for Name: group_membership_questions; Type: TABLE DATA; Schema: public; Owner: postgres
--



--
-- Data for Name: group_moderation_logs; Type: TABLE DATA; Schema: public; Owner: postgres
--



--
-- Data for Name: group_onboarding_checklists; Type: TABLE DATA; Schema: public; Owner: postgres
--



--
-- Data for Name: group_onboarding_progress; Type: TABLE DATA; Schema: public; Owner: postgres
--



--
-- Data for Name: group_onboarding_tasks; Type: TABLE DATA; Schema: public; Owner: postgres
--



--
-- Data for Name: group_poll_votes; Type: TABLE DATA; Schema: public; Owner: postgres
--



--
-- Data for Name: group_polls; Type: TABLE DATA; Schema: public; Owner: postgres
--



--
-- Data for Name: group_reading_challenge_progress; Type: TABLE DATA; Schema: public; Owner: postgres
--



--
-- Data for Name: group_reading_challenges; Type: TABLE DATA; Schema: public; Owner: postgres
--



--
-- Data for Name: group_reading_progress; Type: TABLE DATA; Schema: public; Owner: postgres
--



--
-- Data for Name: group_reading_sessions; Type: TABLE DATA; Schema: public; Owner: postgres
--



--
-- Data for Name: group_reports; Type: TABLE DATA; Schema: public; Owner: postgres
--



--
-- Data for Name: group_roles; Type: TABLE DATA; Schema: public; Owner: postgres
--



--
-- Data for Name: group_rules; Type: TABLE DATA; Schema: public; Owner: postgres
--



--
-- Data for Name: group_shared_documents; Type: TABLE DATA; Schema: public; Owner: postgres
--



--
-- Data for Name: group_tags; Type: TABLE DATA; Schema: public; Owner: postgres
--



--
-- Data for Name: group_types; Type: TABLE DATA; Schema: public; Owner: postgres
--



--
-- Data for Name: group_webhook_logs; Type: TABLE DATA; Schema: public; Owner: postgres
--



--
-- Data for Name: group_webhooks; Type: TABLE DATA; Schema: public; Owner: postgres
--



--
-- Data for Name: group_welcome_messages; Type: TABLE DATA; Schema: public; Owner: postgres
--



--
-- Data for Name: id_mappings; Type: TABLE DATA; Schema: public; Owner: postgres
--



--
-- Data for Name: image_processing_jobs; Type: TABLE DATA; Schema: public; Owner: postgres
--



--
-- Data for Name: image_tag_mappings; Type: TABLE DATA; Schema: public; Owner: postgres
--



--
-- Data for Name: image_tags; Type: TABLE DATA; Schema: public; Owner: postgres
--



--
-- Data for Name: invoices; Type: TABLE DATA; Schema: public; Owner: postgres
--



--
-- Data for Name: likes; Type: TABLE DATA; Schema: public; Owner: postgres
--



--
-- Data for Name: list_followers; Type: TABLE DATA; Schema: public; Owner: postgres
--



--
-- Data for Name: media_attachments; Type: TABLE DATA; Schema: public; Owner: postgres
--



--
-- Data for Name: mentions; Type: TABLE DATA; Schema: public; Owner: postgres
--



--
-- Data for Name: ml_models; Type: TABLE DATA; Schema: public; Owner: postgres
--



--
-- Data for Name: ml_predictions; Type: TABLE DATA; Schema: public; Owner: postgres
--



--
-- Data for Name: ml_training_jobs; Type: TABLE DATA; Schema: public; Owner: postgres
--



--
-- Data for Name: moderation_queue; Type: TABLE DATA; Schema: public; Owner: postgres
--



--
-- Data for Name: nlp_analysis; Type: TABLE DATA; Schema: public; Owner: postgres
--



--
-- Data for Name: notification_queue; Type: TABLE DATA; Schema: public; Owner: postgres
--



--
-- Data for Name: notifications; Type: TABLE DATA; Schema: public; Owner: postgres
--



--
-- Data for Name: payment_methods; Type: TABLE DATA; Schema: public; Owner: postgres
--



--
-- Data for Name: payment_transactions; Type: TABLE DATA; Schema: public; Owner: postgres
--



--
-- Data for Name: performance_metrics; Type: TABLE DATA; Schema: public; Owner: postgres
--



--
-- Data for Name: personalized_recommendations; Type: TABLE DATA; Schema: public; Owner: postgres
--



--
-- Data for Name: photo_album; Type: TABLE DATA; Schema: public; Owner: postgres
--



--
-- Data for Name: photo_analytics; Type: TABLE DATA; Schema: public; Owner: postgres
--



--
-- Data for Name: photo_bookmarks; Type: TABLE DATA; Schema: public; Owner: postgres
--



--
-- Data for Name: photo_community; Type: TABLE DATA; Schema: public; Owner: postgres
--



--
-- Data for Name: photo_likes; Type: TABLE DATA; Schema: public; Owner: postgres
--



--
-- Data for Name: photo_monetization; Type: TABLE DATA; Schema: public; Owner: postgres
--



--
-- Data for Name: photo_shares; Type: TABLE DATA; Schema: public; Owner: postgres
--



--
-- Data for Name: photo_tags; Type: TABLE DATA; Schema: public; Owner: postgres
--



--
-- Data for Name: posts; Type: TABLE DATA; Schema: public; Owner: postgres
--

INSERT INTO "public"."posts" ("id", "user_id", "content", "image_url", "link_url", "created_at", "updated_at", "visibility", "allowed_user_ids", "is_hidden", "is_deleted", "entity_type", "entity_id", "content_type", "metadata", "content_summary", "media_files", "scheduled_at", "published_at", "tags", "categories", "languages", "regions", "content_warnings", "sensitive_content", "age_restriction", "seo_title", "seo_description", "seo_keywords", "publish_status", "view_count", "like_count", "comment_count", "share_count", "bookmark_count", "engagement_score", "trending_score", "is_featured", "is_pinned", "is_verified", "last_activity_at", "enterprise_features") VALUES
	('29d4fb60-b609-47df-89f3-c0ed4bdc19d9', 'e06cdf85-b449-4dcb-b943-068aaad8cfa3', '{"text": "hello"}', NULL, NULL, '2025-08-06 05:59:31.35539+00', '2025-08-06 05:59:31.35539+00', 'public', '{}', false, false, 'user', 'e06cdf85-b449-4dcb-b943-068aaad8cfa3', 'text', '{"platform": "web", "ip_address": "::1", "user_agent": "Mozilla/5.0 (Windows NT 10.0; Win64; x64) AppleWebKit/537.36 (KHTML, like Gecko) Chrome/138.0.0.0 Safari/537.36", "created_via": "api"}', 'hello', '[]', NULL, '2025-08-06 05:59:30.43+00', '{}', '{}', '{en}', '{}', '{}', false, '', 'h', 'h', '{}', 'published', 0, 0, 0, 0, 0, 0, 0, false, false, false, '2025-08-06 05:59:31.35539+00', '{}'),
	('5295339e-d924-4bf8-b6db-f998b04c3254', 'e06cdf85-b449-4dcb-b943-068aaad8cfa3', '{"text": "hello\n"}', NULL, NULL, '2025-08-06 06:17:23.794319+00', '2025-08-06 06:17:23.794319+00', 'public', '{}', false, false, 'user', 'e06cdf85-b449-4dcb-b943-068aaad8cfa3', 'text', '{"platform": "web", "ip_address": "::1", "user_agent": "Mozilla/5.0 (Windows NT 10.0; Win64; x64) AppleWebKit/537.36 (KHTML, like Gecko) Chrome/138.0.0.0 Safari/537.36", "created_via": "api"}', 'hello
', '[]', NULL, '2025-08-06 06:17:23.031+00', '{}', '{}', '{en}', '{}', '{}', false, '', 'h', 'h', '{}', 'published', 0, 0, 0, 0, 0, 0, 0, false, false, false, '2025-08-06 06:17:23.794319+00', '{}'),
	('bf84c662-ba8f-4c17-93c5-c66fc0b3bed0', 'e06cdf85-b449-4dcb-b943-068aaad8cfa3', '{"text": "Hello"}', NULL, NULL, '2025-08-06 12:48:29.887955+00', '2025-08-06 12:48:29.887955+00', 'public', '{}', false, false, 'user', 'e06cdf85-b449-4dcb-b943-068aaad8cfa3', 'text', '{"platform": "web", "ip_address": "::1", "user_agent": "Mozilla/5.0 (Windows NT 10.0; Win64; x64) AppleWebKit/537.36 (KHTML, like Gecko) Chrome/138.0.0.0 Safari/537.36", "created_via": "api"}', 'Hello', '[]', NULL, '2025-08-06 12:48:29.099+00', '{}', '{}', '{en}', '{}', '{}', false, '', 'H', 'H', '{}', 'published', 0, 0, 0, 0, 0, 0, 0, false, false, false, '2025-08-06 12:48:29.887955+00', '{}'),
	('80a59d3e-5bad-4cce-ae27-219ee1ff7a8e', 'e06cdf85-b449-4dcb-b943-068aaad8cfa3', '{"text": "Hello"}', NULL, NULL, '2025-08-06 12:53:32.407233+00', '2025-08-06 12:53:32.407233+00', 'public', '{}', false, false, 'user', 'e06cdf85-b449-4dcb-b943-068aaad8cfa3', 'text', '{"platform": "web", "ip_address": "::1", "user_agent": "Mozilla/5.0 (Windows NT 10.0; Win64; x64) AppleWebKit/537.36 (KHTML, like Gecko) Chrome/138.0.0.0 Safari/537.36", "created_via": "api"}', 'Hello', '[]', NULL, '2025-08-06 12:53:31.545+00', '{}', '{}', '{en}', '{}', '{}', false, '', 'H', 'H', '{}', 'published', 0, 0, 0, 0, 0, 0, 0, false, false, false, '2025-08-06 12:53:32.407233+00', '{}'),
	('d0a0b196-3fef-41da-be12-9aafcd8241c9', 'e06cdf85-b449-4dcb-b943-068aaad8cfa3', '{"text": "hello"}', NULL, NULL, '2025-08-06 12:53:56.635034+00', '2025-08-06 12:53:56.635034+00', 'public', '{}', false, false, 'user', 'e06cdf85-b449-4dcb-b943-068aaad8cfa3', 'text', '{"platform": "web", "ip_address": "::1", "user_agent": "Mozilla/5.0 (Windows NT 10.0; Win64; x64) AppleWebKit/537.36 (KHTML, like Gecko) Chrome/138.0.0.0 Safari/537.36", "created_via": "api"}', 'hello', '[]', NULL, '2025-08-06 12:53:55.782+00', '{}', '{}', '{en}', '{}', '{}', false, '', 'h', 'h', '{}', 'published', 0, 0, 0, 0, 0, 0, 0, false, false, false, '2025-08-06 12:53:56.635034+00', '{}'),
	('a6de2f62-1358-457d-9dbe-20035990a343', 'e06cdf85-b449-4dcb-b943-068aaad8cfa3', '{"text": "With some love"}', NULL, NULL, '2025-08-06 13:10:47.814485+00', '2025-08-06 13:10:47.814485+00', 'public', '{}', false, false, 'user', 'e06cdf85-b449-4dcb-b943-068aaad8cfa3', 'text', '{"platform": "web", "created_at": "2025-08-06T13:10:46.818Z", "ip_address": "::1", "user_agent": "Mozilla/5.0 (Windows NT 10.0; Win64; x64) AppleWebKit/537.36 (KHTML, like Gecko) Chrome/138.0.0.0 Safari/537.36", "api_version": "1.0", "created_via": "api"}', 'With some love', '[]', NULL, '2025-08-06 13:10:46.818+00', '{}', '{}', '{en}', '{}', '{}', false, '', 'W', 'W', '{}', 'published', 0, 0, 0, 0, 0, 0, 0, false, false, false, '2025-08-06 13:10:47.814485+00', '{"seo": {"title": "W", "keywords": [], "description": "W", "canonical_url": null}, "analytics": {"view_count": 0, "trending_score": 0, "engagement_score": 0, "viral_coefficient": 0}, "content_moderation": {"reviewed_at": null, "reviewed_by": null, "auto_flagged": false, "moderation_score": 0}}'),
	('18cb4767-5182-45ca-b657-2275d38a4d02', 'e06cdf85-b449-4dcb-b943-068aaad8cfa3', '{"text": "hello"}', NULL, NULL, '2025-08-10 02:01:44.049943+00', '2025-08-10 02:01:44.049943+00', 'public', '{}', false, false, 'user', 'e06cdf85-b449-4dcb-b943-068aaad8cfa3', 'text', '{"platform": "web", "created_at": "2025-08-10T02:01:43.827Z", "ip_address": "::1", "user_agent": "Mozilla/5.0 (Windows NT 10.0; Win64; x64) AppleWebKit/537.36 (KHTML, like Gecko) Chrome/138.0.0.0 Safari/537.36", "api_version": "1.0", "created_via": "api"}', 'hello', '[]', NULL, '2025-08-10 02:01:43.824+00', '{}', '{}', '{en}', '{}', '{}', false, '', 'h', 'h', '{}', 'published', 0, 0, 0, 0, 0, 0, 0, false, false, false, '2025-08-10 02:01:44.049943+00', '{"seo": {"title": "h", "keywords": [], "description": "h", "canonical_url": null}, "analytics": {"view_count": 0, "trending_score": 0, "engagement_score": 0, "viral_coefficient": 0}, "content_moderation": {"reviewed_at": null, "reviewed_by": null, "auto_flagged": false, "moderation_score": 0}}'),
	('b680736e-8af8-4d86-9fbf-65197c81ae20', 'e06cdf85-b449-4dcb-b943-068aaad8cfa3', '{"text": "Hello world"}', NULL, NULL, '2025-08-10 04:10:26.889729+00', '2025-08-10 04:10:26.889729+00', 'public', '{}', false, false, 'user', 'e06cdf85-b449-4dcb-b943-068aaad8cfa3', 'text', '{"platform": "web", "created_at": "2025-08-10T04:10:26.623Z", "ip_address": "::1", "user_agent": "Mozilla/5.0 (Windows NT 10.0; Win64; x64) AppleWebKit/537.36 (KHTML, like Gecko) Chrome/138.0.0.0 Safari/537.36", "api_version": "1.0", "created_via": "api"}', 'Hello world', '[]', NULL, '2025-08-10 04:10:26.622+00', '{}', '{}', '{en}', '{}', '{}', false, '', 'f', 'f', '{}', 'published', 0, 0, 0, 0, 0, 0, 0, false, false, false, '2025-08-10 04:10:26.889729+00', '{"seo": {"title": "f", "keywords": [], "description": "f", "canonical_url": null}, "analytics": {"view_count": 0, "trending_score": 0, "engagement_score": 0, "viral_coefficient": 0}, "content_moderation": {"reviewed_at": null, "reviewed_by": null, "auto_flagged": false, "moderation_score": 0}}'),
	('55450e75-c1e2-4905-b3a8-152de7be6a73', 'e06cdf85-b449-4dcb-b943-068aaad8cfa3', '{"text": "What is going on now with this thing"}', NULL, NULL, '2025-08-10 04:17:40.188764+00', '2025-08-10 04:17:40.188764+00', 'public', '{}', false, false, 'user', 'e06cdf85-b449-4dcb-b943-068aaad8cfa3', 'text', '{"platform": "web", "created_at": "2025-08-10T04:17:39.982Z", "ip_address": "::1", "user_agent": "Mozilla/5.0 (Windows NT 10.0; Win64; x64) AppleWebKit/537.36 (KHTML, like Gecko) Chrome/138.0.0.0 Safari/537.36", "api_version": "1.0", "created_via": "api"}', 'What is going on now with this thing', '[]', NULL, '2025-08-10 04:17:39.981+00', '{}', '{}', '{en}', '{}', '{}', false, '', 'W', 'W', '{}', 'published', 0, 0, 0, 0, 0, 0, 0, false, false, false, '2025-08-10 04:17:40.188764+00', '{"seo": {"title": "W", "keywords": [], "description": "W", "canonical_url": null}, "analytics": {"view_count": 0, "trending_score": 0, "engagement_score": 0, "viral_coefficient": 0}, "content_moderation": {"reviewed_at": null, "reviewed_by": null, "auto_flagged": false, "moderation_score": 0}}'),
	('1a628bf3-60f3-477e-9128-d4a02ab92d61', 'e06cdf85-b449-4dcb-b943-068aaad8cfa3', '{"text": "Hello world..."}', NULL, NULL, '2025-08-10 23:21:41.592212+00', '2025-08-10 23:21:41.592212+00', 'public', '{}', false, false, 'user', 'e06cdf85-b449-4dcb-b943-068aaad8cfa3', 'text', '{"platform": "web", "created_at": "2025-08-10T23:21:41.240Z", "ip_address": "::1", "user_agent": "Mozilla/5.0 (Windows NT 10.0; Win64; x64) AppleWebKit/537.36 (KHTML, like Gecko) Chrome/138.0.0.0 Safari/537.36", "api_version": "1.0", "created_via": "api"}', 'Hello world...', '[]', NULL, '2025-08-10 23:21:41.237+00', '{}', '{}', '{en}', '{}', '{}', false, '', 'I', 'I', '{}', 'published', 0, 0, 0, 0, 0, 0, 0, false, false, false, '2025-08-10 23:21:41.592212+00', '{"seo": {"title": "I", "keywords": [], "description": "I", "canonical_url": null}, "analytics": {"view_count": 0, "trending_score": 0, "engagement_score": 0, "viral_coefficient": 0}, "content_moderation": {"reviewed_at": null, "reviewed_by": null, "auto_flagged": false, "moderation_score": 0}}'),
	('70bd716e-1805-4c56-bb8a-02699b82c18e', 'e06cdf85-b449-4dcb-b943-068aaad8cfa3', '"This is a test"', NULL, NULL, '2025-08-11 04:43:45.665117+00', '2025-08-18 23:11:00.153802+00', 'public', NULL, false, false, 'user', 'e06cdf85-b449-4dcb-b943-068aaad8cfa3', 'text', '{}', NULL, '[]', NULL, NULL, '{}', '{}', '{}', '{}', '{}', false, NULL, NULL, NULL, '{}', 'published', 0, 0, 0, 0, 0, 0, 0, false, false, false, '2025-08-11 04:43:45.665117+00', '{}'),
	('402e34f7-30c9-403a-aca2-bc315ab78c52', 'e06cdf85-b449-4dcb-b943-068aaad8cfa3', '"What is this"', NULL, NULL, '2025-08-11 04:49:06.444907+00', '2025-08-18 23:11:00.153802+00', 'public', NULL, false, false, 'user', 'e06cdf85-b449-4dcb-b943-068aaad8cfa3', 'text', '{}', NULL, '[]', NULL, NULL, '{}', '{}', '{}', '{}', '{}', false, NULL, NULL, NULL, '{}', 'published', 0, 0, 0, 0, 0, 0, 0, false, false, false, '2025-08-11 04:49:06.444907+00', '{}'),
	('6cb696ab-3bd9-4b8a-b251-5314e0884ea1', 'e06cdf85-b449-4dcb-b943-068aaad8cfa3', '"Testing this thing"', NULL, NULL, '2025-08-11 04:54:46.950365+00', '2025-08-18 23:11:00.153802+00', 'public', NULL, false, false, 'user', 'e06cdf85-b449-4dcb-b943-068aaad8cfa3', 'text', '{}', NULL, '[]', NULL, NULL, '{}', '{}', '{}', '{}', '{}', false, NULL, NULL, NULL, '{}', 'published', 0, 0, 0, 0, 0, 0, 0, false, false, false, '2025-08-11 04:54:46.950365+00', '{}'),
	('d9ac4252-6227-465e-8def-9e66f3857688', 'e06cdf85-b449-4dcb-b943-068aaad8cfa3', '"What is this you made now"', NULL, NULL, '2025-08-11 05:49:06.218+00', '2025-08-18 23:11:00.153802+00', 'public', NULL, false, false, 'user', 'e06cdf85-b449-4dcb-b943-068aaad8cfa3', 'text', '{}', NULL, '[]', NULL, NULL, '{}', '{}', '{}', '{}', '{}', false, NULL, NULL, NULL, '{}', 'published', 0, 0, 0, 0, 0, 0, 0, false, false, false, '2025-08-11 05:49:06.485332+00', '{}'),
	('3080d1a8-14ba-4f8d-9a37-b27da964162b', 'e06cdf85-b449-4dcb-b943-068aaad8cfa3', '"Look at this thing"', NULL, NULL, '2025-08-12 22:47:58.144+00', '2025-08-18 23:11:00.153802+00', 'public', NULL, false, false, 'user', 'e06cdf85-b449-4dcb-b943-068aaad8cfa3', 'text', '{}', NULL, '[]', NULL, NULL, '{}', '{}', '{}', '{}', '{}', false, NULL, NULL, NULL, '{}', 'published', 0, 0, 0, 0, 0, 0, 0, false, false, false, '2025-08-12 22:47:57.352297+00', '{}'),
	('e449fbb8-f193-4efb-bc71-38cb230e598b', 'e06cdf85-b449-4dcb-b943-068aaad8cfa3', '"Testing this thing once again"', NULL, NULL, '2025-08-12 23:13:04.607+00', '2025-08-18 23:11:00.153802+00', 'public', NULL, false, false, 'user', 'e06cdf85-b449-4dcb-b943-068aaad8cfa3', 'text', '{}', NULL, '[]', NULL, NULL, '{}', '{}', '{}', '{}', '{}', false, NULL, NULL, NULL, '{}', 'published', 0, 0, 0, 0, 0, 0, 0, false, false, false, '2025-08-12 23:13:06.30199+00', '{}'),
	('5ff479f7-7395-4872-803d-4d9ee044a489', 'e06cdf85-b449-4dcb-b943-068aaad8cfa3', '"What now"', NULL, NULL, '2025-08-12 23:34:52.383+00', '2025-08-18 23:11:00.153802+00', 'public', NULL, false, false, 'user', 'e06cdf85-b449-4dcb-b943-068aaad8cfa3', 'text', '{}', NULL, '[]', NULL, NULL, '{}', '{}', '{}', '{}', '{}', false, NULL, NULL, NULL, '{}', 'published', 0, 0, 0, 0, 0, 0, 0, false, false, false, '2025-08-12 23:34:53.911299+00', '{}'),
	('358f2ae2-3fcc-4703-b4a4-44d954f640e0', 'e06cdf85-b449-4dcb-b943-068aaad8cfa3', '"Let me test this mess"', NULL, NULL, '2025-08-13 13:30:24.992+00', '2025-08-18 23:11:00.153802+00', 'public', NULL, false, false, 'user', 'e06cdf85-b449-4dcb-b943-068aaad8cfa3', 'text', '{}', NULL, '[]', NULL, NULL, '{}', '{}', '{}', '{}', '{}', false, NULL, NULL, NULL, '{}', 'published', 0, 0, 0, 0, 0, 0, 0, false, false, false, '2025-08-13 13:30:25.362552+00', '{}'),
	('2f97b818-a760-4df4-9745-5f1b7be954fd', '2474659f-003e-4faa-8c53-9969c33f20b2', '"what is this"', NULL, NULL, '2025-08-14 00:29:33.281+00', '2025-08-18 23:11:00.153802+00', 'public', NULL, false, false, 'user', '2474659f-003e-4faa-8c53-9969c33f20b2', 'text', '{}', NULL, '[]', NULL, NULL, '{}', '{}', '{}', '{}', '{}', false, NULL, NULL, NULL, '{}', 'published', 0, 0, 0, 0, 0, 0, 0, false, false, false, '2025-08-14 00:29:33.955573+00', '{}'),
	('96341be8-fa62-4ee1-a09f-834d6453219a', '2474659f-003e-4faa-8c53-9969c33f20b2', '"Hello world"', NULL, NULL, '2025-08-13 14:58:49.342+00', '2025-08-18 23:59:58.405216+00', 'public', NULL, false, true, 'user', '2474659f-003e-4faa-8c53-9969c33f20b2', 'text', '{}', NULL, '[]', NULL, NULL, '{}', '{}', '{}', '{}', '{}', false, NULL, NULL, NULL, '{}', 'deleted', 0, 0, 0, 0, 0, 0, 0, false, false, false, '2025-08-18 23:59:57.369+00', '{}');


--
-- Data for Name: post_bookmarks; Type: TABLE DATA; Schema: public; Owner: postgres
--



--
-- Data for Name: post_comments; Type: TABLE DATA; Schema: public; Owner: postgres
--



--
-- Data for Name: post_reactions; Type: TABLE DATA; Schema: public; Owner: postgres
--



--
-- Data for Name: post_shares; Type: TABLE DATA; Schema: public; Owner: postgres
--



--
-- Data for Name: prices; Type: TABLE DATA; Schema: public; Owner: postgres
--



--
-- Data for Name: privacy_audit_log; Type: TABLE DATA; Schema: public; Owner: postgres
--



--
-- Data for Name: profiles; Type: TABLE DATA; Schema: public; Owner: postgres
--

INSERT INTO "public"."profiles" ("id", "user_id", "bio", "created_at", "updated_at", "role", "avatar_url", "cover_image_url", "birth_date", "gender", "occupation", "education", "interests", "social_links", "phone", "timezone", "language_preference", "profile_completion_percentage", "last_profile_update", "profile_visibility") VALUES
	('e06cdf85-b449-4dcb-b943-068aaad8cfa3', 'e06cdf85-b449-4dcb-b943-068aaad8cfa3', 'Test user bio for Alice Anderson', '2025-07-03 09:08:57.268783+00', '2025-07-03 09:08:57.268783+00', 'super-admin', NULL, NULL, NULL, NULL, NULL, NULL, NULL, NULL, NULL, NULL, 'en', 0, NULL, 'public'),
	('2474659f-003e-4faa-8c53-9969c33f20b2', '2474659f-003e-4faa-8c53-9969c33f20b2', 'Test user bio for Bob Brown', '2025-07-03 09:08:57.268783+00', '2025-07-03 09:08:57.268783+00', 'admin', NULL, NULL, NULL, NULL, NULL, NULL, NULL, NULL, NULL, NULL, 'en', 0, NULL, 'public'),
	('45f98998-ba1d-4439-b2ee-1d403fee0e7c', '45f98998-ba1d-4439-b2ee-1d403fee0e7c', 'Test user bio for Charlie Clark', '2025-07-03 09:08:57.268783+00', '2025-07-03 09:08:57.268783+00', 'user', NULL, NULL, NULL, NULL, NULL, NULL, NULL, NULL, NULL, NULL, 'en', 0, NULL, 'public'),
	('c5b68ab4-e8bc-4291-a646-7f8ab4b99528', 'c5b68ab4-e8bc-4291-a646-7f8ab4b99528', 'Test user bio for Diana Davis', '2025-07-03 09:08:57.268783+00', '2025-07-03 09:08:57.268783+00', 'user', NULL, NULL, NULL, NULL, NULL, NULL, NULL, NULL, NULL, NULL, 'en', 0, NULL, 'public'),
	('355dd8d6-7ef5-46cf-9bad-67fd863cbc88', '355dd8d6-7ef5-46cf-9bad-67fd863cbc88', 'Test user bio for Eve Evans', '2025-07-03 09:08:57.268783+00', '2025-07-03 09:08:57.268783+00', 'user', NULL, NULL, NULL, NULL, NULL, NULL, NULL, NULL, NULL, NULL, 'en', 0, NULL, 'public'),
	('62be2226-e3d4-4b10-951d-13c3972145b1', '62be2226-e3d4-4b10-951d-13c3972145b1', 'Test user bio for Frank Fisher', '2025-07-03 09:08:57.268783+00', '2025-07-03 09:08:57.268783+00', 'user', NULL, NULL, NULL, NULL, NULL, NULL, NULL, NULL, NULL, NULL, 'en', 0, NULL, 'public'),
	('8dd18808-4777-4877-bde1-b54b1d3ffa81', '8dd18808-4777-4877-bde1-b54b1d3ffa81', 'Test user bio for Grace Garcia', '2025-07-03 09:08:57.268783+00', '2025-07-03 09:08:57.268783+00', 'user', NULL, NULL, NULL, NULL, NULL, NULL, NULL, NULL, NULL, NULL, 'en', 0, NULL, 'public'),
	('0d1f32d3-18b4-4aa8-b858-141b139aacd8', '0d1f32d3-18b4-4aa8-b858-141b139aacd8', 'Test user bio for Henry Harris', '2025-07-03 09:08:57.268783+00', '2025-07-03 09:08:57.268783+00', 'user', NULL, NULL, NULL, NULL, NULL, NULL, NULL, NULL, NULL, NULL, 'en', 0, NULL, 'public'),
	('e8f2a30e-de7f-40a4-9772-06fca7419908', 'e8f2a30e-de7f-40a4-9772-06fca7419908', 'Test user bio for Ivy Ivanov', '2025-07-03 09:08:57.268783+00', '2025-07-03 09:08:57.268783+00', 'user', NULL, NULL, NULL, NULL, NULL, NULL, NULL, NULL, NULL, NULL, 'en', 0, NULL, 'public'),
	('b3bd5d6b-e22a-4d61-a4a7-eee77a7063ce', 'b3bd5d6b-e22a-4d61-a4a7-eee77a7063ce', 'Test user bio for Jack Johnson', '2025-07-03 09:08:57.268783+00', '2025-07-03 09:08:57.268783+00', 'user', NULL, NULL, NULL, NULL, NULL, NULL, NULL, NULL, NULL, NULL, 'en', 0, NULL, 'public'),
	('04d0c415-9de4-43dc-99fd-bcc8f980cefc', '04d0c415-9de4-43dc-99fd-bcc8f980cefc', 'Test user bio for Kate King', '2025-07-03 09:08:57.268783+00', '2025-07-03 09:08:57.268783+00', 'user', NULL, NULL, NULL, NULL, NULL, NULL, NULL, NULL, NULL, NULL, 'en', 0, NULL, 'public'),
	('da99da90-51c9-46b6-9b1a-5b28603a2aa7', 'da99da90-51c9-46b6-9b1a-5b28603a2aa7', 'Test user bio for Liam Lee', '2025-07-03 09:08:57.268783+00', '2025-07-03 09:08:57.268783+00', 'user', NULL, NULL, NULL, NULL, NULL, NULL, NULL, NULL, NULL, NULL, 'en', 0, NULL, 'public'),
	('fdcbe6e9-108d-4939-b10f-77b422731a18', 'fdcbe6e9-108d-4939-b10f-77b422731a18', 'Test user bio for Maya Miller', '2025-07-03 09:08:57.268783+00', '2025-07-03 09:08:57.268783+00', 'user', NULL, NULL, NULL, NULL, NULL, NULL, NULL, NULL, NULL, NULL, 'en', 0, NULL, 'public'),
	('deca955d-e8c5-4c28-b190-f3ab7b382748', 'deca955d-e8c5-4c28-b190-f3ab7b382748', 'Test user bio for Noah Nelson', '2025-07-03 09:08:57.268783+00', '2025-07-03 09:08:57.268783+00', 'user', NULL, NULL, NULL, NULL, NULL, NULL, NULL, NULL, NULL, NULL, 'en', 0, NULL, 'public'),
	('97f1407e-dcab-4143-a59e-873634654503', '97f1407e-dcab-4143-a59e-873634654503', 'Test user bio for Olivia O''Connor', '2025-07-03 09:08:57.268783+00', '2025-07-03 09:08:57.268783+00', 'user', NULL, NULL, NULL, NULL, NULL, NULL, NULL, NULL, NULL, NULL, 'en', 0, NULL, 'public'),
	('05b4dc59-ae8e-47a1-8409-936b159c2c22', '05b4dc59-ae8e-47a1-8409-936b159c2c22', 'Test user bio for Paul Parker', '2025-07-03 09:08:57.268783+00', '2025-07-03 09:08:57.268783+00', 'user', NULL, NULL, NULL, NULL, NULL, NULL, NULL, NULL, NULL, NULL, 'en', 0, NULL, 'public'),
	('6bea7109-b400-4124-839e-3fe6466f3ae8', '6bea7109-b400-4124-839e-3fe6466f3ae8', 'Test user bio for Quinn Quinn', '2025-07-03 09:08:57.268783+00', '2025-07-03 09:08:57.268783+00', 'user', NULL, NULL, NULL, NULL, NULL, NULL, NULL, NULL, NULL, NULL, 'en', 0, NULL, 'public'),
	('5969c24a-1dd6-47ec-9e19-e22a0d5ebf40', '5969c24a-1dd6-47ec-9e19-e22a0d5ebf40', 'Test user bio for Ruby Roberts', '2025-07-03 09:08:57.268783+00', '2025-07-03 09:08:57.268783+00', 'user', NULL, NULL, NULL, NULL, NULL, NULL, NULL, NULL, NULL, NULL, 'en', 0, NULL, 'public'),
	('4ca9b634-8557-427f-9b7f-1d8679b7f332', '4ca9b634-8557-427f-9b7f-1d8679b7f332', 'Test user bio for Sam Smith', '2025-07-03 09:08:57.268783+00', '2025-07-03 09:08:57.268783+00', 'user', NULL, NULL, NULL, NULL, NULL, NULL, NULL, NULL, NULL, NULL, 'en', 0, NULL, 'public'),
	('2f4e5e3b-9aa3-45cf-9edf-86815d76f735', '2f4e5e3b-9aa3-45cf-9edf-86815d76f735', 'Test user bio for Tara Taylor', '2025-07-03 09:08:57.268783+00', '2025-07-03 09:08:57.268783+00', 'user', NULL, NULL, NULL, NULL, NULL, NULL, NULL, NULL, NULL, NULL, 'en', 0, NULL, 'public'),
	('78b8de0c-9469-4b38-96bb-c97bbf3d8607', '78b8de0c-9469-4b38-96bb-c97bbf3d8607', 'Test user bio for Uma Upton', '2025-07-03 09:08:57.268783+00', '2025-07-03 09:08:57.268783+00', 'user', NULL, NULL, NULL, NULL, NULL, NULL, NULL, NULL, NULL, NULL, 'en', 0, NULL, 'public'),
	('e81a2715-e3dd-4133-ad2a-e400a74e24ad', 'e81a2715-e3dd-4133-ad2a-e400a74e24ad', 'Test user bio for Victor Vargas', '2025-07-03 09:08:57.268783+00', '2025-07-03 09:08:57.268783+00', 'user', NULL, NULL, NULL, NULL, NULL, NULL, NULL, NULL, NULL, NULL, 'en', 0, NULL, 'public'),
	('c954586e-f506-48b3-ba5d-c6b0d3d561c8', 'c954586e-f506-48b3-ba5d-c6b0d3d561c8', 'Test user bio for Wendy Wilson', '2025-07-03 09:08:57.268783+00', '2025-07-03 09:08:57.268783+00', 'user', NULL, NULL, NULL, NULL, NULL, NULL, NULL, NULL, NULL, NULL, 'en', 0, NULL, 'public'),
	('fcc9099b-5297-418b-b164-adf93af0e0fa', 'fcc9099b-5297-418b-b164-adf93af0e0fa', 'Test user bio for Xander Xavier', '2025-07-03 09:08:57.268783+00', '2025-07-03 09:08:57.268783+00', 'user', NULL, NULL, NULL, NULL, NULL, NULL, NULL, NULL, NULL, NULL, 'en', 0, NULL, 'public'),
	('eb6c0fb9-6baf-4a90-870d-06d87849efa5', 'eb6c0fb9-6baf-4a90-870d-06d87849efa5', 'Test user bio for Yara Young', '2025-07-03 09:08:57.268783+00', '2025-07-03 09:08:57.268783+00', 'user', NULL, NULL, NULL, NULL, NULL, NULL, NULL, NULL, NULL, NULL, 'en', 0, NULL, 'public'),
	('a213628a-3e5a-4471-8b72-001ae4683c31', 'a213628a-3e5a-4471-8b72-001ae4683c31', 'Test user bio for Zoe Zimmerman', '2025-07-03 09:08:57.268783+00', '2025-07-03 09:08:57.268783+00', 'user', NULL, NULL, NULL, NULL, NULL, NULL, NULL, NULL, NULL, NULL, 'en', 0, NULL, 'public'),
	('719afc5a-0063-4fa4-9d8d-f91e8bfacb47', '719afc5a-0063-4fa4-9d8d-f91e8bfacb47', 'Test user bio for Alex Adams', '2025-07-03 09:08:57.268783+00', '2025-07-03 09:08:57.268783+00', 'user', NULL, NULL, NULL, NULL, NULL, NULL, NULL, NULL, NULL, NULL, 'en', 0, NULL, 'public'),
	('dedfeba8-312b-4c56-91a9-9bf0ffe7d0c6', 'dedfeba8-312b-4c56-91a9-9bf0ffe7d0c6', 'Test user bio for Blake Baker', '2025-07-03 09:08:57.268783+00', '2025-07-03 09:08:57.268783+00', 'user', NULL, NULL, NULL, NULL, NULL, NULL, NULL, NULL, NULL, NULL, 'en', 0, NULL, 'public'),
	('b529a24a-4840-4771-919c-baf2142f91a2', 'b529a24a-4840-4771-919c-baf2142f91a2', 'Test user bio for Casey Cooper', '2025-07-03 09:08:57.268783+00', '2025-07-03 09:08:57.268783+00', 'user', NULL, NULL, NULL, NULL, NULL, NULL, NULL, NULL, NULL, NULL, 'en', 0, NULL, 'public'),
	('b474d5f5-cbf2-49af-8d03-2ca4aea11081', 'b474d5f5-cbf2-49af-8d03-2ca4aea11081', 'Test user bio for Drew Dixon', '2025-07-03 09:08:57.268783+00', '2025-07-03 09:08:57.268783+00', 'user', NULL, NULL, NULL, NULL, NULL, NULL, NULL, NULL, NULL, NULL, 'en', 0, NULL, 'public');


--
-- Data for Name: promo_codes; Type: TABLE DATA; Schema: public; Owner: postgres
--



--
-- Data for Name: reactions; Type: TABLE DATA; Schema: public; Owner: postgres
--



--
-- Data for Name: reading_challenges; Type: TABLE DATA; Schema: public; Owner: postgres
--



--
-- Data for Name: reading_goals; Type: TABLE DATA; Schema: public; Owner: postgres
--



--
-- Data for Name: reading_list_items; Type: TABLE DATA; Schema: public; Owner: postgres
--



--
-- Data for Name: reading_progress; Type: TABLE DATA; Schema: public; Owner: postgres
--

INSERT INTO "public"."reading_progress" ("id", "user_id", "status", "progress_percentage", "start_date", "finish_date", "created_at", "updated_at", "book_id", "privacy_level", "allow_friends", "allow_followers", "custom_permissions", "privacy_audit_log") VALUES
	('27abd201-3f8e-4bc4-a76a-253eec68ab9d', 'e06cdf85-b449-4dcb-b943-068aaad8cfa3', 'completed', 0, '2025-07-29 00:59:38.297+00', '2025-07-31 08:10:13.425+00', '2025-07-14 00:00:00.636+00', '2025-07-31 08:10:13.425+00', '9a5909bb-e759-44ab-b8d0-7143482f66e8', 'private', false, false, '[]', '[]'),
	('5bb63919-4d7d-4380-ae64-eec2e4471a54', 'c5b68ab4-e8bc-4291-a646-7f8ab4b99528', 'completed', 0, NULL, '2025-08-03 01:01:59.116+00', '2025-08-03 01:01:59.116+00', '2025-08-03 01:01:59.116+00', '492d0538-5ab2-43bc-bc7b-e538da900639', 'private', false, false, '[]', '[]'),
	('766f4caa-770f-421a-a2e5-d2e99e3eda14', 'c5b68ab4-e8bc-4291-a646-7f8ab4b99528', 'completed', 0, NULL, '2025-08-03 01:02:20.428+00', '2025-08-03 01:02:20.428+00', '2025-08-03 01:02:20.428+00', '9a5909bb-e759-44ab-b8d0-7143482f66e8', 'private', false, false, '[]', '[]'),
	('0d423bf1-fef5-4765-a913-1097f1996330', 'e06cdf85-b449-4dcb-b943-068aaad8cfa3', 'completed', 0, '2025-08-05 21:10:16.771+00', '2025-08-05 21:24:19.906+00', '2025-08-05 21:10:16.771+00', '2025-08-05 21:24:19.906+00', '8366132b-50b4-452a-88b3-cd7368ecfd71', 'private', false, false, '[]', '[]'),
	('902c1610-39ac-4468-873c-347c0596bf04', '2474659f-003e-4faa-8c53-9969c33f20b2', 'completed', 0, '2025-07-31 08:11:08.452+00', '2025-08-17 05:17:01.736+00', '2025-07-31 08:10:54.519+00', '2025-08-17 05:17:01.736+00', '9a5909bb-e759-44ab-b8d0-7143482f66e8', 'private', false, false, '[]', '[]'),
	('fd129338-882d-418e-bad2-3e0044c74746', '2474659f-003e-4faa-8c53-9969c33f20b2', 'in_progress', 0, '2025-08-20 15:13:30.379+00', NULL, '2025-08-20 15:13:30.379+00', '2025-08-20 15:13:30.379+00', '492d0538-5ab2-43bc-bc7b-e538da900639', 'private', false, false, '[]', '[]');


--
-- Data for Name: reading_series; Type: TABLE DATA; Schema: public; Owner: postgres
--



--
-- Data for Name: reading_sessions; Type: TABLE DATA; Schema: public; Owner: postgres
--



--
-- Data for Name: reading_stats_daily; Type: TABLE DATA; Schema: public; Owner: postgres
--



--
-- Data for Name: reading_streaks; Type: TABLE DATA; Schema: public; Owner: postgres
--



--
-- Data for Name: review_likes; Type: TABLE DATA; Schema: public; Owner: postgres
--



--
-- Data for Name: reviews; Type: TABLE DATA; Schema: public; Owner: postgres
--



--
-- Data for Name: series_events; Type: TABLE DATA; Schema: public; Owner: postgres
--



--
-- Data for Name: session_registrations; Type: TABLE DATA; Schema: public; Owner: postgres
--



--
-- Data for Name: shares; Type: TABLE DATA; Schema: public; Owner: postgres
--



--
-- Data for Name: similar_books; Type: TABLE DATA; Schema: public; Owner: postgres
--



--
-- Data for Name: smart_notifications; Type: TABLE DATA; Schema: public; Owner: postgres
--



--
-- Data for Name: social_audit_log; Type: TABLE DATA; Schema: public; Owner: postgres
--

INSERT INTO "public"."social_audit_log" ("id", "user_id", "action_type", "entity_type", "entity_id", "target_id", "action_details", "ip_address", "user_agent", "session_id", "created_at") VALUES
	('ab80f06f-d1f4-4329-a59d-acaa7580f994', '2474659f-003e-4faa-8c53-9969c33f20b2', 'comment_added', 'photo', '44c520f7-43af-4abb-acf6-e00f50b74f3b', '2a8e1652-2843-4f5c-86e2-dfc545f5c939', '{"content": "Thisisatest"}', NULL, NULL, NULL, '2025-07-31 05:31:25.660668+00'),
	('159b2235-2eb8-4517-8e15-0b95bb1fe9c2', '2474659f-003e-4faa-8c53-9969c33f20b2', 'comment_added', 'photo', '718060ac-076b-421e-b052-caa9a837abb4', '5ed79ee7-6951-41a2-81b9-20eb0c489893', '{"content": "I love this book"}', NULL, NULL, NULL, '2025-08-21 03:54:05.918515+00'),
	('12dd532e-2c30-44e1-ba2b-24242b6bb987', '2474659f-003e-4faa-8c53-9969c33f20b2', 'comment_added', 'photo', '0c9a97b5-9bcf-4efc-843c-2b4488bcb3b4', 'd5dcc3e6-d403-47e5-ac10-53bbb52e660b', '{"content": "I love this"}', NULL, NULL, NULL, '2025-08-21 16:10:37.840385+00'),
	('b68bc237-532b-4bad-910b-71106f0533fa', '2474659f-003e-4faa-8c53-9969c33f20b2', 'comment_added', 'photo', '0c9a97b5-9bcf-4efc-843c-2b4488bcb3b4', '8c69a812-d623-4f89-b82c-e086fc375062', '{"content": "This is the second comment for this photo"}', NULL, NULL, NULL, '2025-08-21 16:37:08.961165+00'),
	('52319e9f-3a61-47b2-a39d-60e47ab98f1a', '2474659f-003e-4faa-8c53-9969c33f20b2', 'comment_added', 'photo', '3ed1019b-3cc4-47bd-804d-d88f8b078a86', '2219442d-7b06-4708-a300-b589963880c4', '{"content": "This I love"}', NULL, NULL, NULL, '2025-08-22 00:55:51.861122+00');


--
-- Data for Name: survey_questions; Type: TABLE DATA; Schema: public; Owner: postgres
--



--
-- Data for Name: survey_responses; Type: TABLE DATA; Schema: public; Owner: postgres
--



--
-- Data for Name: sync_state; Type: TABLE DATA; Schema: public; Owner: postgres
--



--
-- Data for Name: system_health_checks; Type: TABLE DATA; Schema: public; Owner: postgres
--



--
-- Data for Name: tags; Type: TABLE DATA; Schema: public; Owner: postgres
--



--
-- Data for Name: ticket_benefits; Type: TABLE DATA; Schema: public; Owner: postgres
--



--
-- Data for Name: ticket_types; Type: TABLE DATA; Schema: public; Owner: postgres
--



--
-- Data for Name: tickets; Type: TABLE DATA; Schema: public; Owner: postgres
--



--
-- Data for Name: trending_topics; Type: TABLE DATA; Schema: public; Owner: postgres
--



--
-- Data for Name: user_activity_log; Type: TABLE DATA; Schema: public; Owner: postgres
--



--
-- Data for Name: user_book_interactions; Type: TABLE DATA; Schema: public; Owner: postgres
--



--
-- Data for Name: user_friends; Type: TABLE DATA; Schema: public; Owner: postgres
--

INSERT INTO "public"."user_friends" ("id", "user_id", "friend_id", "requested_by", "requested_at", "responded_at", "status", "created_at", "updated_at") VALUES
	('0dbbb2cd-7113-4c40-9f79-1f10df1bc0d0', 'c5b68ab4-e8bc-4291-a646-7f8ab4b99528', '719afc5a-0063-4fa4-9d8d-f91e8bfacb47', 'c5b68ab4-e8bc-4291-a646-7f8ab4b99528', '2025-08-02 03:32:44.51+00', NULL, 'pending', '2025-08-02 03:32:44.14876+00', '2025-08-02 03:32:44.14876+00'),
	('d1468910-ed56-43dc-ae7a-a56a8ad33629', 'c5b68ab4-e8bc-4291-a646-7f8ab4b99528', 'dedfeba8-312b-4c56-91a9-9bf0ffe7d0c6', 'c5b68ab4-e8bc-4291-a646-7f8ab4b99528', '2025-08-02 04:06:17.39+00', NULL, 'pending', '2025-08-02 04:06:17.060898+00', '2025-08-02 04:06:17.060898+00'),
	('50846d79-b482-4b1a-9f88-10e76d378b68', 'c5b68ab4-e8bc-4291-a646-7f8ab4b99528', 'b529a24a-4840-4771-919c-baf2142f91a2', 'c5b68ab4-e8bc-4291-a646-7f8ab4b99528', '2025-08-02 04:06:52.298+00', NULL, 'pending', '2025-08-02 04:06:51.931897+00', '2025-08-02 04:06:51.931897+00'),
	('30deba15-ca34-4d2d-adff-ecbc466c9ca8', 'c5b68ab4-e8bc-4291-a646-7f8ab4b99528', '45f98998-ba1d-4439-b2ee-1d403fee0e7c', 'c5b68ab4-e8bc-4291-a646-7f8ab4b99528', '2025-08-02 04:07:15.153+00', NULL, 'pending', '2025-08-02 04:07:14.794095+00', '2025-08-02 04:07:14.794095+00'),
	('473873ab-3db7-4282-92f8-163e23c5781c', 'c5b68ab4-e8bc-4291-a646-7f8ab4b99528', 'b474d5f5-cbf2-49af-8d03-2ca4aea11081', 'c5b68ab4-e8bc-4291-a646-7f8ab4b99528', '2025-08-03 01:00:39.427+00', NULL, 'pending', '2025-08-03 01:00:38.075126+00', '2025-08-03 01:00:38.075126+00'),
	('c8779f07-8069-49b0-b324-faf9961788d3', 'e06cdf85-b449-4dcb-b943-068aaad8cfa3', 'dedfeba8-312b-4c56-91a9-9bf0ffe7d0c6', 'e06cdf85-b449-4dcb-b943-068aaad8cfa3', '2025-08-03 06:27:24.925+00', NULL, 'pending', '2025-08-03 06:27:25.007833+00', '2025-08-03 06:27:25.007833+00'),
	('ac78d035-fdcf-405f-b250-1ab7c8e5628e', '6bea7109-b400-4124-839e-3fe6466f3ae8', 'e06cdf85-b449-4dcb-b943-068aaad8cfa3', '6bea7109-b400-4124-839e-3fe6466f3ae8', '2025-08-03 03:15:13.645+00', '2025-08-05 02:09:19.459+00', 'accepted', '2025-08-03 03:15:12.144222+00', '2025-08-03 03:15:12.144222+00'),
	('0c51e5fe-d630-4fee-88fb-aaf9276ea8e0', 'c5b68ab4-e8bc-4291-a646-7f8ab4b99528', 'e06cdf85-b449-4dcb-b943-068aaad8cfa3', 'c5b68ab4-e8bc-4291-a646-7f8ab4b99528', '2025-08-02 03:31:37.906+00', '2025-08-05 02:11:10.933+00', 'declined', '2025-08-02 03:31:37.479042+00', '2025-08-02 03:31:37.479042+00'),
	('4e3e9bff-7046-4873-af72-566e70df97e8', 'c5b68ab4-e8bc-4291-a646-7f8ab4b99528', '2474659f-003e-4faa-8c53-9969c33f20b2', 'c5b68ab4-e8bc-4291-a646-7f8ab4b99528', '2025-08-02 04:06:37.109+00', '2025-08-13 14:55:37.512+00', 'accepted', '2025-08-02 04:06:36.756687+00', '2025-08-02 04:06:36.756687+00'),
	('2e19d4cf-2146-4893-843b-9d4ac65a2b66', 'e06cdf85-b449-4dcb-b943-068aaad8cfa3', '2474659f-003e-4faa-8c53-9969c33f20b2', 'e06cdf85-b449-4dcb-b943-068aaad8cfa3', '2025-08-13 13:48:48.73+00', '2025-08-13 14:58:15.864+00', 'accepted', '2025-08-13 13:48:48.798695+00', '2025-08-13 13:48:48.798695+00');


--
-- Data for Name: user_privacy_settings; Type: TABLE DATA; Schema: public; Owner: postgres
--



--
-- Data for Name: user_reading_preferences; Type: TABLE DATA; Schema: public; Owner: postgres
--



--
-- Data for Name: buckets; Type: TABLE DATA; Schema: storage; Owner: supabase_storage_admin
--

INSERT INTO "storage"."buckets" ("id", "name", "owner", "created_at", "updated_at", "public", "avif_autodetection", "file_size_limit", "allowed_mime_types", "owner_id") VALUES
	('bookcovers', 'bookcovers', NULL, '2025-03-21 06:56:50.477159+00', '2025-03-21 06:56:50.477159+00', false, false, NULL, NULL, NULL),
	('groups', 'groups', NULL, '2025-05-18 19:00:26.425441+00', '2025-05-18 19:00:26.425441+00', true, false, NULL, NULL, NULL);


--
-- Data for Name: objects; Type: TABLE DATA; Schema: storage; Owner: supabase_storage_admin
--

INSERT INTO "storage"."objects" ("id", "bucket_id", "name", "owner", "created_at", "updated_at", "last_accessed_at", "metadata", "version", "owner_id", "user_metadata") VALUES
	('22ed795d-e6d5-41b7-93f4-9935fd201e8b', 'bookcovers', 'authorsinfo/bookcovers/.emptyFolderPlaceholder', NULL, '2025-03-21 07:10:50.709839+00', '2025-03-21 07:10:50.709839+00', '2025-03-21 07:10:50.709839+00', '{"eTag": "\"d41d8cd98f00b204e9800998ecf8427e\"", "size": 0, "mimetype": "application/octet-stream", "cacheControl": "max-age=3600", "lastModified": "2025-03-21T07:10:51.000Z", "contentLength": 0, "httpStatusCode": 200}', 'caa858ad-794a-4e5e-b780-b81aaa0b26af', NULL, '{}');


--
-- Data for Name: s3_multipart_uploads; Type: TABLE DATA; Schema: storage; Owner: supabase_storage_admin
--



--
-- Data for Name: s3_multipart_uploads_parts; Type: TABLE DATA; Schema: storage; Owner: supabase_storage_admin
--



--
-- Name: refresh_tokens_id_seq; Type: SEQUENCE SET; Schema: auth; Owner: supabase_auth_admin
--

SELECT pg_catalog.setval('"auth"."refresh_tokens_id_seq"', 686, true);


--
-- PostgreSQL database dump complete
--

RESET ALL;
